Customer_ID,Customer_Name,Segment,City,State,Country,Region,Market
LS-172304,Lycoris Saunders,Consumer,Los Angeles,California,United States,West,US
MV-174854,Mark Van Huff,Consumer,Los Angeles,California,United States,West,US
CS-121304,Chad Sievert,Consumer,Los Angeles,California,United States,West,US
AP-109154,Arthur Prichep,Consumer,Los Angeles,California,United States,West,US
JF-154904,Jeremy Farry,Consumer,Los Angeles,California,United States,West,US
WB-218504,William Brown,Consumer,Los Angeles,California,United States,West,US
JA-159704,Joseph Airdo,Consumer,Los Angeles,California,United States,West,US
SP-209204,Susan Pistek,Consumer,Los Angeles,California,United States,West,US
RL-196154,Rob Lucas,Consumer,Los Angeles,California,United States,West,US
KD-163454,Katherine Ducich,Consumer,Los Angeles,California,United States,West,US
JM-161954,Justin MacKendrick,Consumer,Los Angeles,California,United States,West,US
RD-195854,Rob Dowd,Consumer,Los Angeles,California,United States,West,US
AB-101654,Alan Barnes,Consumer,Los Angeles,California,United States,West,US
AR-105404,Andy Reiter,Consumer,Los Angeles,California,United States,West,US
LH-171554,Logan Haushalter,Consumer,Los Angeles,California,United States,West,US
AR-105104,Andrew Roberts,Consumer,Los Angeles,California,United States,West,US
NG-184304,Nathan Gelder,Consumer,Los Angeles,California,United States,West,US
DP-130004,Darren Powers,Consumer,Los Angeles,California,United States,West,US
TS-213404,Toby Swindell,Consumer,Los Angeles,California,United States,West,US
KM-167204,Kunst Miller,Consumer,Los Angeles,California,United States,West,US
AI-108554,Arianne Irving,Consumer,Los Angeles,California,United States,West,US
CL-125654,Clay Ludtke,Consumer,Los Angeles,California,United States,West,US
SW-202454,Scot Wooten,Consumer,Los Angeles,California,United States,West,US
CC-122204,Chris Cortes,Consumer,Los Angeles,California,United States,West,US
LC-171404,Logan Currie,Consumer,Los Angeles,California,United States,West,US
JF-152954,Jason Fortune-,Consumer,Los Angeles,California,United States,West,US
JO-152804,Jas O'Carroll,Consumer,Los Angeles,California,United States,West,US
TB-216254,Trudy Brown,Consumer,Los Angeles,California,United States,West,US
TT-210704,Ted Trevino,Consumer,Los Angeles,California,United States,West,US
DO-134354,Denny Ordway,Consumer,Los Angeles,California,United States,West,US
LS-172454,Lynn Smith,Consumer,Los Angeles,California,United States,West,US
OT-187304,Olvera Toch,Consumer,Los Angeles,California,United States,West,US
BD-113204,Bill Donatelli,Consumer,Los Angeles,California,United States,West,US
MV-181904,Mike Vittorini,Consumer,Los Angeles,California,United States,West,US
GT-147554,Guy Thornton,Consumer,Los Angeles,California,United States,West,US
CC-123704,Christopher Conant,Consumer,Los Angeles,California,United States,West,US
JM-155804,Jill Matthias,Consumer,Los Angeles,California,United States,West,US
PS-187604,Pamela Stobb,Consumer,Los Angeles,California,United States,West,US
CC-124754,Cindy Chapman,Consumer,Los Angeles,California,United States,West,US
JE-157454,Joel Eaton,Consumer,Los Angeles,California,United States,West,US
XP-218654,Xylona Preis,Consumer,Los Angeles,California,United States,West,US
SO-203354,Sean O'Donnell,Consumer,Los Angeles,California,United States,West,US
CK-125954,Clytie Kelty,Consumer,Los Angeles,California,United States,West,US
LL-168404,Lauren Leatherbury,Consumer,Los Angeles,California,United States,West,US
DD-135704,Dorothy Dickinson,Consumer,Los Angeles,California,United States,West,US
DV-134654,Dianna Vittorini,Consumer,Los Angeles,California,United States,West,US
CC-126704,Craig Carreira,Consumer,Los Angeles,California,United States,West,US
TT-212204,Thomas Thornton,Consumer,Los Angeles,California,United States,West,US
TB-215204,Tracy Blumstein,Consumer,Los Angeles,California,United States,West,US
KT-164804,Kean Thornton,Consumer,Los Angeles,California,United States,West,US
LC-170504,Liz Carlisle,Consumer,Los Angeles,California,United States,West,US
JM-158654,John Murray,Consumer,Los Angeles,California,United States,West,US
DB-136604,Duane Benoit,Consumer,Los Angeles,California,United States,West,US
GA-147254,Guy Armstrong,Consumer,Los Angeles,California,United States,West,US
EP-139154,Emily Phan,Consumer,Los Angeles,California,United States,West,US
CC-125504,Clay Cheatham,Consumer,Los Angeles,California,United States,West,US
SR-207404,Steven Roelle,Home Office,Los Angeles,California,United States,West,US
AY-105554,Andy Yotov,Corporate,Los Angeles,California,United States,West,US
AH-100304,Aaron Hawkins,Corporate,Los Angeles,California,United States,West,US
VF-217154,Vicky Freymann,Home Office,Los Angeles,California,United States,West,US
JM-152654,Janet Molinari,Corporate,Los Angeles,California,United States,West,US
GG-146504,Greg Guthrie,Corporate,Los Angeles,California,United States,West,US
PL-189254,Paul Lucas,Home Office,Los Angeles,California,United States,West,US
MA-175604,Matt Abelman,Home Office,Los Angeles,California,United States,West,US
MC-181304,Mike Caudle,Corporate,Los Angeles,California,United States,West,US
AM-103604,Alice McCarthy,Corporate,Los Angeles,California,United States,West,US
BP-110954,Bart Pistole,Corporate,Los Angeles,California,United States,West,US
DE-132554,Deanra Eno,Home Office,Los Angeles,California,United States,West,US
AJ-107804,Anthony Jacobs,Corporate,Los Angeles,California,United States,West,US
CG-120404,Catherine Glotzbach,Home Office,Los Angeles,California,United States,West,US
MO-178004,Meg O'Connel,Home Office,Los Angeles,California,United States,West,US
RW-195404,Rick Wilson,Corporate,Los Angeles,California,United States,West,US
YC-218954,Yoseph Carroll,Corporate,Los Angeles,California,United States,West,US
SN-207104,Steve Nguyen,Home Office,Los Angeles,California,United States,West,US
DB-129703,Darren Budd,Corporate,Los Angeles,California,United States,West,US
SM-203204,Sean Miller,Home Office,Los Angeles,California,United States,West,US
SC-200504,Sample Company A,Home Office,Los Angeles,California,United States,West,US
SM-209504,Suzanne McNair,Corporate,Los Angeles,California,United States,West,US
RD-198104,Ross DeVincentis,Home Office,Los Angeles,California,United States,West,US
KF-162854,Karen Ferguson,Home Office,Los Angeles,California,United States,West,US
RS-194204,Ricardo Sperren,Corporate,Los Angeles,California,United States,West,US
NL-183104,Nancy Lomonaco,Home Office,Los Angeles,California,United States,West,US
RB-197954,Ross Baird,Home Office,Los Angeles,California,United States,West,US
AH-100754,Adam Hart,Corporate,Los Angeles,California,United States,West,US
SC-202304,Scot Coram,Corporate,Los Angeles,California,United States,West,US
JS-156854,Jim Sink,Corporate,Los Angeles,California,United States,West,US
LA-167804,Laura Armstrong,Corporate,Los Angeles,California,United States,West,US
CW-119054,Carl Weiss,Home Office,Los Angeles,California,United States,West,US
TH-212354,Tiffany House,Corporate,Los Angeles,California,United States,West,US
AP-107204,Anne Pryor,Home Office,Los Angeles,California,United States,West,US
HG-149654,Henry Goldwyn,Corporate,Los Angeles,California,United States,West,US
GK-146204,Grace Kelly,Corporate,Los Angeles,California,United States,West,US
BT-115304,Bradley Talbott,Home Office,Los Angeles,California,United States,West,US
NS-186404,Noel Staavos,Corporate,Los Angeles,California,United States,West,US
SS-201404,Saphhira Shifley,Corporate,Los Angeles,California,United States,West,US
RS-197654,Roland Schwarz,Corporate,Los Angeles,California,United States,West,US
CS-122504,Chris Selesnick,Corporate,Los Angeles,California,United States,West,US
RB-194654,Rick Bensley,Home Office,Los Angeles,California,United States,West,US
FH-142754,Frank Hawley,Corporate,Los Angeles,California,United States,West,US
JL-158354,John Lee,Consumer,Los Angeles,California,United States,West,US
MH-172904,Marc Harrigan,Home Office,Los Angeles,California,United States,West,US
BH-117104,Brosina Hoffman,Consumer,Los Angeles,California,United States,West,US
FM-142154,Filia McAdams,Corporate,Los Angeles,California,United States,West,US
AR-108254,Anthony Rawles,Corporate,Los Angeles,California,United States,West,US
AB-102554,Alejandro Ballentine,Home Office,Los Angeles,California,United States,West,US
TC-215354,Tracy Collins,Home Office,Los Angeles,California,United States,West,US
RB-194354,Richard Bierner,Consumer,Los Angeles,California,United States,West,US
FP-143204,Frank Preis,Consumer,Los Angeles,California,United States,West,US
MC-178454,Michael Chen,Consumer,Los Angeles,California,United States,West,US
AZ-107504,Annie Zypern,Consumer,Los Angeles,California,United States,West,US
PC-190004,Pauline Chand,Home Office,Los Angeles,California,United States,West,US
GB-145304,George Bell,Corporate,Los Angeles,California,United States,West,US
SN-205604,Skye Norling,Home Office,Los Angeles,California,United States,West,US
FC-142454,Frank Carlisle,Home Office,Los Angeles,California,United States,West,US
PG-188954,Paul Gonzalez,Consumer,Los Angeles,California,United States,West,US
PW-190304,Pauline Webber,Corporate,Los Angeles,California,United States,West,US
TS-214304,Tom Stivers,Corporate,Los Angeles,California,United States,West,US
LR-169154,Lena Radford,Consumer,Los Angeles,California,United States,West,US
CS-119504,Carlos Soltero,Consumer,Los Angeles,California,United States,West,US
TB-212504,Tim Brockman,Consumer,Los Angeles,California,United States,West,US
MS-173654,Maribeth Schnelling,Consumer,Los Angeles,California,United States,West,US
FH-143654,Fred Hopkins,Corporate,Los Angeles,California,United States,West,US
TT-214604,Tonja Turnell,Home Office,Los Angeles,California,United States,West,US
ED-138854,Emily Ducich,Home Office,Los Angeles,California,United States,West,US
SP-208604,Sung Pak,Corporate,Los Angeles,California,United States,West,US
BP-110504,Barry Pond,Corporate,Los Angeles,California,United States,West,US
TB-214004,Tom Boeckenhauer,Consumer,Los Angeles,California,United States,West,US
EA-140354,Erin Ashbrook,Corporate,Los Angeles,California,United States,West,US
BW-112004,Ben Wallace,Consumer,Los Angeles,California,United States,West,US
SC-208004,Stuart Calhoun,Consumer,Los Angeles,California,United States,West,US
DP-131054,Dave Poirier,Corporate,Los Angeles,California,United States,West,US
SC-205754,Sonia Cooley,Consumer,Los Angeles,California,United States,West,US
RW-196904,Robert Waldorf,Consumer,Los Angeles,California,United States,West,US
ZC-219104,Zuschuss Carroll,Consumer,Los Angeles,California,United States,West,US
JE-157154,Joe Elijah,Consumer,Los Angeles,California,United States,West,US
AT-104354,Alyssa Tate,Home Office,Los Angeles,California,United States,West,US
BN-115154,Bradley Nguyen,Consumer,Los Angeles,California,United States,West,US
PO-188654,Patrick O'Donnell,Consumer,Los Angeles,California,United States,West,US
PS-189704,Paul Stevenson,Home Office,Los Angeles,California,United States,West,US
BB-109904,Barry Blumstein,Corporate,Los Angeles,California,United States,West,US
TS-213704,Todd Sumrall,Corporate,Los Angeles,California,United States,West,US
SS-204104,Shahid Shariari,Consumer,Los Angeles,California,United States,West,US
JD-161504,Justin Deggeller,Corporate,Los Angeles,California,United States,West,US
SC-200954,Sanjit Chand,Consumer,Los Angeles,California,United States,West,US
JB-159254,Joni Blumstein,Consumer,Los Angeles,California,United States,West,US
CD-127904,Cynthia Delaney,Home Office,Los Angeles,California,United States,West,US
MM-182804,Muhammed MacIntyre,Corporate,Los Angeles,California,United States,West,US
CS-124004,Christopher Schild,Home Office,Los Angeles,California,United States,West,US
CM-121904,Charlotte Melton,Consumer,Los Angeles,California,United States,West,US
HM-148604,Harry Marie,Corporate,Los Angeles,California,United States,West,US
KD-162704,Karen Daniels,Consumer,Los Angeles,California,United States,West,US
MC-175754,Matt Collins,Consumer,Los Angeles,California,United States,West,US
MC-176354,Matthew Clasen,Corporate,Los Angeles,California,United States,West,US
DV-130454,Darrin Van Huff,Corporate,Los Angeles,California,United States,West,US
LB-167354,Larry Blacks,Consumer,Los Angeles,California,United States,West,US
PF-192254,Phillip Flathmann,Consumer,Los Angeles,California,United States,West,US
EM-140954,Eudokia Martin,Corporate,Los Angeles,California,United States,West,US
JP-161354,Julie Prescott,Home Office,Los Angeles,California,United States,West,US
CV-128054,Cynthia Voltz,Corporate,Los Angeles,California,United States,West,US
JK-153254,Jason Klamczynski,Corporate,Los Angeles,California,United States,West,US
SC-207254,Steven Cartwright,Consumer,Los Angeles,California,United States,West,US
MT-180704,Michelle Tran,Home Office,Los Angeles,California,United States,West,US
ZD-219254,Zuschuss Donatelli,Consumer,Los Angeles,California,United States,West,US
GA-145154,George Ashbrook,Consumer,Los Angeles,California,United States,West,US
JB-160004,Joy Bell-,Consumer,Los Angeles,California,United States,West,US
BM-115754,Brendan Murry,Corporate,Los Angeles,California,United States,West,US
GH-144104,Gary Hansen,Home Office,Los Angeles,California,United States,West,US
BF-111704,Ben Ferrer,Home Office,Los Angeles,California,United States,West,US
BT-113954,Bill Tyler,Corporate,Los Angeles,California,United States,West,US
LS-169454,Linda Southworth,Corporate,Los Angeles,California,United States,West,US
HG-150254,Hunter Glantz,Consumer,Los Angeles,California,United States,West,US
SB-201854,Sarah Brown,Consumer,Los Angeles,California,United States,West,US
CC-121454,Charles Crestani,Consumer,Los Angeles,California,United States,West,US
AM-107054,Anne McFarland,Consumer,Los Angeles,California,United States,West,US
YS-218804,Yana Sorensen,Corporate,Los Angeles,California,United States,West,US
AG-109004,Arthur Gainer,Consumer,Los Angeles,California,United States,West,US
AH-106904,Anna Häberlin,Corporate,Los Angeles,California,United States,West,US
JH-159104,Jonathan Howell,Consumer,Los Angeles,California,United States,West,US
SB-201704,Sarah Bern,Consumer,Los Angeles,California,United States,West,US
KD-166154,Ken Dana,Corporate,Los Angeles,California,United States,West,US
KN-163904,Katherine Nockton,Corporate,Los Angeles,California,United States,West,US
RA-192854,Ralph Arnett,Consumer,Los Angeles,California,United States,West,US
KD-164954,Keith Dawkins,Corporate,Los Angeles,California,United States,West,US
PV-189854,Paul Van Hugh,Home Office,Los Angeles,California,United States,West,US
KE-164204,Katrina Edelman,Corporate,Los Angeles,California,United States,West,US
MA-179954,Michelle Arnett,Home Office,Los Angeles,California,United States,West,US
JC-161054,Julie Creighton,Corporate,Los Angeles,California,United States,West,US
AB-106004,Ann Blume,Corporate,Los Angeles,California,United States,West,US
TT-212654,Tim Taslimi,Corporate,Los Angeles,California,United States,West,US
CB-120254,Cassandra Brandow,Consumer,Los Angeles,California,United States,West,US
SC-204404,Shaun Chance,Corporate,Los Angeles,California,United States,West,US
RP-198554,Roy Phan,Corporate,Los Angeles,California,United States,West,US
RM-196754,Robert Marley,Home Office,Los Angeles,California,United States,West,US
KT-164654,Kean Takahito,Consumer,Los Angeles,California,United States,West,US
JB-154004,Jennifer Braxton,Corporate,Los Angeles,California,United States,West,US
TZ-215804,Tracy Zic,Consumer,Los Angeles,California,United States,West,US
BF-110054,Barry Franz,Home Office,Los Angeles,California,United States,West,US
AS-102404,Alan Shonely,Consumer,Los Angeles,California,United States,West,US
RA-198854,Ruben Ausman,Corporate,Los Angeles,California,United States,West,US
KM-166604,Khloe Miller,Consumer,Los Angeles,California,United States,West,US
CA-120554,Cathy Armstrong,Home Office,Los Angeles,California,United States,West,US
EH-137654,Edward Hooks,Corporate,Los Angeles,California,United States,West,US
JD-158954,Jonathan Doherty,Corporate,Los Angeles,California,United States,West,US
MC-176054,Matt Connell,Corporate,Los Angeles,California,United States,West,US
GM-144404,Gary McGarr,Consumer,Los Angeles,California,United States,West,US
GZ-145454,George Zrebassa,Corporate,Los Angeles,California,United States,West,US
AT-107354,Annie Thurman,Consumer,Los Angeles,California,United States,West,US
KB-162404,Karen Bern,Corporate,Los Angeles,California,United States,West,US
CS-125054,Cindy Stewart,Consumer,Los Angeles,California,United States,West,US
MC-181004,Mick Crebagga,Consumer,Los Angeles,California,United States,West,US
BD-116054,Brian Dahlen,Consumer,San Francisco,California,United States,West,US
CA-122654,Christina Anderson,Consumer,San Francisco,California,United States,West,US
DK-128354,Damala Kotsonis,Corporate,San Francisco,California,United States,West,US
AA-103154,Alex Avila,Consumer,San Francisco,California,United States,West,US
PK-189104,Paul Knutson,Home Office,San Francisco,California,United States,West,US
CM-124454,Chuck Magee,Consumer,San Francisco,California,United States,West,US
DS-130304,Darrin Sayre,Home Office,San Francisco,California,United States,West,US
ME-180104,Michelle Ellison,Corporate,San Francisco,California,United States,West,US
NP-183254,Naresj Patel,Consumer,San Francisco,California,United States,West,US
NC-185354,Nick Crebassa,Corporate,San Francisco,California,United States,West,US
KL-166454,Ken Lonsdale,Consumer,San Francisco,California,United States,West,US
SS-205904,Sonia Sunley,Consumer,San Francisco,California,United States,West,US
VP-217604,Victoria Pisteka,Corporate,San Francisco,California,United States,West,US
DP-133904,Dennis Pardue,Home Office,San Francisco,California,United States,West,US
JK-156404,Jim Kriz,Home Office,San Francisco,California,United States,West,US
ES-140204,Erica Smith,Consumer,San Francisco,California,United States,West,US
HF-149954,Herbert Flentye,Consumer,San Francisco,California,United States,West,US
JD-160604,Julia Dunbar,Consumer,San Francisco,California,United States,West,US
SJ-205004,Shirley Jackson,Consumer,San Francisco,California,United States,West,US
DN-136904,Duane Noonan,Consumer,San Francisco,California,United States,West,US
RP-192704,Rachel Payne,Corporate,San Francisco,California,United States,West,US
SH-203954,Shahid Hopkins,Consumer,San Francisco,California,United States,West,US
JP-155204,Jeremy Pistek,Consumer,San Francisco,California,United States,West,US
SC-202604,Scott Cohen,Corporate,San Francisco,California,United States,West,US
TS-212054,Thomas Seio,Corporate,San Francisco,California,United States,West,US
DH-136754,Duane Huffman,Home Office,San Francisco,California,United States,West,US
SG-204704,Sheri Gordon,Consumer,San Francisco,California,United States,West,US
AH-102104,Alan Hwang,Consumer,San Francisco,California,United States,West,US
AJ-107954,Anthony Johnson,Corporate,San Francisco,California,United States,West,US
JL-151754,James Lanier,Home Office,San Francisco,California,United States,West,US
KB-165854,Ken Black,Corporate,San Francisco,California,United States,West,US
PO-188504,Patrick O'Brill,Consumer,San Francisco,California,United States,West,US
LC-168704,Lena Cacioppo,Consumer,San Francisco,California,United States,West,US
HA-149204,Helen Andreada,Consumer,San Francisco,California,United States,West,US
DS-131804,David Smith,Corporate,San Francisco,California,United States,West,US
DB-131204,David Bremer,Corporate,San Francisco,California,United States,West,US
RH-195104,Rick Huthwaite,Home Office,San Francisco,California,United States,West,US
NB-186554,Nona Balk,Corporate,San Francisco,California,United States,West,US
AJ-109454,Ashley Jarboe,Consumer,San Francisco,California,United States,West,US
AF-108704,Art Ferguson,Consumer,San Francisco,California,United States,West,US
MT-178154,Meg Tillman,Consumer,San Francisco,California,United States,West,US
TS-211604,Theresa Swint,Corporate,San Francisco,California,United States,West,US
DK-132254,Dean Katz,Corporate,San Francisco,California,United States,West,US
BT-116804,Brian Thompson,Consumer,San Francisco,California,United States,West,US
EB-139304,Eric Barreto,Consumer,San Francisco,California,United States,West,US
RD-199004,Ruben Dartt,Consumer,San Francisco,California,United States,West,US
AA-106454,Anna Andreadi,Consumer,San Francisco,California,United States,West,US
RB-193604,Raymond Buch,Consumer,San Francisco,California,United States,West,US
DL-134954,Dionis Lloyd,Corporate,San Francisco,California,United States,West,US
BC-111254,Becky Castell,Home Office,San Francisco,California,United States,West,US
RW-196304,Rob Williams,Corporate,San Francisco,California,United States,West,US
PK-190754,Pete Kriz,Consumer,San Francisco,California,United States,West,US
SZ-200354,Sam Zeldin,Home Office,San Francisco,California,United States,West,US
CC-124304,Chuck Clark,Home Office,San Francisco,California,United States,West,US
GM-146954,Greg Maxwell,Corporate,San Francisco,California,United States,West,US
JW-160754,Julia West,Consumer,San Francisco,California,United States,West,US
PC-187454,Pamela Coakley,Corporate,San Francisco,California,United States,West,US
RO-197804,Rose O'Brian,Consumer,San Francisco,California,United States,West,US
RR-193154,Ralph Ritter,Consumer,San Francisco,California,United States,West,US
HJ-148754,Heather Jas,Home Office,San Francisco,California,United States,West,US
MK-181604,Mike Kennedy,Consumer,San Francisco,California,United States,West,US
DB-136154,Doug Bickford,Consumer,San Francisco,California,United States,West,US
SP-206204,Stefania Perrino,Corporate,San Francisco,California,United States,West,US
CM-123854,Christopher Martinez,Consumer,San Francisco,California,United States,West,US
TM-210104,Tamara Manning,Consumer,San Francisco,California,United States,West,US
CJ-120104,Caroline Jumper,Consumer,San Francisco,California,United States,West,US
VG-217904,Vivek Gonzalez,Consumer,San Francisco,California,United States,West,US
MM-179204,Michael Moore,Consumer,San Francisco,California,United States,West,US
EH-141254,Eugene Hildebrand,Home Office,San Francisco,California,United States,West,US
SH-199754,Sally Hughsby,Corporate,San Francisco,California,United States,West,US
BS-113804,Bill Stewart,Corporate,San Francisco,California,United States,West,US
JO-155504,Jesus Ocampo,Home Office,San Francisco,California,United States,West,US
DJ-135104,Don Jones,Corporate,San Francisco,California,United States,West,US
DK-129854,Darren Koutras,Consumer,San Francisco,California,United States,West,US
MM-180554,Michelle Moray,Consumer,San Francisco,California,United States,West,US
CS-121754,Charles Sheldon,Corporate,San Francisco,California,United States,West,US
MH-176204,Matt Hagelstein,Corporate,San Francisco,California,United States,West,US
EC-140504,Erin Creighton,Consumer,San Francisco,California,United States,West,US
EM-139604,Eric Murdock,Consumer,San Francisco,California,United States,West,US
BD-117254,Bruce Degenhardt,Consumer,San Francisco,California,United States,West,US
JK-153704,Jay Kimmel,Consumer,San Francisco,California,United States,West,US
NP-187004,Nora Preis,Consumer,San Francisco,California,United States,West,US
LR-170354,Lisa Ryan,Corporate,San Francisco,California,United States,West,US
MS-177704,Maxwell Schwartz,Consumer,San Francisco,California,United States,West,US
AG-103004,Aleksandra Gannaway,Corporate,San Francisco,California,United States,West,US
RD-194804,Rick Duston,Consumer,San Francisco,California,United States,West,US
CY-127454,Craig Yedwab,Corporate,San Francisco,California,United States,West,US
BS-117554,Bruce Stewart,Consumer,San Francisco,California,United States,West,US
NK-184904,Neil Knudson,Home Office,San Francisco,California,United States,West,US
FG-142604,Frank Gastineau,Home Office,San Francisco,California,United States,West,US
HH-150104,Hilary Holden,Corporate,San Francisco,California,United States,West,US
JK-152054,Jamie Kunitz,Consumer,San Francisco,California,United States,West,US
FM-142904,Frank Merwin,Home Office,San Francisco,California,United States,West,US
PJ-188354,Patrick Jones,Corporate,San Francisco,California,United States,West,US
PG-188204,Patrick Gardner,Consumer,San Francisco,California,United States,West,US
BD-115004,Bradley Drucker,Consumer,San Francisco,California,United States,West,US
VW-217754,Victoria Wilson,Corporate,San Francisco,California,United States,West,US
KH-165104,Keith Herrera,Consumer,San Francisco,California,United States,West,US
AS-102254,Alan Schoenberger,Corporate,San Francisco,California,United States,West,US
DM-133454,Denise Monton,Corporate,San Francisco,California,United States,West,US
GZ-144704,Gary Zandusky,Consumer,San Francisco,California,United States,West,US
KH-166904,Kristen Hastings,Corporate,San Francisco,California,United States,West,US
NM-184454,Nathan Mautz,Home Office,San Francisco,California,United States,West,US
RD-197204,Roger Demir,Consumer,San Francisco,California,United States,West,US
GR-145604,Georgia Rosenberg,Corporate,San Francisco,California,United States,West,US
SC-206804,Steve Carroll,Home Office,San Francisco,California,United States,West,US
LS-169754,Lindsay Shagiari,Home Office,San Francisco,California,United States,West,US
EH-140054,Erica Hernandez,Home Office,San Francisco,California,United States,West,US
CK-127604,Cyma Kinney,Corporate,San Francisco,California,United States,West,US
NZ-185654,Nick Zandusky,Home Office,San Francisco,California,United States,West,US
DJ-134204,Denny Joy,Corporate,San Francisco,California,United States,West,US
GT-147104,Greg Tran,Consumer,San Francisco,California,United States,West,US
KC-162554,Karen Carlisle,Corporate,San Francisco,California,United States,West,US
DW-135854,Dorothy Wardle,Corporate,San Francisco,California,United States,West,US
AS-102854,Alejandro Savely,Corporate,San Francisco,California,United States,West,US
AH-101204,Adrian Hane,Home Office,San Francisco,California,United States,West,US
AD-101804,Alan Dominguez,Home Office,San Francisco,California,United States,West,US
LW-169904,Lindsay Williams,Corporate,San Francisco,California,United States,West,US
TS-216104,Troy Staebel,Consumer,San Francisco,California,United States,West,US
MP-181754,Mike Pelletier,Home Office,San Francisco,California,United States,West,US
PR-188804,Patrick Ryan,Consumer,San Francisco,California,United States,West,US
EJ-137204,Ed Jacobs,Consumer,San Diego,California,United States,West,US
DB-132704,Deborah Brumfield,Home Office,San Diego,California,United States,West,US
MH-177854,Maya Herman,Corporate,San Diego,California,United States,West,US
TH-211004,Thea Hendricks,Consumer,San Diego,California,United States,West,US
AS-100904,Adam Shillingsburg,Consumer,San Diego,California,United States,West,US
BW-111104,Bart Watters,Corporate,San Diego,California,United States,West,US
BG-117404,Bruce Geld,Consumer,San Diego,California,United States,West,US
PF-191654,Philip Fox,Consumer,San Diego,California,United States,West,US
SB-202904,Sean Braxton,Corporate,San Diego,California,United States,West,US
BS-118004,Bryan Spruell,Home Office,San Diego,California,United States,West,US
JF-153554,Jay Fein,Consumer,San Diego,California,United States,West,US
MZ-173354,Maria Zettner,Home Office,San Diego,California,United States,West,US
JG-158054,John Grady,Corporate,San Diego,California,United States,West,US
BS-116654,Brian Stugart,Consumer,San Diego,California,United States,West,US
DK-133754,Dennis Kane,Consumer,San Diego,California,United States,West,US
MG-178904,Michael Granlund,Home Office,San Diego,California,United States,West,US
JK-161204,Julie Kriz,Home Office,San Diego,California,United States,West,US
IG-150854,Ivan Gibson,Consumer,San Diego,California,United States,West,US
MJ-177404,Max Jones,Consumer,San Diego,California,United States,West,US
KC-165404,Kelly Collister,Consumer,San Diego,California,United States,West,US
JW-152204,Jane Waco,Corporate,San Diego,California,United States,West,US
IM-150704,Irene Maddox,Consumer,San Diego,California,United States,West,US
KA-165254,Kelly Andreada,Consumer,San Diego,California,United States,West,US
SW-204554,Shaun Weien,Consumer,San Diego,California,United States,West,US
AJ-109604,Astrea Jones,Consumer,San Diego,California,United States,West,US
SW-202754,Scott Williamson,Consumer,San Diego,California,United States,West,US
TC-212954,Toby Carlisle,Consumer,San Diego,California,United States,West,US
BT-113054,Beth Thompson,Home Office,San Gabriel,California,United States,West,US
GM-146804,Greg Matthias,Consumer,San Jose,California,United States,West,US
LT-167654,Larry Tron,Consumer,Escondido,California,United States,West,US
NR-185504,Nick Radford,Consumer,Chula Vista,California,United States,West,US
FA-142304,Frank Atkinson,Corporate,Long Beach,California,United States,West,US
SE-201104,Sanjit Engle,Consumer,San Jose,California,United States,West,US
DF-131354,David Flashing,Consumer,Vallejo,California,United States,West,US
TN-210404,Tanja Norvell,Home Office,Manteca,California,United States,West,US
LW-168254,Laurel Workman,Corporate,Brentwood,California,United States,West,US
LS-172004,Luke Schmidt,Corporate,Fresno,California,United States,West,US
MD-173504,Maribeth Dona,Consumer,Anaheim,California,United States,West,US
BK-112604,Berenike Kampe,Consumer,San Bernardino,California,United States,West,US
NC-184154,Nathan Cano,Consumer,Santa Maria,California,United States,West,US
SP-206504,Stephanie Phelps,Corporate,San Jose,California,United States,West,US
CS-123554,Christine Sundaresam,Consumer,Long Beach,California,United States,West,US
ON-187154,Odella Nelson,Corporate,Yucaipa,California,United States,West,US
RE-194504,Richard Eichhorn,Consumer,Oakland,California,United States,West,US
RA-199454,Ryan Akin,Consumer,Murrieta,California,United States,West,US
NM-185204,Neoma Murray,Consumer,Moreno Valley,California,United States,West,US
TG-216404,Trudy Glocke,Consumer,Long Beach,California,United States,West,US
MY-173804,Maribeth Yedwab,Corporate,Rancho Cucamonga,California,United States,West,US
SG-200804,Sandra Glassco,Consumer,Redlands,California,United States,West,US
MZ-175154,Mary Zewe,Corporate,Redlands,California,United States,West,US
EK-137954,Eileen Kiefer,Home Office,Santa Ana,California,United States,West,US
HA-149054,Helen Abelman,Consumer,San Jose,California,United States,West,US
DW-134804,Dianna Wilson,Home Office,Oakland,California,United States,West,US
VM-218354,Vivian Mathis,Consumer,Mission Viejo,California,United States,West,US
SV-207854,Stewart Visinsky,Consumer,Santa Ana,California,United States,West,US
CK-122054,Chloris Kastensmidt,Consumer,Santa Clara,California,United States,West,US
RC-198254,Roy Collins,Consumer,Pasadena,California,United States,West,US
RF-197354,Roland Fjeld,Consumer,San Jose,California,United States,West,US
LB-167954,Laurel Beltran,Home Office,Huntington Beach,California,United States,West,US
JH-159854,Joseph Holt,Consumer,Redondo Beach,California,United States,West,US
LP-170954,Liz Preis,Consumer,Visalia,California,United States,West,US
EB-141104,Eugene Barchas,Consumer,San Jose,California,United States,West,US
DL-128654,Dan Lawera,Consumer,Long Beach,California,United States,West,US
DB-129104,Daniel Byrd,Home Office,Lake Forest,California,United States,West,US
LC-168854,Lena Creighton,Consumer,Roseville,California,United States,West,US
RF-198404,Roy Französisch,Consumer,Pasadena,California,United States,West,US
JC-153404,Jasper Cacioppo,Consumer,Riverside,California,United States,West,US
SC-203054,Sean Christensen,Consumer,San Jose,California,United States,West,US
EM-141404,Eugene Moren,Home Office,Santa Ana,California,United States,West,US
FO-143054,Frank Olsen,Consumer,Sacramento,California,United States,West,US
JF-151904,Jamie Frazer,Consumer,Long Beach,California,United States,West,US
FC-143354,Fred Chung,Corporate,Torrance,California,United States,West,US
BM-111404,Becky Martin,Consumer,Santa Barbara,California,United States,West,US
CV-122954,Christina VanderZanden,Consumer,Fresno,California,United States,West,US
DH-130754,Dave Hallsten,Corporate,Fairfield,California,United States,West,US
LW-172154,Luke Weiss,Consumer,Pasadena,California,United States,West,US
TS-216554,Trudy Schmidt,Consumer,Rancho Cucamonga,California,United States,West,US
NH-186104,Nicole Hansen,Corporate,Pomona,California,United States,West,US
JL-155054,Jeremy Lonsdale,Consumer,Westminster,California,United States,West,US
DR-128804,Dan Reichenbach,Corporate,Inglewood,California,United States,West,US
AW-108404,Anthony Witt,Consumer,Bakersfield,California,United States,West,US
EJ-141554,Eva Jacobs,Consumer,Santa Ana,California,United States,West,US
JK-157304,Joe Kamberova,Consumer,Lodi,California,United States,West,US
NS-185054,Neola Schneider,Consumer,San Jose,California,United States,West,US
MC-172754,Marc Crier,Consumer,Camarillo,California,United States,West,US
JE-161654,Justin Ellison,Corporate,Woodland,California,United States,West,US
MC-175904,Matt Collister,Corporate,Coachella,California,United States,West,US
TB-211904,Thomas Brumley,Home Office,Riverside,California,United States,West,US
BB-115454,Brenda Bowman,Corporate,Oakland,California,United States,West,US
BN-114704,Brad Norvell,Corporate,Brentwood,California,United States,West,US
LF-171854,Luke Foster,Consumer,Inglewood,California,United States,West,US
KM-162254,Kalyca Meade,Corporate,Sunnyvale,California,United States,West,US
CA-123104,Christine Abelman,Corporate,Anaheim,California,United States,West,US
SA-208304,Sue Ann Reed,Consumer,Moreno Valley,California,United States,West,US
GM-145004,Gene McClure,Consumer,Fresno,California,United States,West,US
EM-138254,Elizabeth Moffitt,Corporate,Moreno Valley,California,United States,West,US
KM-163754,Katherine Murray,Home Office,Thousand Oaks,California,United States,West,US
PS-190454,Penelope Sewall,Home Office,Oceanside,California,United States,West,US
SJ-201254,Sanjit Jacobs,Home Office,Long Beach,California,United States,West,US
DL-133154,Delfina Latchford,Consumer,Rancho Cucamonga,California,United States,West,US
DB-130604,Dave Brooks,Consumer,Costa Mesa,California,United States,West,US
BD-115604,Brendan Dodson,Home Office,Fresno,California,United States,West,US
CD-119204,Carlos Daly,Consumer,Oceanside,California,United States,West,US
KB-164054,Katrina Bavinger,Home Office,Apple Valley,California,United States,West,US
KH-166304,Ken Heidel,Corporate,Santa Ana,California,United States,West,US
EB-137504,Edward Becker,Corporate,Laguna Niguel,California,United States,West,US
AG-103304,Alex Grayson,Consumer,Stockton,California,United States,West,US
BG-116954,Brooke Gillingham,Corporate,Watertown,New York,United States,East,US
GT-146354,Grant Thornton,Corporate,Long Beach,New York,United States,East,US
KN-167054,Kristina Nunn,Home Office,New Rochelle,New York,United States,East,US
TC-209804,Tamara Chand,Corporate,Long Beach,New York,United States,East,US
BV-112454,Benjamin Venier,Corporate,Oceanside,New York,United States,East,US
NP-186854,Nora Pelletier,Home Office,Niagara Falls,New York,United States,East,US
ND-184604,Neil Ducich,Corporate,Mount Vernon,New York,United States,East,US
BE-113354,Bill Eplett,Home Office,Rome,New York,United States,East,US
AB-101504,Aimee Bixby,Consumer,Yonkers,New York,United States,East,US
BM-117854,Bryan Mills,Consumer,Rochester,New York,United States,East,US
DL-129254,Daniel Lacy,Consumer,Long Beach,New York,United States,East,US
KB-163154,Karl Braun,Consumer,Freeport,New York,United States,East,US
CB-124154,Christy Brittain,Consumer,Long Beach,New York,United States,East,US
TB-210554,Ted Butterfield,Consumer,Troy,New York,United States,East,US
MG-176954,Maureen Gnade,Consumer,Buffalo,New York,United States,East,US
ND-183704,Natalie DeCherney,Consumer,Long Beach,New York,United States,East,US
EG-139004,Emily Grady,Consumer,Oceanside,New York,United States,East,US
CM-122354,Chris McAfee,Consumer,Watertown,New York,United States,East,US
JW-159554,Joni Wasserman,Consumer,Long Beach,New York,United States,East,US
HL-150404,Hunter Lopez,Consumer,Rochester,New York,United States,East,US
BT-114404,Bobby Trafton,Consumer,New York City,New York,United States,East,US
TB-212804,Toby Braunhardt,Consumer,New York City,New York,United States,East,US
AG-103904,Allen Goldenen,Consumer,New York City,New York,United States,East,US
DM-130154,Darrin Martin,Consumer,New York City,New York,United States,East,US
MW-182204,Mitch Webber,Consumer,New York City,New York,United States,East,US
LD-170054,Lisa DeCherney,Consumer,New York City,New York,United States,East,US
KH-163304,Katharine Harms,Corporate,New York City,New York,United States,East,US
PB-191504,Philip Brown,Consumer,New York City,New York,United States,East,US
LC-169604,Lindsay Castell,Home Office,New York City,New York,United States,East,US
JH-158204,John Huston,Consumer,New York City,New York,United States,East,US
JL-158504,John Lucas,Consumer,New York City,New York,United States,East,US
NW-184004,Natalie Webber,Consumer,New York City,New York,United States,East,US
EN-137804,Edward Nazzal,Consumer,New York City,New York,United States,East,US
TH-215504,Tracy Hopkins,Home Office,New York City,New York,United States,East,US
BS-115904,Brendan Sweed,Corporate,New York City,New York,United States,East,US
AG-105254,Andy Gerbode,Corporate,New York City,New York,United States,East,US
PF-191204,Peter Fuller,Consumer,New York City,New York,United States,East,US
JJ-154454,Jennifer Jackson,Consumer,New York City,New York,United States,East,US
PO-191804,Philisse Overcash,Home Office,New York City,New York,United States,East,US
MC-174254,Mark Cousins,Corporate,New York City,New York,United States,East,US
RR-195254,Rick Reed,Corporate,New York City,New York,United States,East,US
TB-211754,Thomas Boland,Corporate,New York City,New York,United States,East,US
CS-124904,Cindy Schnelling,Corporate,New York City,New York,United States,East,US
SM-200054,Sally Matthias,Consumer,New York City,New York,United States,East,US
SU-206654,Stephanie Ulpright,Home Office,New York City,New York,United States,East,US
SW-207554,Steven Ward,Corporate,New York City,New York,United States,East,US
HW-149354,Helen Wasserman,Corporate,New York City,New York,United States,East,US
JP-154604,Jennifer Patt,Corporate,New York City,New York,United States,East,US
MG-178754,Michael Grace,Home Office,New York City,New York,United States,East,US
CM-126554,Corinna Mitchell,Home Office,New York City,New York,United States,East,US
DB-134054,Denny Blanton,Consumer,New York City,New York,United States,East,US
HR-148304,Harold Ryan,Corporate,New York City,New York,United States,East,US
TD-209954,Tamara Dahlen,Consumer,New York City,New York,United States,East,US
SK-199904,Sally Knutson,Consumer,New York City,New York,United States,East,US
CS-118604,Cari Schnelling,Consumer,New York City,New York,United States,East,US
AC-106154,Ann Chong,Corporate,New York City,New York,United States,East,US
SV-203654,Seth Vernon,Consumer,New York City,New York,United States,East,US
KW-164354,Katrina Willman,Consumer,New York City,New York,United States,East,US
CR-127304,Craig Reiter,Consumer,New York City,New York,United States,East,US
TA-213854,Tom Ashbrook,Home Office,New York City,New York,United States,East,US
LO-171704,Lori Olson,Corporate,New York City,New York,United States,East,US
DG-133004,Deirdre Greer,Corporate,New York City,New York,United States,East,US
CS-124604,Chuck Sachs,Consumer,New York City,New York,United States,East,US
BF-110804,Bart Folk,Consumer,New York City,New York,United States,East,US
DJ-136304,Doug Jacobs,Consumer,New York City,New York,United States,East,US
JF-154154,Jennifer Ferguson,Consumer,New York City,New York,United States,East,US
SG-208904,Susan Gilcrest,Corporate,New York City,New York,United States,East,US
BF-109754,Barbara Fisher,Corporate,New York City,New York,United States,East,US
EM-140654,Erin Mull,Consumer,New York City,New York,United States,East,US
PP-189554,Paul Prost,Home Office,New York City,New York,United States,East,US
DC-128504,Dan Campbell,Consumer,New York City,New York,United States,East,US
SL-201554,Sara Luxemburg,Home Office,New York City,New York,United States,East,US
NF-185954,Nicole Fjeld,Home Office,New York City,New York,United States,East,US
JM-155354,Jessica Myrick,Consumer,New York City,New York,United States,East,US
RB-197054,Roger Barcio,Home Office,New York City,New York,United States,East,US
BO-114254,Bobby Odegard,Consumer,New York City,New York,United States,East,US
MP-174704,Mark Packer,Home Office,New York City,New York,United States,East,US
BM-116504,Brian Moss,Corporate,New York City,New York,United States,East,US
JE-154754,Jeremy Ellison,Consumer,New York City,New York,United States,East,US
DW-135404,Don Weiss,Consumer,New York City,New York,United States,East,US
SF-202004,Sarah Foster,Consumer,New York City,New York,United States,East,US
LM-170654,Liz MacKendrick,Consumer,New York City,New York,United States,East,US
DL-133304,Denise Leinenbach,Consumer,New York City,New York,United States,East,US
TB-213554,Todd Boyes,Corporate,New York City,New York,United States,East,US
MH-174404,Mark Haberlin,Corporate,New York City,New York,United States,East,US
LC-169304,Linda Cazamias,Corporate,New York City,New York,United States,East,US
SR-204254,Sharelle Roach,Home Office,New York City,New York,United States,East,US
RP-193904,Resi Pölking,Consumer,New York City,New York,United States,East,US
DM-135254,Don Miller,Corporate,New York City,New York,United States,East,US
CC-126854,Craig Carroll,Consumer,New York City,New York,United States,East,US
Dp-132404,Dean percer,Home Office,New York City,New York,United States,East,US
AB-101054,Adrian Barton,Consumer,New York City,New York,United States,East,US
SP-205454,Sibella Parks,Corporate,New York City,New York,United States,East,US
FM-143804,Fred McMath,Consumer,New York City,New York,United States,East,US
PN-187754,Parhena Norris,Home Office,New York City,New York,United States,East,US
BD-117704,Bryan Davis,Consumer,New York City,New York,United States,East,US
MB-173054,Maria Bertelson,Consumer,New York City,New York,United States,East,US
EB-138404,Ellis Ballard,Corporate,New York City,New York,United States,East,US
JG-151604,James Galang,Consumer,New York City,New York,United States,East,US
AH-104654,Amy Hunt,Consumer,New York City,New York,United States,East,US
MR-175454,Mathew Reese,Home Office,New York City,New York,United States,East,US
CR-128204,Cyra Reiten,Home Office,New York City,New York,United States,East,US
VP-217304,Victor Preis,Home Office,New York City,New York,United States,East,US
CP-123404,Christine Phan,Corporate,New York City,New York,United States,East,US
BW-110654,Barry Weirich,Consumer,New York City,New York,United States,East,US
MH-174554,Mark Hamilton,Consumer,New York City,New York,United States,East,US
AS-100454,Aaron Smayling,Corporate,New York City,New York,United States,East,US
RH-194954,Rick Hansen,Consumer,New York City,New York,United States,East,US
RA-199154,Russell Applegate,Consumer,New York City,New York,United States,East,US
CM-121154,Chad McGuire,Consumer,New York City,New York,United States,East,US
MF-182504,Monica Federle,Corporate,New York City,New York,United States,East,US
VD-216704,Valerie Dominguez,Consumer,New York City,New York,United States,East,US
AC-104504,Amy Cox,Consumer,New York City,New York,United States,East,US
JL-152354,Janet Lee,Consumer,New York City,New York,United States,East,US
BD-116354,Brian Derr,Consumer,New York City,New York,United States,East,US
SG-206054,Speros Goranitis,Consumer,New York City,New York,United States,East,US
GB-145754,Giulietta Baptist,Consumer,New York City,New York,United States,East,US
JM-152504,Janet Martin,Consumer,New York City,New York,United States,East,US
AB-100604,Adam Bellavance,Home Office,New York City,New York,United States,East,US
NC-183404,Nat Carroll,Consumer,New York City,New York,United States,East,US
RM-197504,Roland Murray,Consumer,New York City,New York,United States,East,US
JC-157754,John Castell,Consumer,New York City,New York,United States,East,US
AR-104054,Allen Rosenblatt,Corporate,New York City,New York,United States,East,US
HZ-149504,Henia Zydlo,Consumer,New York City,New York,United States,East,US
BP-111554,Becky Pak,Consumer,New York City,New York,United States,East,US
HG-148454,Harry Greene,Consumer,New York City,New York,United States,East,US
CD-122804,Christina DeMoss,Consumer,New York City,New York,United States,East,US
CD-119804,Carol Darley,Consumer,New York City,New York,United States,East,US
AS-101354,Adrian Shami,Home Office,New York City,New York,United States,East,US
AA-103754,Allen Armold,Consumer,New York City,New York,United States,East,US
DK-131504,David Kendrick,Corporate,New York City,New York,United States,East,US
AB-100154,Aaron Bergman,Consumer,Seattle,Washington,United States,West,US
BS-113654,Bill Shonely,Corporate,Seattle,Washington,United States,West,US
RD-196604,Robert Dilbeck,Home Office,Seattle,Washington,United States,West,US
SC-203804,Shahid Collister,Consumer,Seattle,Washington,United States,West,US
MH-180254,Michelle Huthwaite,Consumer,Seattle,Washington,United States,West,US
ME-177254,Max Engle,Consumer,Seattle,Washington,United States,West,US
TW-210254,Tamara Willingham,Home Office,Seattle,Washington,United States,West,US
CM-118154,Candace McMahon,Corporate,Seattle,Washington,United States,West,US
MS-175304,MaryBeth Skach,Consumer,Seattle,Washington,United States,West,US
VM-216854,Valerie Mitchum,Home Office,Seattle,Washington,United States,West,US
LP-170804,Liz Pelletier,Consumer,Seattle,Washington,United States,West,US
TP-214154,Tom Prescott,Consumer,Seattle,Washington,United States,West,US
CS-118454,Cari Sayre,Corporate,Seattle,Washington,United States,West,US
BP-111854,Ben Peterman,Corporate,Seattle,Washington,United States,West,US
KB-166004,Ken Brennan,Corporate,Seattle,Washington,United States,West,US
ML-173954,Marina Lichtenstein,Corporate,Seattle,Washington,United States,West,US
CM-127154,Craig Molinari,Corporate,Seattle,Washington,United States,West,US
Dl-136004,Dorris liebe,Corporate,Seattle,Washington,United States,West,US
GH-144254,Gary Hwang,Consumer,Seattle,Washington,United States,West,US
EB-141704,Evan Bailliet,Consumer,Seattle,Washington,United States,West,US
JD-160154,Joy Daniels,Consumer,Seattle,Washington,United States,West,US
AS-106304,Ann Steele,Home Office,Seattle,Washington,United States,West,US
TR-213254,Toby Ritter,Consumer,Seattle,Washington,United States,West,US
AH-105854,Angele Hood,Consumer,Seattle,Washington,United States,West,US
RB-195704,Rob Beeghly,Consumer,Seattle,Washington,United States,West,US
FH-143504,Fred Harton,Consumer,Seattle,Washington,United States,West,US
DK-128954,Dana Kaydos,Consumer,Seattle,Washington,United States,West,US
CK-123254,Christine Kargatis,Home Office,Seattle,Washington,United States,West,US
KC-166754,Kimberly Carter,Corporate,Seattle,Washington,United States,West,US
EH-139904,Erica Hackney,Consumer,Bellevue,Washington,United States,West,US
JK-156254,Jim Karlsson,Consumer,Olympia,Washington,United States,West,US
CR-125804,Clay Rozendal,Home Office,Bellevue,Washington,United States,West,US
JC-153854,Jenna Caffey,Consumer,Kent,Washington,United States,West,US
IM-150554,Ionia McGrath,Consumer,Las Vegas,Nevada,United States,West,US
AG-102704,Alejandro Grove,Consumer,West Jordan,Utah,United States,West,US
NF-184754,Neil Französisch,Home Office,Reno,Nevada,United States,West,US
DB-133604,Dennis Bolton,Home Office,Salt Lake City,Utah,United States,West,US
ST-205304,Shui Tom,Consumer,Albuquerque,New Mexico,United States,West,US
IL-151004,Ivan Liston,Consumer,North Las Vegas,Nevada,United States,West,US
PB-188054,Patrick Bzostek,Home Office,Salt Lake City,Utah,United States,West,US
KL-165554,Kelly Lampkin,Corporate,Reno,Nevada,United States,West,US
BF-112154,Benjamin Farhat,Home Office,Albuquerque,New Mexico,United States,West,US
DW-131954,David Wiener,Corporate,Albuquerque,New Mexico,United States,West,US
SV-208154,Stuart Van,Corporate,Orem,Utah,United States,West,US
JM-156554,Jim Mitchum,Corporate,Carlsbad,New Mexico,United States,West,US
SV-209354,Susan Vittorini,Consumer,Albuquerque,New Mexico,United States,West,US
MY-182954,Muhammed Yedwab,Corporate,Baltimore,Maryland,United States,East,US
RF-193454,Randy Ferguson,Corporate,Dover,New Hampshire,United States,East,US
RM-193754,Raymond Messe,Consumer,Meriden,Connecticut,United States,East,US
SS-205154,Shirley Schmidt,Home Office,Newark,Delaware,United States,East,US
TH-211154,Thea Hudgings,Corporate,Newark,Delaware,United States,East,US
JE-156104,Jim Epp,Corporate,Concord,New Hampshire,United States,East,US
ML-174104,Maris LaWare,Consumer,Fairfield,Connecticut,United States,East,US
CB-125354,Claudia Bergmann,Corporate,Newark,Delaware,United States,East,US
PW-192404,Pierre Wener,Consumer,Columbia,Maryland,United States,East,US
LE-168104,Laurel Elliston,Consumer,Newark,Delaware,United States,East,US
BE-114554,Brad Eason,Home Office,Providence,Rhode Island,United States,East,US
MP-179654,Michael Paige,Corporate,Middletown,Connecticut,United States,East,US
SF-209654,Sylvia Foulston,Corporate,Wilmington,Delaware,United States,East,US
HP-148154,Harold Pawlan,Home Office,Concord,New Hampshire,United States,East,US
PM-191354,Peter McVee,Home Office,Dover,New Hampshire,United States,East,US
BT-114854,Brad Thomas,Home Office,Clinton,Maryland,United States,East,US
DK-130904,Dave Kipp,Consumer,Clinton,Maryland,United States,East,US
CP-120854,Cathy Prescott,Corporate,Norwich,Connecticut,United States,East,US
JR-156704,Jim Radford,Consumer,Middletown,Connecticut,United States,East,US
MF-176654,Maureen Fritzler,Corporate,Columbia,Maryland,United States,East,US
DR-129404,Daniel Raglin,Home Office,Providence,Rhode Island,United States,East,US
MK-179054,Michael Kennedy,Corporate,Manchester,Connecticut,United States,East,US
HE-148004,Harold Engle,Corporate,Newark,Delaware,United States,East,US
TC-214754,Tony Chapman,Home Office,Washington,District of Columbia,United States,East,US
DA-134504,Dianna Arnett,Home Office,Washington,District of Columbia,United States,East,US
MN-179354,Michael Nguyen,Consumer,Clinton,Maryland,United States,East,US
NG-183554,Nat Gilpin,Corporate,Fairfield,Connecticut,United States,East,US
DB-135554,Dorothy Badders,Corporate,Newark,Delaware,United States,East,US
MD-178604,Michael Dominguez,Corporate,Laurel,Maryland,United States,East,US
LW-171254,Liz Willingham,Consumer,Norwich,Connecticut,United States,East,US
MM-172604,Magdelene Morse,Consumer,Wilmington,Delaware,United States,East,US
GM-144554,Gary Mitchum,Home Office,Concord,New Hampshire,United States,East,US
EL-137354,Ed Ludwig,Home Office,Columbia,Maryland,United States,East,US
JG-153104,Jason Gross,Corporate,Providence,Rhode Island,United States,East,US
CT-119954,Carol Triggs,Consumer,Lawrence,Massachusetts,United States,East,US
SS-208754,Sung Shariari,Consumer,Leominster,Massachusetts,United States,East,US
HD-147854,Harold Dahlen,Home Office,Cambridge,Massachusetts,United States,East,US
GP-147404,Guy Phonely,Corporate,Leominster,Massachusetts,United States,East,US
DO-136454,Doug O'Connell,Consumer,Lawrence,Massachusetts,United States,East,US
EM-138104,Eleni McCrary,Corporate,Franklin,Massachusetts,United States,East,US
AR-103454,Alex Russell,Corporate,Lawrence,Massachusetts,United States,East,US
CL-118904,Carl Ludwig,Consumer,Everett,Massachusetts,United States,East,US
SF-200654,Sandra Flanagan,Consumer,Everett,Massachusetts,United States,East,US
CR-126254,Corey Roper,Home Office,Lakewood,New Jersey,United States,East,US
EH-139454,Eric Hoffmann,Consumer,Plainfield,New Jersey,United States,East,US
PO-191954,Phillina Ober,Home Office,Bayonne,New Jersey,United States,East,US
ES-140804,Erin Smith,Corporate,Lakewood,New Jersey,United States,East,US
SD-204854,Shirley Daniels,Home Office,Orange,New Jersey,United States,East,US
VG-218054,Vivek Grady,Corporate,Lakewood,New Jersey,United States,East,US
CA-127754,Cynthia Arntzen,Consumer,Vineland,New Jersey,United States,East,US
LT-171104,Liz Thompson,Consumer,Orange,New Jersey,United States,East,US
TC-211454,Theresa Coyne,Corporate,Lakewood,New Jersey,United States,East,US
NP-186704,Nora Paige,Consumer,Lakewood,New Jersey,United States,East,US
DB-132104,Dean Braden,Consumer,Paterson,New Jersey,United States,East,US
JO-151454,Jack O'Briant,Corporate,Athens,Georgia,United States,South,US
RB-196454,Robert Barroso,Corporate,Atlanta,Georgia,United States,South,US
KS-163004,Karen Seio,Corporate,Columbus,Georgia,United States,South,US
LH-169004,Lena Hernandez,Consumer,Columbus,Georgia,United States,South,US
JS-158804,John Stevenson,Consumer,Atlanta,Georgia,United States,South,US
JB-160454,Julia Barnett,Home Office,Columbus,Georgia,United States,South,US
AR-105704,Anemone Ratner,Consumer,Columbus,Georgia,United States,South,US
TP-211304,Theone Pippenger,Consumer,Columbus,Georgia,United States,South,US
DC-132854,Debra Catini,Consumer,Warner Robins,Georgia,United States,South,US
VB-217454,Victoria Brennan,Corporate,Columbus,Georgia,United States,South,US
ME-173204,Maria Etezadi,Home Office,Columbus,Georgia,United States,South,US
MH-181154,Mick Hernandez,Home Office,Columbus,Georgia,United States,South,US
BF-112754,Beth Fritzler,Corporate,Columbus,Georgia,United States,South,US
PB-191054,Peter Bühler,Consumer,Smyrna,Georgia,United States,South,US
AG-106754,Anna Gayman,Consumer,Columbus,Georgia,United States,South,US
JK-160904,Juliana Krohn,Consumer,Louisville,Kentucky,United States,South,US
GW-146054,Giulietta Weimer,Consumer,Henderson,Kentucky,United States,South,US
KH-163604,Katherine Hughes,Consumer,Louisville,Kentucky,United States,South,US
MS-177104,Maurice Satty,Consumer,Auburn,Alabama,United States,South,US
FW-143954,Fred Wasserman,Corporate,Huntsville,Alabama,United States,South,US
SC-207704,Stewart Carmichael,Corporate,Decatur,Alabama,United States,South,US
Co-126404,Corey-Lock,Consumer,Florence,South Carolina,United States,South,US
JS-160304,Joy Smith,Consumer,Hattiesburg,Mississippi,United States,South,US
CA-119654,Carol Adams,Corporate,Hoover,Alabama,United States,South,US
NF-183854,Natalie Fritzler,Consumer,Chesapeake,Virginia,United States,South,US
GD-145904,Giulietta Dortch,Corporate,Arlington,Virginia,United States,South,US
MW-182354,Mitch Willingham,Corporate,Virginia Beach,Virginia,United States,South,US
AG-107654,Anthony Garverick,Home Office,Hampton,Virginia,United States,South,US
JJ-157604,Joel Jenkins,Home Office,Springfield,Virginia,United States,South,US
RH-196004,Rob Haberlin,Consumer,Hampton,Virginia,United States,South,US
ML-177554,Max Ludwig,Home Office,Suffolk,Virginia,United States,South,US
JF-155654,Jill Fjeld,Consumer,Newport News,Virginia,United States,South,US
QJ-192554,Quincy Jones,Corporate,Springfield,Virginia,United States,South,US
EM-142004,Evan Minnotte,Home Office,Virginia Beach,Virginia,United States,South,US
BG-110354,Barry Gonzalez,Consumer,Springfield,Virginia,United States,South,US
NC-186254,Noah Childs,Corporate,Columbus,Indiana,United States,Central,US
PA-190604,Pete Armstrong,Home Office,Richmond,Indiana,United States,Central,US
RK-193004,Ralph Kennedy,Consumer,South Bend,Indiana,United States,Central,US
SC-206954,Steve Chapman,Corporate,Richmond,Indiana,United States,Central,US
AC-106604,Anna Chung,Consumer,Lawrence,Indiana,United States,Central,US
CC-121004,Chad Cunningham,Home Office,Columbus,Indiana,United States,Central,US
HR-147704,Hallie Redmond,Home Office,Richmond,Indiana,United States,Central,US
JR-162104,Justin Ritter,Corporate,Columbus,Indiana,United States,Central,US
ER-138554,Elpida Rittenbach,Corporate,Saint Paul,Minnesota,United States,Central,US
BO-113504,Bill Overfelt,Corporate,Roseville,Minnesota,United States,Central,US
AW-109304,Arthur Wiediger,Home Office,Minneapolis,Minnesota,United States,Central,US
JS-159404,Joni Sundaresam,Home Office,Appleton,Wisconsin,United States,Central,US
KW-165704,Kelly Williams,Consumer,Kirkwood,Missouri,United States,Central,US
MS-179804,Michael Stewart,Corporate,Springfield,Missouri,United States,Central,US
SW-203504,Sean Wendt,Home Office,Omaha,Nebraska,United States,Central,US
AA-104804,Andrew Allen,Consumer,Springfield,Missouri,United States,Central,US
MB-180854,Mick Brown,Consumer,Springfield,Missouri,United States,Central,US
BP-112304,Benjamin Patterson,Consumer,Broken Arrow,Oklahoma,United States,Central,US
TM-214904,Tony Molinari,Consumer,Oklahoma City,Oklahoma,United States,Central,US
CL-127004,Craig Leslie,Home Office,Springfield,Missouri,United States,Central,US
MG-176504,Matthew Grinstein,Home Office,Milwaukee,Wisconsin,United States,Central,US
BF-110204,Barry Französisch,Corporate,Green Bay,Wisconsin,United States,Central,US
BD-116204,Brian DeCherney,Consumer,Lawton,Oklahoma,United States,Central,US
RS-198704,Roy Skaria,Home Office,Burlington,Iowa,United States,Central,US
PM-189404,Paul MacIntyre,Consumer,Jackson,Michigan,United States,Central,US
HK-148904,Heather Kirkland,Corporate,Detroit,Michigan,United States,Central,US
SC-200204,Sam Craven,Consumer,Midland,Michigan,United States,Central,US
DM-129554,Dario Medina,Corporate,Lincoln Park,Michigan,United States,Central,US
AG-104954,Andrew Gjertsen,Corporate,Detroit,Michigan,United States,Central,US
RC-199604,Ryan Crowe,Consumer,Grand Rapids,Michigan,United States,Central,US
MG-178902,Michael Granlund,Home Office,Echirolles,Rhône-Alpes,France,Central,EU
SN-205602,Skye Norling,Home Office,Noisy-le-Sec,Ile-de-France,France,Central,EU
TW-210252,Tamara Willingham,Home Office,Carcassonne,Languedoc-Roussillon,France,Central,EU
HJ-148752,Heather Jas,Home Office,Versailles,Ile-de-France,France,Central,EU
DP-133902,Dennis Pardue,Home Office,Argenteuil,Ile-de-France,France,Central,EU
KM-163752,Katherine Murray,Home Office,Rennes,Brittany,France,Central,EU
DW-134802,Dianna Wilson,Home Office,Brest,Brittany,France,Central,EU
CH-120702,Cathy Hwang,Home Office,Marseille,Provence-Alpes-Côte d'Azur,France,Central,EU
MG-176502,Matthew Grinstein,Home Office,Lunel,Languedoc-Roussillon,France,Central,EU
CC-121002,Chad Cunningham,Home Office,Rouen,Upper Normandy,France,Central,EU
DB-133602,Dennis Bolton,Home Office,Corbeil-Essonnes,Ile-de-France,France,Central,EU
RB-194652,Rick Bensley,Home Office,Annecy,Rhône-Alpes,France,Central,EU
PP-189552,Paul Prost,Home Office,Angers,Pays de la Loire,France,Central,EU
CA-120552,Cathy Armstrong,Home Office,Massy,Ile-de-France,France,Central,EU
TH-215502,Tracy Hopkins,Home Office,Mont-de-Marsan,Aquitaine,France,Central,EU
MH-172902,Marc Harrigan,Home Office,Montargis,Centre,France,Central,EU
EK-137952,Eileen Kiefer,Home Office,Caen,Lower Normandy,France,Central,EU
PS-189702,Paul Stevenson,Home Office,Rouen,Upper Normandy,France,Central,EU
HP-148152,Harold Pawlan,Home Office,Boulogne-Billancourt,Ile-de-France,France,Central,EU
BT-115302,Bradley Talbott,Home Office,Cournon-d'Auvergne,Auvergne,France,Central,EU
BC-111252,Becky Castell,Home Office,Auxerre,Burgundy,France,Central,EU
JB-160452,Julia Barnett,Home Office,Nancy,Lorraine,France,Central,EU
EM-142002,Evan Minnotte,Home Office,Faches-Thumesnil,Nord-Pas-de-Calais,France,Central,EU
JL-151752,James Lanier,Home Office,Sanary-sur-Mer,Provence-Alpes-Côte d'Azur,France,Central,EU
TA-213852,Tom Ashbrook,Home Office,Pontoise,Ile-de-France,France,Central,EU
CK-123252,Christine Kargatis,Home Office,Alfortville,Ile-de-France,France,Central,EU
SD-204852,Shirley Daniels,Home Office,Tournefeuille,Midi-Pyrénées,France,Central,EU
LC-169602,Lindsay Castell,Home Office,Albertville,Rhône-Alpes,France,Central,EU
TB-211902,Thomas Brumley,Home Office,Marseille,Provence-Alpes-Côte d'Azur,France,Central,EU
SC-206802,Steve Carroll,Home Office,Champigny-sur-Marne,Ile-de-France,France,Central,EU
NM-184452,Nathan Mautz,Home Office,Aix-en-Provence,Provence-Alpes-Côte d'Azur,France,Central,EU
KF-162852,Karen Ferguson,Home Office,Lanester,Brittany,France,Central,EU
PV-189852,Paul Van Hugh,Home Office,Palaiseau,Ile-de-France,France,Central,EU
NZ-185652,Nick Zandusky,Home Office,Paris,Ile-de-France,France,Central,EU
SJ-201252,Sanjit Jacobs,Home Office,Clermont-Ferrand,Auvergne,France,Central,EU
ME-173202,Maria Etezadi,Home Office,Antony,Ile-de-France,France,Central,EU
SS-205152,Shirley Schmidt,Home Office,Saint-Chamond,Rhône-Alpes,France,Central,EU
KB-164052,Katrina Bavinger,Home Office,Paris,Ile-de-France,France,Central,EU
GH-144102,Gary Hansen,Home Office,Les Lilas,Ile-de-France,France,Central,EU
VM-216852,Valerie Mitchum,Home Office,Marseille,Provence-Alpes-Côte d'Azur,France,Central,EU
FG-142602,Frank Gastineau,Home Office,Bordeaux,Aquitaine,France,Central,EU
ED-138852,Emily Ducich,Home Office,Nancy,Lorraine,France,Central,EU
CS-124002,Christopher Schild,Home Office,Cormeilles-en-Parisis,Ile-de-France,France,Central,EU
MO-178002,Meg O'Connel,Home Office,Aix-en-Provence,Provence-Alpes-Côte d'Azur,France,Central,EU
BS-118002,Bryan Spruell,Home Office,Lunel,Languedoc-Roussillon,France,Central,EU
MH-181152,Mick Hernandez,Home Office,Bagnolet,Ile-de-France,France,Central,EU
SU-206652,Stephanie Ulpright,Home Office,Marseille,Provence-Alpes-Côte d'Azur,France,Central,EU
SL-201552,Sara Luxemburg,Home Office,Sartrouville,Ile-de-France,France,Central,EU
SR-207402,Steven Roelle,Home Office,Paris,Ile-de-France,France,Central,EU
SW-203502,Sean Wendt,Home Office,Pessac,Aquitaine,France,Central,EU
EL-137352,Ed Ludwig,Home Office,Bochum,North Rhine-Westphalia,Germany,Central,EU
AB-100603,Adam Bellavance,Home Office,Soyapango,San Salvador,El Salvador,Central,LATAM
RD-198102,Ross DeVincentis,Home Office,Leverkusen,North Rhine-Westphalia,Germany,Central,EU
HJ-148753,Heather Jas,Home Office,San Salvador,San Salvador,El Salvador,Central,LATAM
PS-190453,Penelope Sewall,Home Office,Delgado,San Salvador,El Salvador,Central,LATAM
MH-172903,Marc Harrigan,Home Office,Huehuetenango,Huehuetenango,Guatemala,Central,LATAM
JS-159403,Joni Sundaresam,Home Office,Managua,Managua,Nicaragua,Central,LATAM
DE-132553,Deanra Eno,Home Office,Villa Nueva,Guatemala,Guatemala,Central,LATAM
MO-178003,Meg O'Connel,Home Office,Villa Nueva,Guatemala,Guatemala,Central,LATAM
MP-174703,Mark Packer,Home Office,Soyapango,San Salvador,El Salvador,Central,LATAM
CR-126253,Corey Roper,Home Office,Guatemala City,Guatemala,Guatemala,Central,LATAM
PS-190452,Penelope Sewall,Home Office,Rostock,Mecklenburg-Vorpommern,Germany,Central,EU
BF-112153,Benjamin Farhat,Home Office,Managua,Managua,Nicaragua,Central,LATAM
FM-142902,Frank Merwin,Home Office,Freiburg,Baden-Württemberg,Germany,Central,EU
NK-184902,Neil Knudson,Home Office,Hamburg,Hamburg,Germany,Central,EU
VF-217153,Vicky Freymann,Home Office,Mixco,Guatemala,Guatemala,Central,LATAM
MP-181752,Mike Pelletier,Home Office,Gronau,North Rhine-Westphalia,Germany,Central,EU
PH-187903,Patricia Hirasaki,Home Office,Masaya,Masaya,Nicaragua,Central,LATAM
BF-112152,Benjamin Farhat,Home Office,Bremen,Bremen,Germany,Central,EU
ML-177553,Max Ludwig,Home Office,Managua,Managua,Nicaragua,Central,LATAM
RS-198702,Roy Skaria,Home Office,Potsdam,Brandenburg,Germany,Central,EU
BE-114552,Brad Eason,Home Office,Aschaffenburg,Bavaria,Germany,Central,EU
BC-111253,Becky Castell,Home Office,Mixco,Guatemala,Guatemala,Central,LATAM
CD-127902,Cynthia Delaney,Home Office,Munster,Lower Saxony,Germany,Central,EU
VM-216853,Valerie Mitchum,Home Office,Managua,Managua,Nicaragua,Central,LATAM
CR-128203,Cyra Reiten,Home Office,Managua,Managua,Nicaragua,Central,LATAM
JB-160453,Julia Barnett,Home Office,Granada,Granada,Nicaragua,Central,LATAM
MZ-173353,Maria Zettner,Home Office,Managua,Managua,Nicaragua,Central,LATAM
BF-111703,Ben Ferrer,Home Office,Soyapango,San Salvador,El Salvador,Central,LATAM
MA-175602,Matt Abelman,Home Office,Dortmund,North Rhine-Westphalia,Germany,Central,EU
AH-101203,Adrian Hane,Home Office,Apopa,San Salvador,El Salvador,Central,LATAM
MA-179952,Michelle Arnett,Home Office,Duisburg,North Rhine-Westphalia,Germany,Central,EU
RD-196602,Robert Dilbeck,Home Office,Hamburg,Hamburg,Germany,Central,EU
EH-141253,Eugene Hildebrand,Home Office,Apopa,San Salvador,El Salvador,Central,LATAM
SZ-200353,Sam Zeldin,Home Office,Villa Canales,Guatemala,Guatemala,Central,LATAM
EK-137953,Eileen Kiefer,Home Office,Santa Ana,Santa Ana,El Salvador,Central,LATAM
PM-191352,Peter McVee,Home Office,Ghent,East Flanders,Belgium,Central,EU
CA-120553,Cathy Armstrong,Home Office,Ilopango,San Salvador,El Salvador,Central,LATAM
PS-189703,Paul Stevenson,Home Office,Petapa,Guatemala,Guatemala,Central,LATAM
TT-214602,Tonja Turnell,Home Office,Genk,Limburg,Belgium,Central,EU
NF-185953,Nicole Fjeld,Home Office,Soyapango,San Salvador,El Salvador,Central,LATAM
MG-176503,Matthew Grinstein,Home Office,Ilopango,San Salvador,El Salvador,Central,LATAM
PK-189103,Paul Knutson,Home Office,Managua,Managua,Nicaragua,Central,LATAM
BT-114853,Brad Thomas,Home Office,Chinautla,Guatemala,Guatemala,Central,LATAM
GH-144103,Gary Hansen,Home Office,Mixco,Guatemala,Guatemala,Central,LATAM
DB-129103,Daniel Byrd,Home Office,Mixco,Guatemala,Guatemala,Central,LATAM
BF-110052,Barry Franz,Home Office,Offenbach,Hesse,Germany,Central,EU
SM-203202,Sean Miller,Home Office,Cologne,North Rhine-Westphalia,Germany,Central,EU
RB-194653,Rick Bensley,Home Office,Escuintla,Escuintla,Guatemala,Central,LATAM
BD-115603,Brendan Dodson,Home Office,León,León,Nicaragua,Central,LATAM
BT-14851,Brad Thomas,Home Office,Bloemfontein,Free State,South Africa,Africa,Africa
NM-184451,Nathan Mautz,Home Office,Hyderabad,Telangana,India,Central Asia,APAC
DB-132701,Deborah Brumfield,Home Office,Kowloon,Hong Kong,Hong Kong,North Asia,APAC
PA-90601,Pete Armstrong,Home Office,Johannesburg,Gauteng,South Africa,Africa,Africa
TH-115501,Tracy Hopkins,Home Office,Kisangani,Orientale,Democratic Republic of the Congo,Africa,Africa
PC-190002,Pauline Chand,Home Office,Barcelona,Catalonia,Spain,South,EU
DH-36753,Duane Huffman,Home Office,Ufa,Bashkortostan,Russia,EMEA,EMEA
PS-190451,Penelope Sewall,Home Office,Jieyang,Guangdong,China,North Asia,APAC
BF-10051,Barry Franz,Home Office,Niamey,Niamey,Niger,Africa,Africa
TC-114753,Tony Chapman,Home Office,Doha,Ad Dawhah,Qatar,EMEA,EMEA
ME-173201,Maria Etezadi,Home Office,Blenheim,Marlborough,New Zealand,Oceania,APAC
PA-190603,Pete Armstrong,Home Office,Puebla,Puebla,Mexico,North,LATAM
EM-141401,Eugene Moren,Home Office,Taizhou,Jiangsu,China,North Asia,APAC
TA-213851,Tom Ashbrook,Home Office,Madurai,Tamil Nadu,India,Central Asia,APAC
BE-113351,Bill Eplett,Home Office,Ipoh,Perak,Malaysia,Southeast Asia,APAC
CD-127901,Cynthia Delaney,Home Office,Shenyang,Liaoning,China,North Asia,APAC
NF-184751,Neil Französisch,Home Office,Jabalpur,Madhya Pradesh,India,Central Asia,APAC
KM-63753,Katherine Murray,Home Office,Lublin,Lublin,Poland,EMEA,EMEA
VP-217301,Victor Preis,Home Office,Hapur,Uttar Pradesh,India,Central Asia,APAC
CW-119051,Carl Weiss,Home Office,Guntur,Andhra Pradesh,India,Central Asia,APAC
PN-87751,Parhena Norris,Home Office,Fianarantsoa,Haute-Matsiatra,Madagascar,Africa,Africa
RB-94652,Rick Bensley,Home Office,Mosul,Ninawa,Iraq,EMEA,EMEA
CK-123253,Christine Kargatis,Home Office,Manzanillo,Granma,Cuba,Caribbean,LATAM
JP-161353,Julie Prescott,Home Office,Obregón,Sonora,Mexico,North,LATAM
SC-200503,Sample Company A,Home Office,Bogotá,Bogota,Colombia,South,LATAM
VT-217002,Valerie Takahito,Home Office,Valencia,Valenciana,Spain,South,EU
KN-167052,Kristina Nunn,Home Office,Madrid,Madrid,Spain,South,EU
AT-104353,Alyssa Tate,Home Office,Guantánamo,Guantánamo,Cuba,Caribbean,LATAM
MG-176801,Maureen Gastineau,Home Office,Brahmapur,Odisha,India,Central Asia,APAC
HR-47703,Hallie Redmond,Home Office,Jeddah,Makkah,Saudi Arabia,EMEA,EMEA
PM-91351,Peter McVee,Home Office,Port Said,Bur Sa'id,Egypt,Africa,Africa
DS-130303,Darrin Sayre,Home Office,Santa Rosa,Rio Grande do Sul,Brazil,South,LATAM
JL-51752,James Lanier,Home Office,Saveh,Markazi,Iran,EMEA,EMEA
AT-104351,Alyssa Tate,Home Office,Bhilai,Chhattisgarh,India,Central Asia,APAC
FC-42452,Frank Carlisle,Home Office,Ivano-Frankivs'k,Ivano-Frankivsk,Ukraine,EMEA,EMEA
PH-187901,Patricia Hirasaki,Home Office,Matsubara,Oita,Japan,North Asia,APAC
EM-41401,Eugene Moren,Home Office,Cairo,Al Qahirah,Egypt,Africa,Africa
CS-124001,Christopher Schild,Home Office,Taiyuan,Shanxi,China,North Asia,APAC
HP-148151,Harold Pawlan,Home Office,Pune,Maharashtra,India,Central Asia,APAC
TN-210403,Tanja Norvell,Home Office,Villahermosa,Tabasco,Mexico,North,LATAM
PP-189551,Paul Prost,Home Office,Yichun,Jiangxi,China,North Asia,APAC
FG-142601,Frank Gastineau,Home Office,Aurangabad,Maharashtra,India,Central Asia,APAC
RD-198103,Ross DeVincentis,Home Office,San Andrés Tuxtla,Veracruz,Mexico,North,LATAM
NZ-185651,Nick Zandusky,Home Office,Jaipur,Rajasthan,India,Central Asia,APAC
AB-601,Adam Bellavance,Home Office,Marrakech,Marrakech-Tensift-El Haouz,Morocco,Africa,Africa
AP-107201,Anne Pryor,Home Office,New Plymouth,Taranaki,New Zealand,Oceania,APAC
EL-137351,Ed Ludwig,Home Office,Mathura,Uttar Pradesh,India,Central Asia,APAC
PL-189252,Paul Lucas,Home Office,Nottingham,England,United Kingdom,North,EU
PC-190001,Pauline Chand,Home Office,Kuantan,Pahang,Malaysia,Southeast Asia,APAC
SN-207101,Steve Nguyen,Home Office,Hengyang,Hunan,China,North Asia,APAC
LC-169601,Lindsay Castell,Home Office,Pingxiang,Jiangxi,China,North Asia,APAC
MR-75451,Mathew Reese,Home Office,Yaounde,Centre,Cameroon,Africa,Africa
SL-201551,Sara Luxemburg,Home Office,Tengzhou,Shandong,China,North Asia,APAC
PC-90001,Pauline Chand,Home Office,Cairo,Al Qahirah,Egypt,Africa,Africa
HD-147853,Harold Dahlen,Home Office,Mexico City,Distrito Federal,Mexico,North,LATAM
MG-176501,Matthew Grinstein,Home Office,Tianjin,Tianjin,China,North Asia,APAC
MG-178753,Michael Grace,Home Office,Rancagua,O'Higgins,Chile,South,LATAM
TC-215353,Tracy Collins,Home Office,Pinar del Río,Pinar del Río,Cuba,Caribbean,LATAM
CL-127002,Craig Leslie,Home Office,Leeds,England,United Kingdom,North,EU
BT-13051,Beth Thompson,Home Office,Kumasi,Ashanti,Ghana,Africa,Africa
JK-161202,Julie Kriz,Home Office,Aylesbury,England,United Kingdom,North,EU
SN-205601,Skye Norling,Home Office,Jiutai,Jilin,China,North Asia,APAC
FM-142903,Frank Merwin,Home Office,San Fernando,San Fernando,Trinidad and Tobago,Caribbean,LATAM
CD-127903,Cynthia Delaney,Home Office,Apodaca,Nuevo León,Mexico,North,LATAM
PN-187751,Parhena Norris,Home Office,Tianjin,Tianjin,China,North Asia,APAC
GH-44101,Gary Hansen,Home Office,Safi,Doukkala-Abda,Morocco,Africa,Africa
CR-126251,Corey Roper,Home Office,Yichun,Jiangxi,China,North Asia,APAC
MT-180701,Michelle Tran,Home Office,Changsha,Hunan,China,North Asia,APAC
EH-141252,Eugene Hildebrand,Home Office,Madrid,Madrid,Spain,South,EU
AS-101351,Adrian Shami,Home Office,Chongqing,Chongqing,China,North Asia,APAC
PB-188052,Patrick Bzostek,Home Office,Madrid,Madrid,Spain,South,EU
JJ-157603,Joel Jenkins,Home Office,Fortaleza,Ceará,Brazil,South,LATAM
MG-178903,Michael Granlund,Home Office,Montes Claros,Minas Gerais,Brazil,South,LATAM
JL-151753,James Lanier,Home Office,Puebla,Puebla,Mexico,North,LATAM
CC-124303,Chuck Clark,Home Office,Morelia,Michoacán,Mexico,North,LATAM
TC-114752,Tony Chapman,Home Office,Ottawa,Ontario,Canada,Canada,Canada
PM-191353,Peter McVee,Home Office,Tepic,Nayarit,Mexico,North,LATAM
MA-179953,Michelle Arnett,Home Office,Guadalajara,Jalisco,Mexico,North,LATAM
SM-103201,Sean Miller,Home Office,Koumra,Mandoul,Chad,Africa,Africa
PA-190602,Pete Armstrong,Home Office,Maidenhead,England,United Kingdom,North,EU
LB-167952,Laurel Beltran,Home Office,Edinburgh,Scotland,United Kingdom,North,EU
NP-186852,Nora Pelletier,Home Office,Bury,England,United Kingdom,North,EU
PO-191801,Philisse Overcash,Home Office,Jinjiang,Fujian,China,North Asia,APAC
JK-61201,Julie Kriz,Home Office,Cairo,Al Qahirah,Egypt,Africa,Africa
CM-26552,Corinna Mitchell,Home Office,Plovdiv,Plovdiv,Bulgaria,EMEA,EMEA
DR-129401,Daniel Raglin,Home Office,Napier,Hawke's Bay,New Zealand,Oceania,APAC
PC-190003,Pauline Chand,Home Office,Guadalajara,Jalisco,Mexico,North,LATAM
SR-207401,Steven Roelle,Home Office,Jieyang,Guangdong,China,North Asia,APAC
LB-167951,Laurel Beltran,Home Office,Dhaka,Dhaka,Bangladesh,Central Asia,APAC
PO-91802,Philisse Overcash,Home Office,Mississauga,Ontario,Canada,Canada,Canada
CS-24001,Christopher Schild,Home Office,Djibouti,Djibouti,Djibouti,Africa,Africa
EL-137353,Ed Ludwig,Home Office,Santiago de Cuba,Santiago de Cuba,Cuba,Caribbean,LATAM
SW-103502,Sean Wendt,Home Office,Baghdad,Baghdad,Iraq,EMEA,EMEA
AG-107653,Anthony Garverick,Home Office,Montevideo,Montevideo,Uruguay,South,LATAM
CC-21001,Chad Cunningham,Home Office,Cairo,Al Qahirah,Egypt,Africa,Africa
VM-216851,Valerie Mitchum,Home Office,Dhaka,Dhaka,Bangladesh,Central Asia,APAC
NF-185951,Nicole Fjeld,Home Office,Singapore,Singapore,Singapore,Southeast Asia,APAC
BE-113352,Bill Eplett,Home Office,Trani,Apulia,Italy,South,EU
RB-97051,Roger Barcio,Home Office,Johannesburg,Gauteng,South Africa,Africa,Africa
PO-91951,Phillina Ober,Home Office,Casablanca,Grand Casablanca,Morocco,Africa,Africa
NP-186853,Nora Pelletier,Home Office,Puebla,Puebla,Mexico,North,LATAM
MH-172901,Marc Harrigan,Home Office,Singapore,Singapore,Singapore,Southeast Asia,APAC
PB-88053,Patrick Bzostek,Home Office,Ufa,Bashkortostan,Russia,EMEA,EMEA
PV-89851,Paul Van Hugh,Home Office,Casablanca,Grand Casablanca,Morocco,Africa,Africa
DA-134502,Dianna Arnett,Home Office,Kingswood,England,United Kingdom,North,EU
AP-7201,Anne Pryor,Home Office,Casablanca,Grand Casablanca,Morocco,Africa,Africa
PN-187753,Parhena Norris,Home Office,Garza García,Nuevo León,Mexico,North,LATAM
HJ-148751,Heather Jas,Home Office,Mangalore,Karnataka,India,Central Asia,APAC
SC-106801,Steve Carroll,Home Office,Niamey,Niamey,Niger,Africa,Africa
DB-129101,Daniel Byrd,Home Office,Huaiyin,Jiangsu,China,North Asia,APAC
DB-29102,Daniel Byrd,Home Office,Kingston,Ontario,Canada,Canada,Canada
BF-111702,Ben Ferrer,Home Office,Lincoln,England,United Kingdom,North,EU
JJ-157601,Joel Jenkins,Home Office,Shanghai,Shanghai,China,North Asia,APAC
VP-217302,Victor Preis,Home Office,Leeds,England,United Kingdom,North,EU
GH-44102,Gary Hansen,Home Office,Prague,Prague,Czech Republic,EMEA,EMEA
DB-29101,Daniel Byrd,Home Office,Ndola,Copperbelt,Zambia,Africa,Africa
Dp-132403,Dean percer,Home Office,Villahermosa,Tabasco,Mexico,North,LATAM
TH-215503,Tracy Hopkins,Home Office,Puerto Montt,Los Lagos,Chile,South,LATAM
CW-119052,Carl Weiss,Home Office,Glasgow,Scotland,United Kingdom,North,EU
SU-206653,Stephanie Ulpright,Home Office,Santa Cruz de la Sierra,Santa Cruz,Bolivia,South,LATAM
SN-205603,Skye Norling,Home Office,Mexico City,Distrito Federal,Mexico,North,LATAM
EL-37351,Ed Ludwig,Home Office,Johannesburg,Gauteng,South Africa,Africa,Africa
HD-147851,Harold Dahlen,Home Office,Shanghai,Shanghai,China,North Asia,APAC
TC-215352,Tracy Collins,Home Office,Rome,Lazio,Italy,South,EU
SN-207102,Steve Nguyen,Home Office,Glasgow,Scotland,United Kingdom,North,EU
CW-19051,Carl Weiss,Home Office,Luanda,Luanda,Angola,Africa,Africa
PO-191951,Phillina Ober,Home Office,Lucknow,Uttar Pradesh,India,Central Asia,APAC
CC-121003,Chad Cunningham,Home Office,Petrópolis,Rio de Janeiro,Brazil,South,LATAM
RM-196752,Robert Marley,Home Office,Maidenhead,England,United Kingdom,North,EU
TC-215351,Tracy Collins,Home Office,Alice Springs,Northern Territory,Australia,Oceania,APAC
AB-2551,Alejandro Ballentine,Home Office,Casablanca,Grand Casablanca,Morocco,Africa,Africa
PN-187752,Parhena Norris,Home Office,Puertollano,Castile-La Mancha,Spain,South,EU
NM-184453,Nathan Mautz,Home Office,San Fernando,San Fernando,Trinidad and Tobago,Caribbean,LATAM
NZ-185653,Nick Zandusky,Home Office,Palma Soriano,Santiago de Cuba,Cuba,Caribbean,LATAM
EH-140053,Erica Hernandez,Home Office,São Paulo,São Paulo,Brazil,South,LATAM
MH-181151,Mick Hernandez,Home Office,Dhaka,Dhaka,Bangladesh,Central Asia,APAC
TA-213853,Tom Ashbrook,Home Office,Colima,Colima,Mexico,North,LATAM
CM-126551,Corinna Mitchell,Home Office,Taupo,Waikato,New Zealand,Oceania,APAC
DP-133903,Dennis Pardue,Home Office,Durango,Durango,Mexico,North,LATAM
ML-177551,Max Ludwig,Home Office,Dhaka,Dhaka,Bangladesh,Central Asia,APAC
AW-109303,Arthur Wiediger,Home Office,São Paulo,São Paulo,Brazil,South,LATAM
AD-101803,Alan Dominguez,Home Office,Bayamo,Granma,Cuba,Caribbean,LATAM
MA-179951,Michelle Arnett,Home Office,Hirakata,Osaka,Japan,North Asia,APAC
JP-61352,Julie Prescott,Home Office,Chelyabinsk,Chelyabinsk,Russia,EMEA,EMEA
SR-104251,Sharelle Roach,Home Office,Cairo,Al Qahirah,Egypt,Africa,Africa
DR-29401,Daniel Raglin,Home Office,Dar es Salaam,Dar Es Salaam,Tanzania,Africa,Africa
EM-142003,Evan Minnotte,Home Office,Jequié,Bahia,Brazil,South,LATAM
SJ-201253,Sanjit Jacobs,Home Office,Irapuato,Guanajuato,Mexico,North,LATAM
BT-115303,Bradley Talbott,Home Office,Madero,Tamaulipas,Mexico,North,LATAM
BE-113353,Bill Eplett,Home Office,Morelia,Michoacán,Mexico,North,LATAM
AB-102551,Alejandro Ballentine,Home Office,Zhangzhou,Fujian,China,North Asia,APAC
SU-206651,Stephanie Ulpright,Home Office,Taiyuan,Shanxi,China,North Asia,APAC
FC-142451,Frank Carlisle,Home Office,Suzhou,Gansu,China,North Asia,APAC
NF-184753,Neil Französisch,Home Office,San Cristóbal de Las Casas,Chiapas,Mexico,North,LATAM
AT-4351,Alyssa Tate,Home Office,Kinshasa,Kinshasa,Democratic Republic of the Congo,Africa,Africa
PS-189701,Paul Stevenson,Home Office,Parbhani,Maharashtra,India,Central Asia,APAC
BT-114851,Brad Thomas,Home Office,Kulti,West Bengal,India,Central Asia,APAC
SW-203503,Sean Wendt,Home Office,Consolación del Sur,Pinar del Río,Cuba,Caribbean,LATAM
DB-133603,Dennis Bolton,Home Office,Taboão da Serra,São Paulo,Brazil,South,LATAM
AB-100602,Adam Bellavance,Home Office,Oslo,Oslo,Norway,North,EU
SW-203501,Sean Wendt,Home Office,Liuyang,Hunan,China,North Asia,APAC
CR-26251,Corey Roper,Home Office,Port Said,Bur Sa'id,Egypt,Africa,Africa
FC-142453,Frank Carlisle,Home Office,Las Tunas,Las Tunas,Cuba,Caribbean,LATAM
RD-198101,Ross DeVincentis,Home Office,Changchun,Jilin,China,North Asia,APAC
DE-32552,Deanra Eno,Home Office,Shiraz,Fars,Iran,EMEA,EMEA
DW-34801,Dianna Wilson,Home Office,Accra,Greater Accra,Ghana,Africa,Africa
DR-129402,Daniel Raglin,Home Office,Rovigo,Veneto,Italy,South,EU
ED-138851,Emily Ducich,Home Office,Jixi,Heilongjiang,China,North Asia,APAC
MH-81151,Mick Hernandez,Home Office,Bo,Southern,Sierra Leone,Africa,Africa
PV-189851,Paul Van Hugh,Home Office,Singapore,Singapore,Singapore,Southeast Asia,APAC
RB-97052,Roger Barcio,Home Office,Montréal,Quebec,Canada,Canada,Canada
TB-211903,Thomas Brumley,Home Office,Acámbaro,Guanajuato,Mexico,North,LATAM
SJ-201251,Sanjit Jacobs,Home Office,Kuantan,Pahang,Malaysia,Southeast Asia,APAC
SD-204853,Shirley Daniels,Home Office,Hermosillo,Sonora,Mexico,North,LATAM
MG-178752,Michael Grace,Home Office,Preston,England,United Kingdom,North,EU
KF-62852,Karen Ferguson,Home Office,Ufa,Bashkortostan,Russia,EMEA,EMEA
SD-204851,Shirley Daniels,Home Office,Mianyang,Sichuan,China,North Asia,APAC
NL-183101,Nancy Lomonaco,Home Office,Christchurch,Canterbury,New Zealand,Oceania,APAC
CC-124301,Chuck Clark,Home Office,Kota Kinabalu,Sabah,Malaysia,Southeast Asia,APAC
SC-200501,Sample Company A,Home Office,Kaiyuan,Liaoning,China,North Asia,APAC
CH-120703,Cathy Hwang,Home Office,Hermosillo,Sonora,Mexico,North,LATAM
BF-110051,Barry Franz,Home Office,Chandigarh,Chandigarh,India,Central Asia,APAC
HR-147702,Hallie Redmond,Home Office,Burnley,England,United Kingdom,North,EU
EH-41252,Eugene Hildebrand,Home Office,Gyula,Bekes,Hungary,EMEA,EMEA
DW-134801,Dianna Wilson,Home Office,Mirzapur,Uttar Pradesh,India,Central Asia,APAC
PV-189853,Paul Van Hugh,Home Office,Franca,São Paulo,Brazil,South,LATAM
BS-118003,Bryan Spruell,Home Office,Villahermosa,Tabasco,Mexico,North,LATAM
MO-178001,Meg O'Connel,Home Office,Leshan,Sichuan,China,North Asia,APAC
LB-67952,Laurel Beltran,Home Office,Kharkiv,Kharkiv,Ukraine,EMEA,EMEA
PL-89252,Paul Lucas,Home Office,Ahvaz,Khuzestan,Iran,EMEA,EMEA
SC-206803,Steve Carroll,Home Office,Coyoacán,Distrito Federal,Mexico,North,LATAM
NM-84453,Nathan Mautz,Home Office,Riyadh,Ar Riyad,Saudi Arabia,EMEA,EMEA
CG-120401,Catherine Glotzbach,Home Office,Wellington,Wellington,New Zealand,Oceania,APAC
BS-18001,Bryan Spruell,Home Office,Pretoria,Gauteng,South Africa,Africa,Africa
JS-159402,Joni Sundaresam,Home Office,Gela,Sicily,Italy,South,EU
SN-105602,Skye Norling,Home Office,Toronto,Ontario,Canada,Canada,Canada
RD-96602,Robert Dilbeck,Home Office,Laval,Quebec,Canada,Canada,Canada
ME-173203,Maria Etezadi,Home Office,Bagé,Rio Grande do Sul,Brazil,South,LATAM
CM-126552,Corinna Mitchell,Home Office,Laval,Pays de la Loire,France,Central,EU
CR-128202,Cyra Reiten,Home Office,Vienna,Vienna,Austria,Central,EU
BC-111251,Becky Castell,Home Office,Whangarei,Northland,New Zealand,Oceania,APAC
BF-112151,Benjamin Farhat,Home Office,Lanzhou,Gansu,China,North Asia,APAC
NM-84452,Nathan Mautz,Home Office,Montréal,Quebec,Canada,Canada,Canada
GM-144551,Gary Mitchum,Home Office,Hyderabad,Telangana,India,Central Asia,APAC
PO-191952,Phillina Ober,Home Office,Granollers,Catalonia,Spain,South,EU
SL-101552,Sara Luxemburg,Home Office,Vancouver,British Columbia,Canada,Canada,Canada
KM-163753,Katherine Murray,Home Office,Managua,Managua,Nicaragua,Central,LATAM
ED-38852,Emily Ducich,Home Office,Montréal,Quebec,Canada,Canada,Canada
CR-125802,Clay Rozendal,Home Office,Stuttgart,Baden-Württemberg,Germany,Central,EU
SJ-101252,Sanjit Jacobs,Home Office,Saanich,British Columbia,Canada,Canada,Canada
NL-183103,Nancy Lomonaco,Home Office,Delgado,San Salvador,El Salvador,Central,LATAM
MR-175451,Mathew Reese,Home Office,Jodhpur,Rajasthan,India,Central Asia,APAC
MR-175452,Mathew Reese,Home Office,Trier,Rhineland-Palatinate,Germany,Central,EU
CW-119053,Carl Weiss,Home Office,Irapuato,Guanajuato,Mexico,North,LATAM
BT-15302,Bradley Talbott,Home Office,North York,Ontario,Canada,Canada,Canada
DB-132702,Deborah Brumfield,Home Office,Biarritz,Aquitaine,France,Central,EU
Dp-32402,Dean percer,Home Office,Kingston,Ontario,Canada,Canada,Canada
JK-61202,Julie Kriz,Home Office,Montréal,Quebec,Canada,Canada,Canada
AH-101202,Adrian Hane,Home Office,Vienna,Vienna,Austria,Central,EU
NF-184752,Neil Französisch,Home Office,Moers,North Rhine-Westphalia,Germany,Central,EU
SL-201553,Sara Luxemburg,Home Office,Vespasiano,Minas Gerais,Brazil,South,LATAM
HP-148153,Harold Pawlan,Home Office,Tupã,São Paulo,Brazil,South,LATAM
HR-147703,Hallie Redmond,Home Office,Orizaba,Veracruz,Mexico,North,LATAM
DE-132552,Deanra Eno,Home Office,Villefontaine,Rhône-Alpes,France,Central,EU
JS-59402,Joni Sundaresam,Home Office,Mississauga,Ontario,Canada,Canada,Canada
CL-127003,Craig Leslie,Home Office,São Paulo,São Paulo,Brazil,South,LATAM
BT-15303,Bradley Talbott,Home Office,Borazjan,Bushehr,Iran,EMEA,EMEA
HJ-48752,Heather Jas,Home Office,Irkutsk,Irkutsk,Russia,EMEA,EMEA
MA-75602,Matt Abelman,Home Office,Baghdad,Baghdad,Iraq,EMEA,EMEA
SZ-100352,Sam Zeldin,Home Office,Rasht,Gilan,Iran,EMEA,EMEA
EL-37352,Ed Ludwig,Home Office,Namangan,Namangan,Uzbekistan,EMEA,EMEA
AB-602,Adam Bellavance,Home Office,Drobeta-Turnu Severin,Mehedinti,Romania,EMEA,EMEA
RH-95102,Rick Huthwaite,Home Office,Ufa,Bashkortostan,Russia,EMEA,EMEA
RM-96753,Robert Marley,Home Office,Osh,Osh,Kyrgyzstan,EMEA,EMEA
SL-101553,Sara Luxemburg,Home Office,Rivne,Rivne,Ukraine,EMEA,EMEA
JK-56402,Jim Kriz,Home Office,Belgorod,Belgorod,Russia,EMEA,EMEA
NZ-85651,Nick Zandusky,Home Office,Baghdad,Baghdad,Iraq,EMEA,EMEA
BE-13352,Bill Eplett,Home Office,Zabrze,Silesia,Poland,EMEA,EMEA
BD-15602,Brendan Dodson,Home Office,Makhachkala,Dagestan,Russia,EMEA,EMEA
BF-11702,Ben Ferrer,Home Office,Kaspiysk,Dagestan,Russia,EMEA,EMEA
CC-21002,Chad Cunningham,Home Office,Budapest,Budapest,Hungary,EMEA,EMEA
SC-106802,Steve Carroll,Home Office,Katowice,Silesia,Poland,EMEA,EMEA
SJ-101253,Sanjit Jacobs,Home Office,Riyadh,Ar Riyad,Saudi Arabia,EMEA,EMEA
SS-105152,Shirley Schmidt,Home Office,Varamin,Tehran,Iran,EMEA,EMEA
JO-55502,Jesus Ocampo,Home Office,Brasov,Brasov,Romania,EMEA,EMEA
SN-107102,Steve Nguyen,Home Office,Vienna,Vienna,Austria,EMEA,EMEA
PO-91803,Philisse Overcash,Home Office,Brest,Brest,Belarus,EMEA,EMEA
FG-42603,Frank Gastineau,Home Office,Kharkiv,Kharkiv,Ukraine,EMEA,EMEA
CC-24302,Chuck Clark,Home Office,Quchan,Razavi Khorasan,Iran,EMEA,EMEA
CH-20702,Cathy Hwang,Home Office,Kashan,Esfahan,Iran,EMEA,EMEA
JK-61203,Julie Kriz,Home Office,Warsaw,Masovia,Poland,EMEA,EMEA
TC-115352,Tracy Collins,Home Office,Ulan Bator,Ulaanbaatar,Mongolia,EMEA,EMEA
RB-97053,Roger Barcio,Home Office,Riyadh,Ar Riyad,Saudi Arabia,EMEA,EMEA
PO-91953,Phillina Ober,Home Office,K'ut'aisi,Imereti,Georgia,EMEA,EMEA
JB-60452,Julia Barnett,Home Office,Basra,Al Basrah,Iraq,EMEA,EMEA
EK-37952,Eileen Kiefer,Home Office,Dayr az Zawr,Dayr Az Zawr,Syria,EMEA,EMEA
VT-117002,Valerie Takahito,Home Office,Riyadh,Ar Riyad,Saudi Arabia,EMEA,EMEA
JS-59403,Joni Sundaresam,Home Office,Blagoveshchensk,Amur,Russia,EMEA,EMEA
CR-28202,Cyra Reiten,Home Office,Borujerd,Lorestan,Iran,EMEA,EMEA
ME-73202,Maria Etezadi,Home Office,Hrodna,Hrodna,Belarus,EMEA,EMEA
DS-30302,Darrin Sayre,Home Office,Zagreb,Grad Zagreb,Croatia,EMEA,EMEA
PA-90602,Pete Armstrong,Home Office,Warsaw,Masovia,Poland,EMEA,EMEA
SM-103202,Sean Miller,Home Office,Rehovot,Central,Israel,EMEA,EMEA
TW-110252,Tamara Willingham,Home Office,Homyel',Homyel',Belarus,EMEA,EMEA
CR-26253,Corey Roper,Home Office,Astrakhan',Astrakhan',Russia,EMEA,EMEA
VP-117302,Victor Preis,Home Office,Zanjan,Zanjan,Iran,EMEA,EMEA
MO-78002,Meg O'Connel,Home Office,Haifa,Haifa,Israel,EMEA,EMEA
DP-33903,Dennis Pardue,Home Office,Luts'k,Volyn,Ukraine,EMEA,EMEA
MA-79951,Michelle Arnett,Home Office,Luanda,Luanda,Angola,Africa,Africa
DA-34501,Dianna Arnett,Home Office,Kinshasa,Kinshasa,Democratic Republic of the Congo,Africa,Africa
DE-32551,Deanra Eno,Home Office,Agadir,Souss-Massa-Draâ,Morocco,Africa,Africa
BT-15301,Bradley Talbott,Home Office,Bissau,Bissau,Guinea-Bissau,Africa,Africa
LC-69601,Lindsay Castell,Home Office,Cairo,Al Qahirah,Egypt,Africa,Africa
TW-110251,Tamara Willingham,Home Office,Accra,Greater Accra,Ghana,Africa,Africa
SR-107401,Steven Roelle,Home Office,Mogadishu,Banaadir,Somalia,Africa,Africa
JK-56401,Jim Kriz,Home Office,Kinshasa,Kinshasa,Democratic Republic of the Congo,Africa,Africa
KM-63751,Katherine Murray,Home Office,Chililabombwe,Copperbelt,Zambia,Africa,Africa
HJ-48751,Heather Jas,Home Office,Luanda,Luanda,Angola,Africa,Africa
MO-78001,Meg O'Connel,Home Office,Dar es Salaam,Dar Es Salaam,Tanzania,Africa,Africa
JP-61351,Julie Prescott,Home Office,Alexandria,Al Iskandariyah,Egypt,Africa,Africa
CM-26551,Corinna Mitchell,Home Office,Tunis,Tunis,Tunisia,Africa,Africa
VF-117151,Vicky Freymann,Home Office,Kananga,Kasai-Occidental,Democratic Republic of the Congo,Africa,Africa
PL-89251,Paul Lucas,Home Office,Taza,Taza-Al Hoceima-Taounate,Morocco,Africa,Africa
SD-104851,Shirley Daniels,Home Office,Sale,Rabat-Salé-Zemmour-Zaer,Morocco,Africa,Africa
MP-81751,Mike Pelletier,Home Office,Bamako,Bamako,Mali,Africa,Africa
BF-11701,Ben Ferrer,Home Office,Ndola,Copperbelt,Zambia,Africa,Africa
DB-32701,Deborah Brumfield,Home Office,Annaba,Annaba,Algeria,Africa,Africa
MG-76501,Matthew Grinstein,Home Office,Roodepoort,Gauteng,South Africa,Africa,Africa
JJ-57601,Joel Jenkins,Home Office,Dar es Salaam,Dar Es Salaam,Tanzania,Africa,Africa
HD-47851,Harold Dahlen,Home Office,Lubumbashi,Katanga,Democratic Republic of the Congo,Africa,Africa
SW-103501,Sean Wendt,Home Office,Kisumu,Nyanza,Kenya,Africa,Africa
DH-36751,Duane Huffman,Home Office,Antananarivo,Analamanga,Madagascar,Africa,Africa
PH-87901,Patricia Hirasaki,Home Office,Bertoua,Est,Cameroon,Africa,Africa
MG-78751,Michael Grace,Home Office,Arusha,Arusha,Tanzania,Africa,Africa
RS-98701,Roy Skaria,Home Office,Cairo,Al Qahirah,Egypt,Africa,Africa
TB-111901,Thomas Brumley,Home Office,Meknes,Meknès-Tafilalet,Morocco,Africa,Africa
FG-42601,Frank Gastineau,Home Office,Port Elizabeth,Eastern Cape,South Africa,Africa,Africa
FM-42901,Frank Merwin,Home Office,Nairobi,Nairobi,Kenya,Africa,Africa
CR-28201,Cyra Reiten,Home Office,Constantine,Constantine,Algeria,Africa,Africa
AD-1801,Alan Dominguez,Home Office,Cairo,Al Qahirah,Egypt,Africa,Africa
EH-40051,Erica Hernandez,Home Office,Kumasi,Ashanti,Ghana,Africa,Africa
EM-42001,Evan Minnotte,Home Office,Sale,Rabat-Salé-Zemmour-Zaer,Morocco,Africa,Africa
JL-51751,James Lanier,Home Office,Pretoria,Gauteng,South Africa,Africa,Africa
MG-76801,Maureen Gastineau,Home Office,Tete,Tete,Mozambique,Africa,Africa
TN-110401,Tanja Norvell,Home Office,Casablanca,Grand Casablanca,Morocco,Africa,Africa
NF-84751,Neil Französisch,Home Office,Bissau,Bissau,Guinea-Bissau,Africa,Africa
BC-11251,Becky Castell,Home Office,Dakar,Dakar,Senegal,Africa,Africa
PO-91801,Philisse Overcash,Home Office,Cairo,Al Qahirah,Egypt,Africa,Africa
BS-18002,Bryan Spruell,Home Office,Kherson,Kherson,Ukraine,EMEA,EMEA
DB-29103,Daniel Byrd,Home Office,Baghdad,Baghdad,Iraq,EMEA,EMEA
FC-142452,Frank Carlisle,Home Office,Manchester,England,United Kingdom,North,EU
JS-159401,Joni Sundaresam,Home Office,Ujjain,Madhya Pradesh,India,Central Asia,APAC
TH-215501,Tracy Hopkins,Home Office,Shuangyashan,Heilongjiang,China,North Asia,APAC
PO-191802,Philisse Overcash,Home Office,Vienna,Vienna,Austria,Central,EU
LS-169753,Lindsay Shagiari,Home Office,Les Abymes,Guadeloupe,Guadeloupe,Caribbean,LATAM
TC-115351,Tracy Collins,Home Office,Likasi,Katanga,Democratic Republic of the Congo,Africa,Africa
LC-69602,Lindsay Castell,Home Office,Makhachkala,Dagestan,Russia,EMEA,EMEA
RD-96603,Robert Dilbeck,Home Office,Orsha,Vitsyebsk,Belarus,EMEA,EMEA
BT-113053,Beth Thompson,Home Office,Culiacán,Sinaloa,Mexico,North,LATAM
DB-129102,Daniel Byrd,Home Office,High Wycombe,England,United Kingdom,North,EU
CA-20551,Cathy Armstrong,Home Office,Whitby,Ontario,Canada,Canada,Canada
JP-161352,Julie Prescott,Home Office,West Bromwich,England,United Kingdom,North,EU
TT-214603,Tonja Turnell,Home Office,Las Tunas,Las Tunas,Cuba,Caribbean,LATAM
KM-163751,Katherine Murray,Home Office,Napier,Hawke's Bay,New Zealand,Oceania,APAC
MG-176802,Maureen Gastineau,Home Office,Monza,Lombardy,Italy,South,EU
JK-156403,Jim Kriz,Home Office,Camagüey,Camagüey,Cuba,Caribbean,LATAM
ED-138853,Emily Ducich,Home Office,Piedras Negras,Coahuila,Mexico,North,LATAM
SD-104852,Shirley Daniels,Home Office,Holon,Tel Aviv,Israel,EMEA,EMEA
KB-164053,Katrina Bavinger,Home Office,Águas Lindas de Goiás,Goiás,Brazil,South,LATAM
DR-29402,Daniel Raglin,Home Office,Gliwice,Silesia,Poland,EMEA,EMEA
LS-69751,Lindsay Shagiari,Home Office,Kitwe,Copperbelt,Zambia,Africa,Africa
RD-196603,Robert Dilbeck,Home Office,Mexico City,Distrito Federal,Mexico,North,LATAM
MG-76802,Maureen Gastineau,Home Office,Mashhad,Razavi Khorasan,Iran,EMEA,EMEA
HD-47852,Harold Dahlen,Home Office,Mykolayiv,Mykolayiv,Ukraine,EMEA,EMEA
TN-210401,Tanja Norvell,Home Office,Shangqiu,Henan,China,North Asia,APAC
DW-34803,Dianna Wilson,Home Office,Babol,Mazandaran,Iran,EMEA,EMEA
CR-126252,Corey Roper,Home Office,Vence,Provence-Alpes-Côte d'Azur,France,Central,EU
AW-109301,Arthur Wiediger,Home Office,Guwahati,Assam,India,Central Asia,APAC
DA-134503,Dianna Arnett,Home Office,León,León,Nicaragua,Central,LATAM
PS-90452,Penelope Sewall,Home Office,Prague,Prague,Czech Republic,EMEA,EMEA
DB-33601,Dennis Bolton,Home Office,Kitwe,Copperbelt,Zambia,Africa,Africa
BF-110053,Barry Franz,Home Office,Diadema,São Paulo,Brazil,South,LATAM
RS-198701,Roy Skaria,Home Office,Jinjiang,Fujian,China,North Asia,APAC
MT-80701,Michelle Tran,Home Office,Girga,Suhaj,Egypt,Africa,Africa
DS-30301,Darrin Sayre,Home Office,Maputo,Cidade De Maputo,Mozambique,Africa,Africa
AD-101801,Alan Dominguez,Home Office,Zhoukou,Henan,China,North Asia,APAC
JP-161351,Julie Prescott,Home Office,Wellington,Wellington,New Zealand,Oceania,APAC
RB-197052,Roger Barcio,Home Office,Nantes,Pays de la Loire,France,Central,EU
AB-102553,Alejandro Ballentine,Home Office,Tlaquepaque,Jalisco,Mexico,North,LATAM
SS-205151,Shirley Schmidt,Home Office,Yuncheng,Shanxi,China,North Asia,APAC
CK-123251,Christine Kargatis,Home Office,Kasugai,Aichi,Japan,North Asia,APAC
TC-214752,Tony Chapman,Home Office,Cologne,North Rhine-Westphalia,Germany,Central,EU
NP-186851,Nora Pelletier,Home Office,Salem,Tamil Nadu,India,Central Asia,APAC
AT-4352,Alyssa Tate,Home Office,Gdansk,Pomerania,Poland,EMEA,EMEA
TW-210253,Tamara Willingham,Home Office,León,Guanajuato,Mexico,North,LATAM
TT-114601,Tonja Turnell,Home Office,Tamale,Northern,Ghana,Africa,Africa
TB-111902,Thomas Brumley,Home Office,Luts'k,Volyn,Ukraine,EMEA,EMEA
HR-47702,Hallie Redmond,Home Office,Toronto,Ontario,Canada,Canada,Canada
PK-89101,Paul Knutson,Home Office,Chernihiv,Chernihiv,Ukraine,EMEA,EMEA
NM-84451,Nathan Mautz,Home Office,Cairo,Al Qahirah,Egypt,Africa,Africa
JJ-157602,Joel Jenkins,Home Office,Waiblingen,Baden-Württemberg,Germany,Central,EU
PO-91952,Phillina Ober,Home Office,Edmonton,Alberta,Canada,Canada,Canada
ML-77551,Max Ludwig,Home Office,Kinshasa,Kinshasa,Democratic Republic of the Congo,Africa,Africa
SL-101551,Sara Luxemburg,Home Office,Kolwezi,Katanga,Democratic Republic of the Congo,Africa,Africa
SM-203203,Sean Miller,Home Office,Zapopan,Jalisco,Mexico,North,LATAM
MZ-173352,Maria Zettner,Home Office,Malakoff,Ile-de-France,France,Central,EU
RB-197953,Ross Baird,Home Office,Escuintla,Escuintla,Guatemala,Central,LATAM
LB-67951,Laurel Beltran,Home Office,Cape Town,Western Cape,South Africa,Africa,Africa
EM-42002,Evan Minnotte,Home Office,Budënnovsk,Stavropol',Russia,EMEA,EMEA
RB-194651,Rick Bensley,Home Office,Agra,Uttar Pradesh,India,Central Asia,APAC
BE-114551,Brad Eason,Home Office,Moradabad,Uttar Pradesh,India,Central Asia,APAC
AB-106002,Ann Blume,Corporate,Sesto San Giovanni,Lombardy,Italy,South,EU
SP-206501,Stephanie Phelps,Corporate,Yingcheng,Hubei,China,North Asia,APAC
ES-140801,Erin Smith,Corporate,Yunyang,Henan,China,North Asia,APAC
TS-214302,Tom Stivers,Corporate,Brindisi,Apulia,Italy,South,EU
BS-115901,Brendan Sweed,Corporate,Yancheng,Jiangsu,China,North Asia,APAC
JK-153251,Jason Klamczynski,Corporate,Suzhou,Anhui,China,North Asia,APAC
BF-112753,Beth Fritzler,Corporate,Acuña,Coahuila,Mexico,North,LATAM
TH-212351,Tiffany House,Corporate,Guangzhou,Guangdong,China,North Asia,APAC
RF-193451,Randy Ferguson,Corporate,Jiangyan,Jiangsu,China,North Asia,APAC
AR-103453,Alex Russell,Corporate,Aracaju,Sergipe,Brazil,South,LATAM
LA-167803,Laura Armstrong,Corporate,São Gonçalo,Rio de Janeiro,Brazil,South,LATAM
TB-213552,Todd Boyes,Corporate,Milan,Lombardy,Italy,South,EU
VP-217603,Victoria Pisteka,Corporate,Reynosa,Tamaulipas,Mexico,North,LATAM
DJ-135103,Don Jones,Corporate,Chihuahua,Chihuahua,Mexico,North,LATAM
PJ-188351,Patrick Jones,Corporate,Wuxi,Hunan,China,North Asia,APAC
TH-212352,Tiffany House,Corporate,Vantaa,Uusimaa,Finland,North,EU
DM-135251,Don Miller,Corporate,Muzaffarpur,Bihar,India,Central Asia,APAC
DG-133001,Deirdre Greer,Corporate,Changshu,Jiangsu,China,North Asia,APAC
RR-195252,Rick Reed,Corporate,Madrid,Madrid,Spain,South,EU
PC-187452,Pamela Coakley,Corporate,Bolzano,Trentino-Alto Adige,Italy,South,EU
RP-192701,Rachel Payne,Corporate,Nanning,Guangxi,China,North Asia,APAC
CJ-118753,Carl Jackson,Corporate,Cabo de Santo Agostinho,Pernambuco,Brazil,South,LATAM
KD-164953,Keith Dawkins,Corporate,Azcapotzalco,Distrito Federal,Mexico,North,LATAM
BS-113652,Bill Shonely,Corporate,Ipswich,England,United Kingdom,North,EU
BG-116953,Brooke Gillingham,Corporate,Culiacán,Sinaloa,Mexico,North,LATAM
YC-218953,Yoseph Carroll,Corporate,Petrópolis,Rio de Janeiro,Brazil,South,LATAM
PB-192101,Phillip Breyer,Corporate,Taipei,Taipei City,Taiwan,North Asia,APAC
LW-169902,Lindsay Williams,Corporate,Turin,Piedmont,Italy,South,EU
SC-207703,Stewart Carmichael,Corporate,Morelia,Michoacán,Mexico,North,LATAM
ER-138553,Elpida Rittenbach,Corporate,São Paulo,São Paulo,Brazil,South,LATAM
HE-148002,Harold Engle,Corporate,Ferrara,Emilia-Romagna,Italy,South,EU
JK-153253,Jason Klamczynski,Corporate,Mexico City,Distrito Federal,Mexico,North,LATAM
JG-153102,Jason Gross,Corporate,Poole,England,United Kingdom,North,EU
DM-129553,Dario Medina,Corporate,Bayamo,Granma,Cuba,Caribbean,LATAM
GB-145303,George Bell,Corporate,Brasília,Federal District,Brazil,South,LATAM
HE-148003,Harold Engle,Corporate,Lajeado,Rio Grande do Sul,Brazil,South,LATAM
LD-168553,Lela Donovan,Corporate,Bogotá,Bogota,Colombia,South,LATAM
BW-111101,Bart Watters,Corporate,Jhansi,Uttar Pradesh,India,Central Asia,APAC
FH-143651,Fred Hopkins,Corporate,Suzhou,Jiangsu,China,North Asia,APAC
EB-138401,Ellis Ballard,Corporate,Suining,Sichuan,China,North Asia,APAC
MD-178601,Michael Dominguez,Corporate,Lanxi,Zhejiang,China,North Asia,APAC
BG-116951,Brooke Gillingham,Corporate,Pune,Maharashtra,India,Central Asia,APAC
CM-127152,Craig Molinari,Corporate,San Sebastian,Basque Country,Spain,South,EU
GM-146953,Greg Maxwell,Corporate,Holguín,Holguín,Cuba,Caribbean,LATAM
JG-153101,Jason Gross,Corporate,Bihar Sharif,Bihar,India,Central Asia,APAC
CP-123403,Christine Phan,Corporate,Ciudad del Carmen,Campeche,Mexico,North,LATAM
EA-140353,Erin Ashbrook,Corporate,Monterrey,Nuevo León,Mexico,North,LATAM
FC-143353,Fred Chung,Corporate,Mexico City,Distrito Federal,Mexico,North,LATAM
DK-132251,Dean Katz,Corporate,Jiangyan,Jiangsu,China,North Asia,APAC
EB-138402,Ellis Ballard,Corporate,West Bromwich,England,United Kingdom,North,EU
KL-165552,Kelly Lampkin,Corporate,Ipswich,England,United Kingdom,North,EU
MS-179802,Michael Stewart,Corporate,Reggio nell'Emilia,Emilia-Romagna,Italy,South,EU
SW-207551,Steven Ward,Corporate,Shenzhen,Guangdong,China,North Asia,APAC
TP-215651,Tracy Poddar,Corporate,Guilin,Guangxi,China,North Asia,APAC
JB-154003,Jennifer Braxton,Corporate,Camagüey,Camagüey,Cuba,Caribbean,LATAM
HH-150101,Hilary Holden,Corporate,Indore,Madhya Pradesh,India,Central Asia,APAC
AM-103603,Alice McCarthy,Corporate,Santarém,Pará,Brazil,South,LATAM
MH-176203,Matt Hagelstein,Corporate,Toluca,México,Mexico,North,LATAM
YC-218952,Yoseph Carroll,Corporate,Watford,England,United Kingdom,North,EU
CA-119651,Carol Adams,Corporate,Foshan,Guangdong,China,North Asia,APAC
BV-112451,Benjamin Venier,Corporate,Luoyang,Henan,China,North Asia,APAC
GT-146353,Grant Thornton,Corporate,Azcapotzalco,Distrito Federal,Mexico,North,LATAM
SB-202903,Sean Braxton,Corporate,Poza Rica de Hidalgo,Veracruz,Mexico,North,LATAM
TH-211153,Thea Hudgings,Corporate,Curitiba,Parana,Brazil,South,LATAM
BW-111103,Bart Watters,Corporate,Los Mochis,Sinaloa,Mexico,North,LATAM
TC-209802,Tamara Chand,Corporate,Wolverhampton,England,United Kingdom,North,EU
KE-164202,Katrina Edelman,Corporate,Venice,Veneto,Italy,South,EU
MH-177851,Maya Herman,Corporate,Tianjin,Tianjin,China,North Asia,APAC
BN-114703,Brad Norvell,Corporate,San Luis Potosí,San Luis Potosí,Mexico,North,LATAM
AM-103601,Alice McCarthy,Corporate,Tawau,Sabah,Malaysia,Southeast Asia,APAC
SH-206353,Stefanie Holloman,Corporate,Chihuahua,Chihuahua,Mexico,North,LATAM
DL-134952,Dionis Lloyd,Corporate,Brescia,Lombardy,Italy,South,EU
SH-199751,Sally Hughsby,Corporate,Jiaxing,Zhejiang,China,North Asia,APAC
ML-180403,Michelle Lonsdale,Corporate,Rio Grande,Rio Grande do Sul,Brazil,South,LATAM
CV-128051,Cynthia Voltz,Corporate,Hefei,Anhui,China,North Asia,APAC
MP-179653,Michael Paige,Corporate,Hermosillo,Sonora,Mexico,North,LATAM
DL-134953,Dionis Lloyd,Corporate,Progreso,Yucatán,Mexico,North,LATAM
ML-173952,Marina Lichtenstein,Corporate,Valladolid,Castile and León,Spain,South,EU
AS-102251,Alan Schoenberger,Corporate,Jinan,Shandong,China,North Asia,APAC
BP-110953,Bart Pistole,Corporate,Spanish Town,Saint Catherine,Jamaica,Caribbean,LATAM
ME-180101,Michelle Ellison,Corporate,Singapore,Singapore,Singapore,Southeast Asia,APAC
MC-176352,Matthew Clasen,Corporate,Seville,Andalusía,Spain,South,EU
KH-166903,Kristen Hastings,Corporate,Portmore,Saint Catherine,Jamaica,Caribbean,LATAM
ML-180401,Michelle Lonsdale,Corporate,Shanghai,Shanghai,China,North Asia,APAC
KH-166902,Kristen Hastings,Corporate,Alcobendas,Madrid,Spain,South,EU
MS-179801,Michael Stewart,Corporate,Nagpur,Maharashtra,India,Central Asia,APAC
JD-161502,Justin Deggeller,Corporate,Tamworth,England,United Kingdom,North,EU
MW-182353,Mitch Willingham,Corporate,Puente Alto,Santiago,Chile,South,LATAM
SC-206951,Steve Chapman,Corporate,Zhuhai,Guangdong,China,North Asia,APAC
AH-101951,Alan Haines,Corporate,Guwahati,Assam,India,Central Asia,APAC
CP-123402,Christine Phan,Corporate,Valencia,Valenciana,Spain,South,EU
AG-105252,Andy Gerbode,Corporate,Teramo,Abruzzi,Italy,South,EU
BM-116503,Brian Moss,Corporate,Santiago de Cuba,Santiago de Cuba,Cuba,Caribbean,LATAM
AG-105251,Andy Gerbode,Corporate,Nellore,Andhra Pradesh,India,Central Asia,APAC
AG-103002,Aleksandra Gannaway,Corporate,Halesowen,England,United Kingdom,North,EU
AR-108251,Anthony Rawles,Corporate,Pune,Maharashtra,India,Central Asia,APAC
FH-142753,Frank Hawley,Corporate,Tlalpan,Distrito Federal,Mexico,North,LATAM
NG-183553,Nat Gilpin,Corporate,Santiago de Cuba,Santiago de Cuba,Cuba,Caribbean,LATAM
DK-131503,David Kendrick,Corporate,Nueva Gerona,Isla de la Juventud,Cuba,Caribbean,LATAM
JG-158052,John Grady,Corporate,Mansfield,England,United Kingdom,North,EU
HM-148601,Harry Marie,Corporate,Licheng,Guangdong,China,North Asia,APAC
PJ-188353,Patrick Jones,Corporate,Zapopan,Jalisco,Mexico,North,LATAM
JD-158951,Jonathan Doherty,Corporate,Chongqing,Chongqing,China,North Asia,APAC
AH-101952,Alan Haines,Corporate,Farnborough,England,United Kingdom,North,EU
BS-113803,Bill Stewart,Corporate,Santiago,Santiago,Chile,South,LATAM
JP-154603,Jennifer Patt,Corporate,Ji-Paraná,Rondônia,Brazil,South,LATAM
EM-138101,Eleni McCrary,Corporate,Bhubaneswar,Odisha,India,Central Asia,APAC
JB-154002,Jennifer Braxton,Corporate,Taranto,Apulia,Italy,South,EU
TS-212051,Thomas Seio,Corporate,Yichun,Jiangxi,China,North Asia,APAC
SC-202301,Scot Coram,Corporate,Nanyang,Henan,China,North Asia,APAC
RP-198552,Roy Phan,Corporate,Cardiff,Wales,United Kingdom,North,EU
NH-186101,Nicole Hansen,Corporate,Thiruvananthapuram,Kerala,India,Central Asia,APAC
CA-123101,Christine Abelman,Corporate,Meerut,Uttar Pradesh,India,Central Asia,APAC
DR-128801,Dan Reichenbach,Corporate,Kuala Terengganu,Trengganu,Malaysia,Southeast Asia,APAC
JS-156851,Jim Sink,Corporate,Shanghai,Shanghai,China,North Asia,APAC
SF-209653,Sylvia Foulston,Corporate,Manizales,Caldas,Colombia,South,LATAM
MW-182351,Mitch Willingham,Corporate,Hyderabad,Telangana,India,Central Asia,APAC
AY-105551,Andy Yotov,Corporate,Nagaoka,Shizuoka,Japan,North Asia,APAC
GM-146951,Greg Maxwell,Corporate,Guangzhou,Guangdong,China,North Asia,APAC
AR-108252,Anthony Rawles,Corporate,Pesaro,Marche,Italy,South,EU
AR-104052,Allen Rosenblatt,Corporate,Turin,Piedmont,Italy,South,EU
JD-161503,Justin Deggeller,Corporate,Itapevi,São Paulo,Brazil,South,LATAM
YS-218802,Yana Sorensen,Corporate,Kettering,England,United Kingdom,North,EU
KH-166303,Ken Heidel,Corporate,Hermosillo,Sonora,Mexico,North,LATAM
JS-156852,Jim Sink,Corporate,Luton,England,United Kingdom,North,EU
CS-124902,Cindy Schnelling,Corporate,Madrid,Madrid,Spain,South,EU
TS-211603,Theresa Swint,Corporate,Orizaba,Veracruz,Mexico,North,LATAM
CS-118453,Cari Sayre,Corporate,Taubaté,São Paulo,Brazil,South,LATAM
CK-127603,Cyma Kinney,Corporate,Soledad,Atlántico,Colombia,South,LATAM
CP-123401,Christine Phan,Corporate,Aurangabad,Bihar,India,Central Asia,APAC
CM-127151,Craig Molinari,Corporate,Sangli,Maharashtra,India,Central Asia,APAC
ND-184602,Neil Ducich,Corporate,Drammen,Buskerud,Norway,North,EU
TP-215653,Tracy Poddar,Corporate,Saltillo,Coahuila,Mexico,North,LATAM
CV-128052,Cynthia Voltz,Corporate,Stourbridge,England,United Kingdom,North,EU
SV-208152,Stuart Van,Corporate,Ravenna,Emilia-Romagna,Italy,South,EU
KE-164203,Katrina Edelman,Corporate,Las Tunas,Las Tunas,Cuba,Caribbean,LATAM
VG-218053,Vivek Grady,Corporate,Caucaia,Ceará,Brazil,South,LATAM
HH-150103,Hilary Holden,Corporate,Miguel Hidalgo,Distrito Federal,Mexico,North,LATAM
EB-137503,Edward Becker,Corporate,Santo André,São Paulo,Brazil,South,LATAM
VP-217602,Victoria Pisteka,Corporate,South Shields,England,United Kingdom,North,EU
AB-106003,Ann Blume,Corporate,Piedras Negras,Coahuila,Mexico,North,LATAM
DW-135853,Dorothy Wardle,Corporate,Las Tunas,Las Tunas,Cuba,Caribbean,LATAM
MC-176053,Matt Connell,Corporate,Puerto Padre,Las Tunas,Cuba,Caribbean,LATAM
GR-145603,Georgia Rosenberg,Corporate,Mexico City,Distrito Federal,Mexico,North,LATAM
SP-206503,Stephanie Phelps,Corporate,Maringá,Parana,Brazil,South,LATAM
LO-171701,Lori Olson,Corporate,Delhi,Delhi,India,Central Asia,APAC
KD-164951,Keith Dawkins,Corporate,Guangzhou,Guangdong,China,North Asia,APAC
LS-169452,Linda Southworth,Corporate,Bolton,England,United Kingdom,North,EU
AG-103001,Aleksandra Gannaway,Corporate,Suzhou,Anhui,China,North Asia,APAC
MG-182053,Mitch Gastineau,Corporate,Tlalnepantla,México,Mexico,North,LATAM
SP-206201,Stefania Perrino,Corporate,Dhaka,Dhaka,Bangladesh,Central Asia,APAC
SC-202603,Scott Cohen,Corporate,Durango,Durango,Mexico,North,LATAM
EB-139753,Erica Bern,Corporate,São Paulo,São Paulo,Brazil,South,LATAM
BS-113651,Bill Shonely,Corporate,Vijayawada,Andhra Pradesh,India,Central Asia,APAC
RW-196303,Rob Williams,Corporate,Managua,Managua,Nicaragua,Central,LATAM
MM-182803,Muhammed MacIntyre,Corporate,Mixco,Guatemala,Guatemala,Central,LATAM
FM-142153,Filia McAdams,Corporate,Amatitlán,Guatemala,Guatemala,Central,LATAM
JS-156853,Jim Sink,Corporate,Managua,Managua,Nicaragua,Central,LATAM
DJ-134203,Denny Joy,Corporate,Villa Canales,Guatemala,Guatemala,Central,LATAM
HG-149653,Henry Goldwyn,Corporate,San Salvador,San Salvador,El Salvador,Central,LATAM
NS-186403,Noel Staavos,Corporate,Managua,Managua,Nicaragua,Central,LATAM
DS-131803,David Smith,Corporate,Managua,Managua,Nicaragua,Central,LATAM
BP-110503,Barry Pond,Corporate,Mejicanos,San Salvador,El Salvador,Central,LATAM
TT-212653,Tim Taslimi,Corporate,San Salvador,San Salvador,El Salvador,Central,LATAM
MC-175903,Matt Collister,Corporate,Chimaltenango,Chimaltenango,Guatemala,Central,LATAM
HW-149353,Helen Wasserman,Corporate,Soyapango,San Salvador,El Salvador,Central,LATAM
SV-208153,Stuart Van,Corporate,Chinandega,Chinandega,Nicaragua,Central,LATAM
AG-104953,Andrew Gjertsen,Corporate,Petapa,Guatemala,Guatemala,Central,LATAM
SW-207553,Steven Ward,Corporate,Managua,Managua,Nicaragua,Central,LATAM
NC-186253,Noah Childs,Corporate,Managua,Managua,Nicaragua,Central,LATAM
FW-143953,Fred Wasserman,Corporate,León,León,Nicaragua,Central,LATAM
DH-130753,Dave Hallsten,Corporate,Masaya,Masaya,Nicaragua,Central,LATAM
EM-138253,Elizabeth Moffitt,Corporate,Chimaltenango,Chimaltenango,Guatemala,Central,LATAM
AR-104053,Allen Rosenblatt,Corporate,Managua,Managua,Nicaragua,Central,LATAM
MK-179053,Michael Kennedy,Corporate,San Salvador,San Salvador,El Salvador,Central,LATAM
DP-131052,Dave Poirier,Corporate,La Seyne-sur-Mer,Provence-Alpes-Côte d'Azur,France,Central,EU
DB-129702,Darren Budd,Corporate,Tourcoing,Nord-Pas-de-Calais,France,Central,EU
BS-113802,Bill Stewart,Corporate,Oyonnax,Rhône-Alpes,France,Central,EU
SH-199752,Sally Hughsby,Corporate,Munich,Bavaria,Germany,Central,EU
TS-211602,Theresa Swint,Corporate,Vienna,Vienna,Austria,Central,EU
JM-152652,Janet Molinari,Corporate,Lormont,Aquitaine,France,Central,EU
ML-180402,Michelle Lonsdale,Corporate,Aix-en-Provence,Provence-Alpes-Côte d'Azur,France,Central,EU
TB-211752,Thomas Boland,Corporate,Taverny,Ile-de-France,France,Central,EU
CC-126102,Corey Catlett,Corporate,Marseille,Provence-Alpes-Côte d'Azur,France,Central,EU
CM-118302,Cari MacIntyre,Corporate,Friedrichshafen,Baden-Württemberg,Germany,Central,EU
GH-144852,Gene Hale,Corporate,Verdun,Lorraine,France,Central,EU
NB-186552,Nona Balk,Corporate,Hamburg,Hamburg,Germany,Central,EU
AG-104952,Andrew Gjertsen,Corporate,Pforzheim,Baden-Württemberg,Germany,Central,EU
FH-142752,Frank Hawley,Corporate,Wiesbaden,Hesse,Germany,Central,EU
TP-215652,Tracy Poddar,Corporate,Basel,Basel-Stadt,Switzerland,Central,EU
Dl-136002,Dorris liebe,Corporate,Mont-de-Marsan,Aquitaine,France,Central,EU
HM-148602,Harry Marie,Corporate,Brandenburg,Brandenburg,Germany,Central,EU
SW-207552,Steven Ward,Corporate,Gronau,North Rhine-Westphalia,Germany,Central,EU
BF-109752,Barbara Fisher,Corporate,Saint-Priest,Rhône-Alpes,France,Central,EU
SH-206352,Stefanie Holloman,Corporate,Heilbronn,Baden-Württemberg,Germany,Central,EU
LW-168252,Laurel Workman,Corporate,Vienna,Vienna,Austria,Central,EU
KD-164952,Keith Dawkins,Corporate,Jena,Thuringia,Germany,Central,EU
AH-100752,Adam Hart,Corporate,Brest,Brittany,France,Central,EU
GG-146502,Greg Guthrie,Corporate,Angers,Pays de la Loire,France,Central,EU
GT-146352,Grant Thornton,Corporate,Marseille,Provence-Alpes-Côte d'Azur,France,Central,EU
CB-125352,Claudia Bergmann,Corporate,Hildesheim,Lower Saxony,Germany,Central,EU
AH-106902,Anna Häberlin,Corporate,Grasse,Provence-Alpes-Côte d'Azur,France,Central,EU
BS-115902,Brendan Sweed,Corporate,Thionville,Lorraine,France,Central,EU
MF-182502,Monica Federle,Corporate,Hagen,North Rhine-Westphalia,Germany,Central,EU
EM-140952,Eudokia Martin,Corporate,Schweinfurt,Bavaria,Germany,Central,EU
RA-198852,Ruben Ausman,Corporate,Montpellier,Languedoc-Roussillon,France,Central,EU
CA-119652,Carol Adams,Corporate,Leipzig,Saxony,Germany,Central,EU
JS-155952,Jill Stevenson,Corporate,Forbach,Lorraine,France,Central,EU
KC-166752,Kimberly Carter,Corporate,Celle,Lower Saxony,Germany,Central,EU
RF-193452,Randy Ferguson,Corporate,Le Plessis-Robinson,Ile-de-France,France,Central,EU
NH-186102,Nicole Hansen,Corporate,Roissy-en-Brie,Ile-de-France,France,Central,EU
MY-182952,Muhammed Yedwab,Corporate,Munich,Bavaria,Germany,Central,EU
EB-137502,Edward Becker,Corporate,Linz,Upper Austria,Austria,Central,EU
TZ-214452,Tom Zandusky,Corporate,Mauguio,Languedoc-Roussillon,France,Central,EU
MP-179652,Michael Paige,Corporate,Arles,Provence-Alpes-Côte d'Azur,France,Central,EU
DJ-134202,Denny Joy,Corporate,Halle,North Rhine-Westphalia,Germany,Central,EU
DM-129552,Dario Medina,Corporate,Lannion,Brittany,France,Central,EU
GP-147402,Guy Phonely,Corporate,Vaulx-en-Velin,Rhône-Alpes,France,Central,EU
MG-182052,Mitch Gastineau,Corporate,Vienna,Vienna,Austria,Central,EU
TC-211452,Theresa Coyne,Corporate,Loos,Nord-Pas-de-Calais,France,Central,EU
BM-116502,Brian Moss,Corporate,Saint-Genis-Laval,Rhône-Alpes,France,Central,EU
JK-153252,Jason Klamczynski,Corporate,Torcy,Ile-de-France,France,Central,EU
DV-130452,Darrin Van Huff,Corporate,Conflans-Sainte-Honorine,Ile-de-France,France,Central,EU
DW-131952,David Wiener,Corporate,Langenfeld,North Rhine-Westphalia,Germany,Central,EU
RS-194202,Ricardo Sperren,Corporate,Neuilly-sur-Seine,Ile-de-France,France,Central,EU
DH-130752,Dave Hallsten,Corporate,Essen,North Rhine-Westphalia,Germany,Central,EU
GK-146202,Grace Kelly,Corporate,Hamm,North Rhine-Westphalia,Germany,Central,EU
CS-118452,Cari Sayre,Corporate,Munich,Bavaria,Germany,Central,EU
BB-109902,Barry Blumstein,Corporate,Magdeburg,Saxony-Anhalt,Germany,Central,EU
KC-162552,Karen Carlisle,Corporate,Antwerp,Antwerp,Belgium,Central,EU
DW-135852,Dorothy Wardle,Corporate,Brest,Brittany,France,Central,EU
DM-35251,Don Miller,Corporate,Kolwezi,Katanga,Democratic Republic of the Congo,Africa,Africa
MM-82802,Muhammed MacIntyre,Corporate,Brest,Brest,Belarus,EMEA,EMEA
SC-102301,Scot Coram,Corporate,Fes,Fès-Boulemane,Morocco,Africa,Africa
RR-95252,Rick Reed,Corporate,Tychy,Silesia,Poland,EMEA,EMEA
BS-113653,Bill Shonely,Corporate,Dourados,Mato Grosso do Sul,Brazil,South,LATAM
AG-3001,Aleksandra Gannaway,Corporate,Matola,Maputo,Mozambique,Africa,Africa
LO-171703,Lori Olson,Corporate,Barranquilla,Atlántico,Colombia,South,LATAM
MC-174251,Mark Cousins,Corporate,Zhangjiakou,Hebei,China,North Asia,APAC
BT-13951,Bill Tyler,Corporate,Tetouan,Tanger-Tétouan,Morocco,Africa,Africa
HW-49352,Helen Wasserman,Corporate,Tehran,Tehran,Iran,EMEA,EMEA
JS-56852,Jim Sink,Corporate,Sanandaj,Kordestan,Iran,EMEA,EMEA
EM-138251,Elizabeth Moffitt,Corporate,Himeji,Hyogo,Japan,North Asia,APAC
CK-27601,Cyma Kinney,Corporate,Thies Nones,Thies,Senegal,Africa,Africa
KE-164201,Katrina Edelman,Corporate,Jodhpur,Rajasthan,India,Central Asia,APAC
RW-195402,Rick Wilson,Corporate,Kristiansand,Vest-Agder,Norway,North,EU
NH-86103,Nicole Hansen,Corporate,Sibiu,Sibiu,Romania,EMEA,EMEA
MH-176202,Matt Hagelstein,Corporate,Valladolid,Castile and León,Spain,South,EU
AC-6152,Ann Chong,Corporate,Craiova,Dolj,Romania,EMEA,EMEA
AS-102853,Alejandro Savely,Corporate,São Paulo,São Paulo,Brazil,South,LATAM
DJ-34202,Denny Joy,Corporate,Baku,Baki,Azerbaijan,EMEA,EMEA
MG-182051,Mitch Gastineau,Corporate,Thane,Maharashtra,India,Central Asia,APAC
TS-114302,Tom Stivers,Corporate,Qom,Qom,Iran,EMEA,EMEA
CV-28051,Cynthia Voltz,Corporate,Maseru,Maseru,Lesotho,Africa,Africa
ND-184603,Neil Ducich,Corporate,Tijuana,Baja California,Mexico,North,LATAM
RS-194201,Ricardo Sperren,Corporate,Kabul,Kabul,Afghanistan,Central Asia,APAC
FH-143652,Fred Hopkins,Corporate,Drammen,Buskerud,Norway,North,EU
DK-131501,David Kendrick,Corporate,Linhai,Zhejiang,China,North Asia,APAC
DK-132252,Dean Katz,Corporate,Hamburg,Hamburg,Germany,Central,EU
EB-37501,Edward Becker,Corporate,Oshawa,Ontario,Canada,Canada,Canada
ON-187152,Odella Nelson,Corporate,Paris,Ile-de-France,France,Central,EU
GR-145602,Georgia Rosenberg,Corporate,Oslo,Oslo,Norway,North,EU
NC-186251,Noah Childs,Corporate,Yueyang,Hunan,China,North Asia,APAC
BV-112453,Benjamin Venier,Corporate,Acuña,Coahuila,Mexico,North,LATAM
RS-197653,Roland Schwarz,Corporate,Chinandega,Chinandega,Nicaragua,Central,LATAM
EB-137053,Ed Braxton,Corporate,Tlalnepantla,México,Mexico,North,LATAM
AH-101953,Alan Haines,Corporate,Jundiaí,São Paulo,Brazil,South,LATAM
EM-40952,Eudokia Martin,Corporate,Halifax,Nova Scotia,Canada,Canada,Canada
LW-69902,Lindsay Williams,Corporate,Ahvaz,Khuzestan,Iran,EMEA,EMEA
GP-147403,Guy Phonely,Corporate,Juiz de Fora,Minas Gerais,Brazil,South,LATAM
SG-108902,Susan Gilcrest,Corporate,Baku,Baki,Azerbaijan,EMEA,EMEA
KL-65551,Kelly Lampkin,Corporate,Hurghada,Al Bahr Al Ahmar,Egypt,Africa,Africa
LS-172002,Luke Schmidt,Corporate,Deuil-la-Barre,Ile-de-France,France,Central,EU
DK-128352,Damala Kotsonis,Corporate,Madrid,Madrid,Spain,South,EU
LS-69451,Linda Southworth,Corporate,Alexandria,Al Iskandariyah,Egypt,Africa,Africa
GP-47401,Guy Phonely,Corporate,Casablanca,Grand Casablanca,Morocco,Africa,Africa
LS-69452,Linda Southworth,Corporate,Calgary,Alberta,Canada,Canada,Canada
KB-162401,Karen Bern,Corporate,Kalyan,Maharashtra,India,Central Asia,APAC
MS-179803,Michael Stewart,Corporate,Tijuana,Baja California,Mexico,North,LATAM
KC-166753,Kimberly Carter,Corporate,São Paulo,São Paulo,Brazil,South,LATAM
LW-68251,Laurel Workman,Corporate,Morogoro,Morogoro,Tanzania,Africa,Africa
CM-18151,Candace McMahon,Corporate,Fes,Fès-Boulemane,Morocco,Africa,Africa
SW-107551,Steven Ward,Corporate,Abidjan,Lagunes,Cote d'Ivoire,Africa,Africa
SP-208603,Sung Pak,Corporate,Gómez Palacio,Durango,Mexico,North,LATAM
NH-186103,Nicole Hansen,Corporate,São Bernardo do Campo,São Paulo,Brazil,South,LATAM
DJ-135101,Don Jones,Corporate,Bangalore,Karnataka,India,Central Asia,APAC
ES-40801,Erin Smith,Corporate,Annaba,Annaba,Algeria,Africa,Africa
KH-63302,Katharine Harms,Corporate,Kharkiv,Kharkiv,Ukraine,EMEA,EMEA
AH-106901,Anna Häberlin,Corporate,Chenzhou,Hunan,China,North Asia,APAC
DH-30751,Dave Hallsten,Corporate,Mombasa,Coast,Kenya,Africa,Africa
RW-196301,Rob Williams,Corporate,Kawagoe,Saitama,Japan,North Asia,APAC
RP-92702,Rachel Payne,Corporate,Uvarovo,Tambov,Russia,EMEA,EMEA
JG-153103,Jason Gross,Corporate,Juárez,Chihuahua,Mexico,North,LATAM
DM-135253,Don Miller,Corporate,Mexico City,Distrito Federal,Mexico,North,LATAM
MC-176353,Matthew Clasen,Corporate,Santa Ana,Santa Ana,El Salvador,Central,LATAM
JC-161051,Julie Creighton,Corporate,Thane,Maharashtra,India,Central Asia,APAC
LO-171702,Lori Olson,Corporate,Nottingham,England,United Kingdom,North,EU
BV-12451,Benjamin Venier,Corporate,Mashhad,Razavi Khorasan,Iran,EMEA,EMEA
TT-112651,Tim Taslimi,Corporate,Johannesburg,Gauteng,South Africa,Africa,Africa
JD-58952,Jonathan Doherty,Corporate,Mississauga,Ontario,Canada,Canada,Canada
NC-85351,Nick Crebassa,Corporate,Kinshasa,Kinshasa,Democratic Republic of the Congo,Africa,Africa
MH-74401,Mark Haberlin,Corporate,Johannesburg,Gauteng,South Africa,Africa,Africa
KN-164503,Kean Nguyen,Corporate,Las Tunas,Las Tunas,Cuba,Caribbean,LATAM
JP-54603,Jennifer Patt,Corporate,Mashhad,Razavi Khorasan,Iran,EMEA,EMEA
GP-147401,Guy Phonely,Corporate,Varanasi,Uttar Pradesh,India,Central Asia,APAC
KC-162553,Karen Carlisle,Corporate,Toluca,México,Mexico,North,LATAM
LR-170351,Lisa Ryan,Corporate,Agra,Uttar Pradesh,India,Central Asia,APAC
SC-207701,Stewart Carmichael,Corporate,Bhiwandi,Maharashtra,India,Central Asia,APAC
CM-18302,Cari MacIntyre,Corporate,Hamadan,Hamadan,Iran,EMEA,EMEA
JE-161652,Justin Ellison,Corporate,Sandnes,Rogaland,Norway,North,EU
TS-111602,Theresa Swint,Corporate,Warsaw,Masovia,Poland,EMEA,EMEA
JR-162102,Justin Ritter,Corporate,Glasgow,Scotland,United Kingdom,North,EU
LS-172003,Luke Schmidt,Corporate,Chihuahua,Chihuahua,Mexico,North,LATAM
AM-3601,Alice McCarthy,Corporate,Johannesburg,Gauteng,South Africa,Africa,Africa
FA-42301,Frank Atkinson,Corporate,Cairo,Al Qahirah,Egypt,Africa,Africa
SC-107701,Stewart Carmichael,Corporate,Kalemie,Katanga,Democratic Republic of the Congo,Africa,Africa
CJ-18752,Carl Jackson,Corporate,Khorramabad,Lorestan,Iran,EMEA,EMEA
CY-127453,Craig Yedwab,Corporate,Bayamo,Granma,Cuba,Caribbean,LATAM
RW-195401,Rick Wilson,Corporate,Burnie,Tasmania,Australia,Oceania,APAC
AJ-7952,Anthony Johnson,Corporate,Kharkiv,Kharkiv,Ukraine,EMEA,EMEA
KN-64501,Kean Nguyen,Corporate,Kumasi,Ashanti,Ghana,Africa,Africa
DG-133002,Deirdre Greer,Corporate,Murcia,Murcia,Spain,South,EU
HR-148303,Harold Ryan,Corporate,Toluca,México,Mexico,North,LATAM
KN-163901,Katherine Nockton,Corporate,Cessnock,New South Wales,Australia,Oceania,APAC
AR-3451,Alex Russell,Corporate,Chingola,Copperbelt,Zambia,Africa,Africa
CM-27152,Craig Molinari,Corporate,Ad Diwaniyah,Al Qadisiyah,Iraq,EMEA,EMEA
MK-179051,Michael Kennedy,Corporate,Shanghai,Shanghai,China,North Asia,APAC
DM-29551,Dario Medina,Corporate,Bukavu,South Kivu,Democratic Republic of the Congo,Africa,Africa
NB-85803,Nicole Brennan,Corporate,Donets'k,Donetsk,Ukraine,EMEA,EMEA
FA-142302,Frank Atkinson,Corporate,Reggio nell'Emilia,Emilia-Romagna,Italy,South,EU
TH-112352,Tiffany House,Corporate,Baghdad,Baghdad,Iraq,EMEA,EMEA
SG-208903,Susan Gilcrest,Corporate,Villa Nueva,Guatemala,Guatemala,Central,LATAM
KB-166002,Ken Brennan,Corporate,Cluses,Rhône-Alpes,France,Central,EU
LW-169901,Lindsay Williams,Corporate,Surat,Gujarat,India,Central Asia,APAC
JR-62103,Justin Ritter,Corporate,Prague,Prague,Czech Republic,EMEA,EMEA
AG-4953,Andrew Gjertsen,Corporate,Basra,Al Basrah,Iraq,EMEA,EMEA
MC-174253,Mark Cousins,Corporate,Teresina,Piauí,Brazil,South,LATAM
DK-31502,David Kendrick,Corporate,Kherson,Kherson,Ukraine,EMEA,EMEA
VW-217751,Victoria Wilson,Corporate,Ninghai,Zhejiang,China,North Asia,APAC
KH-166302,Ken Heidel,Corporate,Brescia,Lombardy,Italy,South,EU
NS-86401,Noel Staavos,Corporate,Larache,Tanger-Tétouan,Morocco,Africa,Africa
ES-40802,Erin Smith,Corporate,Al Muharraq,Muharraq,Bahrain,EMEA,EMEA
JC-161053,Julie Creighton,Corporate,Cienfuegos,Cienfuegos,Cuba,Caribbean,LATAM
LS-172001,Luke Schmidt,Corporate,Port Macquarie,New South Wales,Australia,Oceania,APAC
ON-187153,Odella Nelson,Corporate,Mexico City,Distrito Federal,Mexico,North,LATAM
VW-117751,Victoria Wilson,Corporate,Aswan,Aswan,Egypt,Africa,Africa
MH-177853,Maya Herman,Corporate,Santa Catarina,Nuevo León,Mexico,North,LATAM
VW-117752,Victoria Wilson,Corporate,Prague,Prague,Czech Republic,EMEA,EMEA
JM-152653,Janet Molinari,Corporate,Pinar del Río,Pinar del Río,Cuba,Caribbean,LATAM
GG-46502,Greg Guthrie,Corporate,Ulan Bator,Ulaanbaatar,Mongolia,EMEA,EMEA
JO-151452,Jack O'Briant,Corporate,Le Chesnay,Ile-de-France,France,Central,EU
PW-90301,Pauline Webber,Corporate,Kinshasa,Kinshasa,Democratic Republic of the Congo,Africa,Africa
JD-58951,Jonathan Doherty,Corporate,Mbeya,Mbeya,Tanzania,Africa,Africa
JW-52201,Jane Waco,Corporate,Dakar,Dakar,Senegal,Africa,Africa
DM-133451,Denise Monton,Corporate,Bokaro,Jharkhand,India,Central Asia,APAC
RS-94201,Ricardo Sperren,Corporate,Kandi,Alibori,Benin,Africa,Africa
SF-109652,Sylvia Foulston,Corporate,Kermanshah,Kermanshah,Iran,EMEA,EMEA
SC-204403,Shaun Chance,Corporate,Artemisa,Artemisa,Cuba,Caribbean,LATAM
FH-43652,Fred Hopkins,Corporate,Medina,Al Madinah,Saudi Arabia,EMEA,EMEA
LD-68552,Lela Donovan,Corporate,Kharkiv,Kharkiv,Ukraine,EMEA,EMEA
SM-109501,Suzanne McNair,Corporate,Cairo,Al Qahirah,Egypt,Africa,Africa
LC-169302,Linda Cazamias,Corporate,Brussels,Brussels,Belgium,Central,EU
VG-218051,Vivek Grady,Corporate,Thiruvananthapuram,Kerala,India,Central Asia,APAC
BP-11851,Ben Peterman,Corporate,Yamoussoukro,Lacs,Cote d'Ivoire,Africa,Africa
BB-9902,Barry Blumstein,Corporate,Riyadh,Ar Riyad,Saudi Arabia,EMEA,EMEA
ER-138552,Elpida Rittenbach,Corporate,Torquay,England,United Kingdom,North,EU
FH-143653,Fred Hopkins,Corporate,Saltillo,Coahuila,Mexico,North,LATAM
SP-206203,Stefania Perrino,Corporate,Tipitapa,Managua,Nicaragua,Central,LATAM
DV-130451,Darrin Van Huff,Corporate,Madurai,Tamil Nadu,India,Central Asia,APAC
AH-751,Adam Hart,Corporate,Garoua,Nord,Cameroon,Africa,Africa
CS-122502,Chris Selesnick,Corporate,Stoke-on-Trent,England,United Kingdom,North,EU
SV-108152,Stuart Van,Corporate,Montréal,Quebec,Canada,Canada,Canada
DJ-135102,Don Jones,Corporate,Langen,Lower Saxony,Germany,Central,EU
LA-167801,Laura Armstrong,Corporate,Mudanjiang,Heilongjiang,China,North Asia,APAC
LW-168251,Laurel Workman,Corporate,Singapore,Singapore,Singapore,Southeast Asia,APAC
MY-173803,Maribeth Yedwab,Corporate,Contramaestre,Santiago de Cuba,Cuba,Caribbean,LATAM
LD-168552,Lela Donovan,Corporate,Baden-Baden,Baden-Württemberg,Germany,Central,EU
RR-195251,Rick Reed,Corporate,Shanghai,Shanghai,China,North Asia,APAC
VB-217452,Victoria Brennan,Corporate,Paris,Ile-de-France,France,Central,EU
BN-114701,Brad Norvell,Corporate,Kuala Lumpur,Kuala Lumpur,Malaysia,Southeast Asia,APAC
MZ-175152,Mary Zewe,Corporate,Nantes,Pays de la Loire,France,Central,EU
CS-121752,Charles Sheldon,Corporate,Hamburg,Hamburg,Germany,Central,EU
KH-163302,Katharine Harms,Corporate,Rome,Lazio,Italy,South,EU
AS-102253,Alan Schoenberger,Corporate,Londrina,Parana,Brazil,South,LATAM
KD-166151,Ken Dana,Corporate,Chennai,Tamil Nadu,India,Central Asia,APAC
JM-152651,Janet Molinari,Corporate,Guangzhou,Guangdong,China,North Asia,APAC
CS-122501,Chris Selesnick,Corporate,Shah Alam,Selangor,Malaysia,Southeast Asia,APAC
GH-144853,Gene Hale,Corporate,Ciudad del Carmen,Campeche,Mexico,North,LATAM
DG-133003,Deirdre Greer,Corporate,Mexico City,Distrito Federal,Mexico,North,LATAM
SP-206202,Stefania Perrino,Corporate,Herne,North Rhine-Westphalia,Germany,Central,EU
KB-165851,Ken Black,Corporate,Qingdao,Shandong,China,North Asia,APAC
FH-142751,Frank Hawley,Corporate,Durgapur,Maharashtra,India,Central Asia,APAC
AR-103452,Alex Russell,Corporate,Albacete,Castile-La Mancha,Spain,South,EU
GZ-145451,George Zrebassa,Corporate,Saharanpur,Uttar Pradesh,India,Central Asia,APAC
MH-174403,Mark Haberlin,Corporate,Curitiba,Parana,Brazil,South,LATAM
SM-209502,Suzanne McNair,Corporate,Lyon,Rhône-Alpes,France,Central,EU
FW-143952,Fred Wasserman,Corporate,Saint-Herblain,Pays de la Loire,France,Central,EU
ME-180102,Michelle Ellison,Corporate,Essen,North Rhine-Westphalia,Germany,Central,EU
SG-208902,Susan Gilcrest,Corporate,Hartlepool,England,United Kingdom,North,EU
QJ-192552,Quincy Jones,Corporate,Milan,Lombardy,Italy,South,EU
CC-126103,Corey Catlett,Corporate,Mexico City,Distrito Federal,Mexico,North,LATAM
YS-218803,Yana Sorensen,Corporate,Chinautla,Guatemala,Guatemala,Central,LATAM
EM-138252,Elizabeth Moffitt,Corporate,Miramas,Provence-Alpes-Côte d'Azur,France,Central,EU
SC-206953,Steve Chapman,Corporate,Manzanillo,Colima,Mexico,North,LATAM
RA-198851,Ruben Ausman,Corporate,Vadodara,Gujarat,India,Central Asia,APAC
JG-158051,John Grady,Corporate,Daqing,Heilongjiang,China,North Asia,APAC
BB-115452,Brenda Bowman,Corporate,Munich,Bavaria,Germany,Central,EU
FC-143352,Fred Chung,Corporate,Vicenza,Veneto,Italy,South,EU
AJ-107802,Anthony Jacobs,Corporate,Bremen,Bremen,Germany,Central,EU
TS-214301,Tom Stivers,Corporate,Singapore,Singapore,Singapore,Southeast Asia,APAC
RP-198553,Roy Phan,Corporate,Gómez Palacio,Durango,Mexico,North,LATAM
BM-115752,Brendan Murry,Corporate,Amiens,Picardy,France,Central,EU
KB-166003,Ken Brennan,Corporate,Mejicanos,San Salvador,El Salvador,Central,LATAM
SP-206502,Stephanie Phelps,Corporate,Edinburgh,Scotland,United Kingdom,North,EU
JW-152201,Jane Waco,Corporate,Chennai,Tamil Nadu,India,Central Asia,APAC
ON-187151,Odella Nelson,Corporate,Pingnan,Guangxi,China,North Asia,APAC
DB-135552,Dorothy Badders,Corporate,Hamburg,Hamburg,Germany,Central,EU
KN-163903,Katherine Nockton,Corporate,Consolación del Sur,Pinar del Río,Cuba,Caribbean,LATAM
KH-163301,Katharine Harms,Corporate,Singapore,Singapore,Singapore,Southeast Asia,APAC
BB-115453,Brenda Bowman,Corporate,Juárez,Chihuahua,Mexico,North,LATAM
KS-163002,Karen Seio,Corporate,Hasselt,Limburg,Belgium,Central,EU
HW-149352,Helen Wasserman,Corporate,Ivry-sur-Seine,Ile-de-France,France,Central,EU
MH-177852,Maya Herman,Corporate,Montesson,Ile-de-France,France,Central,EU
MY-182953,Muhammed Yedwab,Corporate,Matagalpa,Matagalpa,Nicaragua,Central,LATAM
AC-104203,Alyssa Crouse,Corporate,Cuscatancingo,San Salvador,El Salvador,Central,LATAM
JG-158053,John Grady,Corporate,Las Tunas,Las Tunas,Cuba,Caribbean,LATAM
ER-38552,Elpida Rittenbach,Corporate,Budapest,Budapest,Hungary,EMEA,EMEA
MM-182802,Muhammed MacIntyre,Corporate,Cognac,Poitou-Charentes,France,Central,EU
CA-123103,Christine Abelman,Corporate,Huehuetenango,Huehuetenango,Guatemala,Central,LATAM
GD-145902,Giulietta Dortch,Corporate,Brindisi,Apulia,Italy,South,EU
SP-106202,Stefania Perrino,Corporate,Mecca,Makkah,Saudi Arabia,EMEA,EMEA
GD-145903,Giulietta Dortch,Corporate,Miguel Hidalgo,Distrito Federal,Mexico,North,LATAM
KL-165551,Kelly Lampkin,Corporate,Chengdu,Sichuan,China,North Asia,APAC
AH-100303,Aaron Hawkins,Corporate,Saltillo,Coahuila,Mexico,North,LATAM
EH-137652,Edward Hooks,Corporate,Naples,Campania,Italy,South,EU
DM-133453,Denise Monton,Corporate,Tuxtla Gutiérrez,Chiapas,Mexico,North,LATAM
AB-106001,Ann Blume,Corporate,Baotou,Inner Mongolia,China,North Asia,APAC
PB-192102,Phillip Breyer,Corporate,Coventry,England,United Kingdom,North,EU
TS-212052,Thomas Seio,Corporate,Lugo,Galicia,Spain,South,EU
AM-103602,Alice McCarthy,Corporate,Drancy,Ile-de-France,France,Central,EU
MY-82952,Muhammed Yedwab,Corporate,Tel Aviv,Tel Aviv,Israel,EMEA,EMEA
CP-20851,Cathy Prescott,Corporate,Potchefstroom,North-West,South Africa,Africa,Africa
TS-113701,Todd Sumrall,Corporate,Niamey,Niamey,Niger,Africa,Africa
DM-29553,Dario Medina,Corporate,Balti,Balti,Moldova,EMEA,EMEA
FC-143351,Fred Chung,Corporate,Shanghai,Shanghai,China,North Asia,APAC
PJ-188352,Patrick Jones,Corporate,Florence,Tuscany,Italy,South,EU
KB-162402,Karen Bern,Corporate,Madrid,Madrid,Spain,South,EU
CY-127452,Craig Yedwab,Corporate,Trapani,Sicily,Italy,South,EU
KN-163902,Katherine Nockton,Corporate,Castelnau-le-Lez,Languedoc-Roussillon,France,Central,EU
GT-46351,Grant Thornton,Corporate,Hargeysa,Woqooyi Galbeed,Somalia,Africa,Africa
AR-104051,Allen Rosenblatt,Corporate,Mathura,Uttar Pradesh,India,Central Asia,APAC
RR-95251,Rick Reed,Corporate,Markham,Ontario,Canada,Canada,Canada
TB-211753,Thomas Boland,Corporate,Santiago de Cuba,Santiago de Cuba,Cuba,Caribbean,LATAM
TB-111752,Thomas Boland,Corporate,Wadi as Sir,'Amman,Jordan,EMEA,EMEA
KH-66901,Kristen Hastings,Corporate,Marrakech,Marrakech-Tensift-El Haouz,Morocco,Africa,Africa
MP-79651,Michael Paige,Corporate,Hurghada,Al Bahr Al Ahmar,Egypt,Africa,Africa
KS-163003,Karen Seio,Corporate,Caucaia,Ceará,Brazil,South,LATAM
RP-192702,Rachel Payne,Corporate,Chelles,Ile-de-France,France,Central,EU
MC-81301,Mike Caudle,Corporate,Garoua,Nord,Cameroon,Africa,Africa
BF-9751,Barbara Fisher,Corporate,Kigali,Kigali,Rwanda,Africa,Africa
MS-79802,Michael Stewart,Corporate,Hrodna,Hrodna,Belarus,EMEA,EMEA
HG-149651,Henry Goldwyn,Corporate,Koshigaya,Saitama,Japan,North Asia,APAC
MY-82951,Muhammed Yedwab,Corporate,George,Western Cape,South Africa,Africa,Africa
TB-213553,Todd Boyes,Corporate,Juárez,Chihuahua,Mexico,North,LATAM
MM-82801,Muhammed MacIntyre,Corporate,Port Elizabeth,Eastern Cape,South Africa,Africa,Africa
JC-61052,Julie Creighton,Corporate,Plzen,Plzen,Czech Republic,EMEA,EMEA
GB-45303,George Bell,Corporate,Klagenfurt,Carinthia,Austria,EMEA,EMEA
DJ-35103,Don Jones,Corporate,Zhytomyr,Zhytomyr,Ukraine,EMEA,EMEA
TC-111451,Theresa Coyne,Corporate,Sale,Rabat-Salé-Zemmour-Zaer,Morocco,Africa,Africa
BO-13501,Bill Overfelt,Corporate,East London,Eastern Cape,South Africa,Africa,Africa
AG-103003,Aleksandra Gannaway,Corporate,Morelia,Michoacán,Mexico,North,LATAM
BF-109751,Barbara Fisher,Corporate,Guangzhou,Guangdong,China,North Asia,APAC
DS-131801,David Smith,Corporate,Tongchuan,Shaanxi,China,North Asia,APAC
AS-102851,Alejandro Savely,Corporate,Kanpur,Uttar Pradesh,India,Central Asia,APAC
TZ-214451,Tom Zandusky,Corporate,Chongqing,Chongqing,China,North Asia,APAC
JE-156101,Jim Epp,Corporate,Qingdao,Shandong,China,North Asia,APAC
AR-103451,Alex Russell,Corporate,Jiangmen,Guangdong,China,North Asia,APAC
SP-205451,Sibella Parks,Corporate,Nanchang,Jiangxi,China,North Asia,APAC
CS-118451,Cari Sayre,Corporate,Kabul,Kabul,Afghanistan,Central Asia,APAC
JM-156552,Jim Mitchum,Corporate,Florence,Tuscany,Italy,South,EU
RS-197652,Roland Schwarz,Corporate,Vienna,Vienna,Austria,Central,EU
HG-149652,Henry Goldwyn,Corporate,Niort,Poitou-Charentes,France,Central,EU
AY-105552,Andy Yotov,Corporate,Lyon,Rhône-Alpes,France,Central,EU
SV-208151,Stuart Van,Corporate,Vadodara,Gujarat,India,Central Asia,APAC
ML-173953,Marina Lichtenstein,Corporate,Juárez,Chihuahua,Mexico,North,LATAM
BP-111852,Ben Peterman,Corporate,Paris,Ile-de-France,France,Central,EU
DV-130453,Darrin Van Huff,Corporate,Caxias do Sul,Rio Grande do Sul,Brazil,South,LATAM
JM-156553,Jim Mitchum,Corporate,Tuxtla Gutiérrez,Chiapas,Mexico,North,LATAM
MD-178602,Michael Dominguez,Corporate,Gandia,Valenciana,Spain,South,EU
RW-95402,Rick Wilson,Corporate,Slupsk,Pomerania,Poland,EMEA,EMEA
FM-142152,Filia McAdams,Corporate,Essen,North Rhine-Westphalia,Germany,Central,EU
MC-181302,Mike Caudle,Corporate,Warrington,England,United Kingdom,North,EU
MK-179052,Michael Kennedy,Corporate,Evreux,Upper Normandy,France,Central,EU
CJ-18751,Carl Jackson,Corporate,Dar es Salaam,Dar Es Salaam,Tanzania,Africa,Africa
CS-22501,Chris Selesnick,Corporate,Benghazi,Banghazi,Libya,Africa,Africa
AS-100451,Aaron Smayling,Corporate,Singapore,Singapore,Singapore,Southeast Asia,APAC
PC-87451,Pamela Coakley,Corporate,Lome,Maritime,Togo,Africa,Africa
NC-186252,Noah Childs,Corporate,Bochum,North Rhine-Westphalia,Germany,Central,EU
CP-120853,Cathy Prescott,Corporate,Apopa,San Salvador,El Salvador,Central,LATAM
CP-23401,Christine Phan,Corporate,Oran,Oran,Algeria,Africa,Africa
MY-173802,Maribeth Yedwab,Corporate,Imola,Emilia-Romagna,Italy,South,EU
EM-140953,Eudokia Martin,Corporate,Garza García,Nuevo León,Mexico,North,LATAM
AJ-107803,Anthony Jacobs,Corporate,Durango,Durango,Mexico,North,LATAM
CY-127451,Craig Yedwab,Corporate,Kathmandu,Central,Nepal,Central Asia,APAC
AH-100301,Aaron Hawkins,Corporate,Chongqing,Chongqing,China,North Asia,APAC
SC-202602,Scott Cohen,Corporate,Bolton,England,United Kingdom,North,EU
HE-48002,Harold Engle,Corporate,Bistrita,Bistrita-Nasaud,Romania,EMEA,EMEA
BP-111853,Ben Peterman,Corporate,Camaçari,Bahia,Brazil,South,LATAM
DH-30752,Dave Hallsten,Corporate,Riyadh,Ar Riyad,Saudi Arabia,EMEA,EMEA
DM-129551,Dario Medina,Corporate,Zhengzhou,Henan,China,North Asia,APAC
DG-33001,Deirdre Greer,Corporate,Kinshasa,Kinshasa,Democratic Republic of the Congo,Africa,Africa
HH-50101,Hilary Holden,Corporate,Dar es Salaam,Dar Es Salaam,Tanzania,Africa,Africa
TC-209803,Tamara Chand,Corporate,Sonsonate,Sonsonate,El Salvador,Central,LATAM
AR-108253,Anthony Rawles,Corporate,Barra do Piraí,Rio de Janeiro,Brazil,South,LATAM
GG-146501,Greg Guthrie,Corporate,Singapore,Singapore,Singapore,Southeast Asia,APAC
FH-43651,Fred Hopkins,Corporate,Hurghada,Al Bahr Al Ahmar,Egypt,Africa,Africa
AC-106151,Ann Chong,Corporate,Changzhou,Jiangsu,China,North Asia,APAC
CM-118153,Candace McMahon,Corporate,Ibagué,Tolima,Colombia,South,LATAM
PW-190302,Pauline Webber,Corporate,Southend-on-Sea,England,United Kingdom,North,EU
RF-193453,Randy Ferguson,Corporate,Santiago,Santiago,Chile,South,LATAM
TH-111153,Thea Hudgings,Corporate,Tbilisi,Tbilisi,Georgia,EMEA,EMEA
BS-15902,Brendan Sweed,Corporate,Zagreb,Grad Zagreb,Croatia,EMEA,EMEA
TB-111751,Thomas Boland,Corporate,Shinyanga,Shinyanga,Tanzania,Africa,Africa
AB-6001,Ann Blume,Corporate,Rabat,Rabat-Salé-Zemmour-Zaer,Morocco,Africa,Africa
TC-111452,Theresa Coyne,Corporate,Magnitogorsk,Chelyabinsk,Russia,EMEA,EMEA
CS-121751,Charles Sheldon,Corporate,Dhaka,Dhaka,Bangladesh,Central Asia,APAC
GH-44851,Gene Hale,Corporate,Alexandria,Al Iskandariyah,Egypt,Africa,Africa
DH-130751,Dave Hallsten,Corporate,Paraparaumu,Wellington,New Zealand,Oceania,APAC
DM-133452,Denise Monton,Corporate,Bremerhaven,Bremen,Germany,Central,EU
FW-43952,Fred Wasserman,Corporate,Mykolayiv,Mykolayiv,Ukraine,EMEA,EMEA
MK-79052,Michael Kennedy,Corporate,Winnipeg,Manitoba,Canada,Canada,Canada
EB-137052,Ed Braxton,Corporate,Seville,Andalusía,Spain,South,EU
BW-11102,Bart Watters,Corporate,Toronto,Ontario,Canada,Canada,Canada
KH-66902,Kristen Hastings,Corporate,Burnaby,British Columbia,Canada,Canada,Canada
BM-16502,Brian Moss,Corporate,Vaughan,Ontario,Canada,Canada,Canada
TC-211453,Theresa Coyne,Corporate,Mexico City,Distrito Federal,Mexico,North,LATAM
LR-170352,Lisa Ryan,Corporate,Hamburg,Hamburg,Germany,Central,EU
MH-74402,Mark Haberlin,Corporate,Kingston,Ontario,Canada,Canada,Canada
HE-148001,Harold Engle,Corporate,Linyi,Shandong,China,North Asia,APAC
NG-83552,Nat Gilpin,Corporate,Edmonton,Alberta,Canada,Canada,Canada
BB-109901,Barry Blumstein,Corporate,Christchurch,Canterbury,New Zealand,Oceania,APAC
TS-213702,Todd Sumrall,Corporate,Orihuela,Valenciana,Spain,South,EU
CK-127602,Cyma Kinney,Corporate,Espoo,Uusimaa,Finland,North,EU
RR-195253,Rick Reed,Corporate,Nueva Gerona,Isla de la Juventud,Cuba,Caribbean,LATAM
BP-110502,Barry Pond,Corporate,Wiesbaden,Hesse,Germany,Central,EU
TC-209801,Tamara Chand,Corporate,Kuala Lumpur,Kuala Lumpur,Malaysia,Southeast Asia,APAC
MH-76202,Matt Hagelstein,Corporate,Regina,Saskatchewan,Canada,Canada,Canada
NC-185352,Nick Crebassa,Corporate,El Prat de Llobregat,Catalonia,Spain,South,EU
SC-107702,Stewart Carmichael,Corporate,Montréal,Quebec,Canada,Canada,Canada
MG-82052,Mitch Gastineau,Corporate,Regina,Saskatchewan,Canada,Canada,Canada
DK-131502,David Kendrick,Corporate,Montauban,Midi-Pyrénées,France,Central,EU
SG-208901,Susan Gilcrest,Corporate,Wenzhou,Zhejiang,China,North Asia,APAC
CA-123102,Christine Abelman,Corporate,Bremen,Bremen,Germany,Central,EU
AS-102852,Alejandro Savely,Corporate,Valencia,Valenciana,Spain,South,EU
AO-108102,Anthony O'Donnell,Corporate,Leicester,England,United Kingdom,North,EU
RW-96302,Rob Williams,Corporate,Hamilton,Ontario,Canada,Canada,Canada
GH-44852,Gene Hale,Corporate,Regina,Saskatchewan,Canada,Canada,Canada
DM-35252,Don Miller,Corporate,Winnipeg,Manitoba,Canada,Canada,Canada
AG-4952,Andrew Gjertsen,Corporate,Edmonton,Alberta,Canada,Canada,Canada
CP-120852,Cathy Prescott,Corporate,Auxerre,Burgundy,France,Central,EU
JE-161653,Justin Ellison,Corporate,Bogotá,Bogota,Colombia,South,LATAM
DW-135851,Dorothy Wardle,Corporate,Shanghai,Shanghai,China,North Asia,APAC
SS-101402,Saphhira Shifley,Corporate,Brantford,Ontario,Canada,Canada,Canada
BP-110952,Bart Pistole,Corporate,Trier,Rhineland-Palatinate,Germany,Central,EU
AH-100302,Aaron Hawkins,Corporate,Strasbourg,Alsace,France,Central,EU
DB-131203,David Bremer,Corporate,Cartagena,Bolívar,Colombia,South,LATAM
NS-186402,Noel Staavos,Corporate,Madrid,Madrid,Spain,South,EU
TZ-214453,Tom Zandusky,Corporate,Mixco,Guatemala,Guatemala,Central,LATAM
Dl-136001,Dorris liebe,Corporate,Bangalore,Karnataka,India,Central Asia,APAC
NG-83553,Nat Gilpin,Corporate,Mashhad,Razavi Khorasan,Iran,EMEA,EMEA
AB-6002,Ann Blume,Corporate,Tallinn,Harjumaa,Estonia,EMEA,EMEA
AR-8252,Anthony Rawles,Corporate,Mashhad,Razavi Khorasan,Iran,EMEA,EMEA
TC-109802,Tamara Chand,Corporate,Baku,Baki,Azerbaijan,EMEA,EMEA
GM-46952,Greg Maxwell,Corporate,Iasi,Iasi,Romania,EMEA,EMEA
CA-23102,Christine Abelman,Corporate,Mosul,Ninawa,Iraq,EMEA,EMEA
RS-94203,Ricardo Sperren,Corporate,Qarshi,Qashqadaryo,Uzbekistan,EMEA,EMEA
MC-81302,Mike Caudle,Corporate,Vlore,Vlorë,Albania,EMEA,EMEA
ND-84603,Neil Ducich,Corporate,Usol'ye-Sibirskoye,Irkutsk,Russia,EMEA,EMEA
DM-35253,Don Miller,Corporate,Banska Bystrica,Banská Bystrica,Slovakia,EMEA,EMEA
CS-24902,Cindy Schnelling,Corporate,Ad Diwaniyah,Al Qadisiyah,Iraq,EMEA,EMEA
PW-90302,Pauline Webber,Corporate,Budapest,Budapest,Hungary,EMEA,EMEA
LS-72001,Luke Schmidt,Corporate,Chelyabinsk,Chelyabinsk,Russia,EMEA,EMEA
MC-76352,Matthew Clasen,Corporate,Yanbu al Bahr,Al Madinah,Saudi Arabia,EMEA,EMEA
MD-78601,Michael Dominguez,Corporate,Jeddah,Makkah,Saudi Arabia,EMEA,EMEA
BM-16503,Brian Moss,Corporate,Kermanshah,Kermanshah,Iran,EMEA,EMEA
TS-112052,Thomas Seio,Corporate,Ardabil,Ardabil,Iran,EMEA,EMEA
PB-92102,Phillip Breyer,Corporate,Severodvinsk,Arkhangel'sk,Russia,EMEA,EMEA
SW-107553,Steven Ward,Corporate,Rasht,Gilan,Iran,EMEA,EMEA
AG-3002,Aleksandra Gannaway,Corporate,Makhachkala,Dagestan,Russia,EMEA,EMEA
MK-79053,Michael Kennedy,Corporate,Gdynia,Pomerania,Poland,EMEA,EMEA
SH-106351,Stefanie Holloman,Corporate,Chisinau,Chisinau,Moldova,EMEA,EMEA
BW-11103,Bart Watters,Corporate,Donets'k,Donetsk,Ukraine,EMEA,EMEA
SV-108153,Stuart Van,Corporate,Vienna,Vienna,Austria,EMEA,EMEA
GZ-45453,George Zrebassa,Corporate,Baku,Baki,Azerbaijan,EMEA,EMEA
AH-1953,Alan Haines,Corporate,Tallinn,Harjumaa,Estonia,EMEA,EMEA
AH-753,Adam Hart,Corporate,Aligudarz,Lorestan,Iran,EMEA,EMEA
EB-39752,Erica Bern,Corporate,Tbilisi,Tbilisi,Georgia,EMEA,EMEA
MZ-75153,Mary Zewe,Corporate,Shiraz,Fars,Iran,EMEA,EMEA
GD-45902,Giulietta Dortch,Corporate,Riyadh,Ar Riyad,Saudi Arabia,EMEA,EMEA
CS-22502,Chris Selesnick,Corporate,Czestochowa,Silesia,Poland,EMEA,EMEA
JE-61652,Justin Ellison,Corporate,Ahvaz,Khuzestan,Iran,EMEA,EMEA
DM-33452,Denise Monton,Corporate,Yanbu al Bahr,Al Madinah,Saudi Arabia,EMEA,EMEA
BM-15752,Brendan Murry,Corporate,Uman',Cherkasy,Ukraine,EMEA,EMEA
AO-8103,Anthony O'Donnell,Corporate,Tel Aviv,Tel Aviv,Israel,EMEA,EMEA
PC-87452,Pamela Coakley,Corporate,Sofia,Sofiya-Grad,Bulgaria,EMEA,EMEA
LS-69453,Linda Southworth,Corporate,Irkutsk,Irkutsk,Russia,EMEA,EMEA
AS-2852,Alejandro Savely,Corporate,Basra,Al Basrah,Iraq,EMEA,EMEA
RA-98853,Ruben Ausman,Corporate,Donets'k,Donetsk,Ukraine,EMEA,EMEA
DV-30452,Darrin Van Huff,Corporate,Kaliningrad,Kaliningrad,Russia,EMEA,EMEA
SH-99752,Sally Hughsby,Corporate,Shiraz,Fars,Iran,EMEA,EMEA
SB-102901,Sean Braxton,Corporate,Arkhangelsk,Arkhangel'sk,Russia,EMEA,EMEA
KN-63902,Katherine Nockton,Corporate,Dnipropetrovs'k,Dnipropetrovs'k,Ukraine,EMEA,EMEA
HH-50102,Hilary Holden,Corporate,Giurgiu,Giurgiu,Romania,EMEA,EMEA
FC-43352,Fred Chung,Corporate,Javanrud,Kermanshah,Iran,EMEA,EMEA
AM-3602,Alice McCarthy,Corporate,Ulan Bator,Ulaanbaatar,Mongolia,EMEA,EMEA
BF-12752,Beth Fritzler,Corporate,Riyadh,Ar Riyad,Saudi Arabia,EMEA,EMEA
TT-112652,Tim Taslimi,Corporate,Quchan,Razavi Khorasan,Iran,EMEA,EMEA
LR-70352,Lisa Ryan,Corporate,Timisoara,Timis,Romania,EMEA,EMEA
JW-52202,Jane Waco,Corporate,Berdyans'k,Zaporizhzhya,Ukraine,EMEA,EMEA
MF-82502,Monica Federle,Corporate,Dnipropetrovs'k,Dnipropetrovs'k,Ukraine,EMEA,EMEA
KC-62552,Karen Carlisle,Corporate,Dnipropetrovs'k,Dnipropetrovs'k,Ukraine,EMEA,EMEA
BP-10952,Bart Pistole,Corporate,Homs,Hims,Syria,EMEA,EMEA
RS-97651,Roland Schwarz,Corporate,Algiers,Alger,Algeria,Africa,Africa
EM-38101,Eleni McCrary,Corporate,Dar es Salaam,Dar Es Salaam,Tanzania,Africa,Africa
DB-31201,David Bremer,Corporate,Sale,Rabat-Salé-Zemmour-Zaer,Morocco,Africa,Africa
AC-6151,Ann Chong,Corporate,Mogadishu,Banaadir,Somalia,Africa,Africa
JK-53251,Jason Klamczynski,Corporate,Alexandria,Al Iskandariyah,Egypt,Africa,Africa
NB-85801,Nicole Brennan,Corporate,Pretoria,Gauteng,South Africa,Africa,Africa
LR-70351,Lisa Ryan,Corporate,Lusaka,Lusaka,Zambia,Africa,Africa
BB-9901,Barry Blumstein,Corporate,Bur Sudan,Red Sea,Sudan,Africa,Africa
CS-18451,Cari Sayre,Corporate,Mbeya,Mbeya,Tanzania,Africa,Africa
RP-92701,Rachel Payne,Corporate,Meknes,Meknès-Tafilalet,Morocco,Africa,Africa
MC-76051,Matt Connell,Corporate,Nairobi,Nairobi,Kenya,Africa,Africa
HM-48601,Harry Marie,Corporate,Dakar,Dakar,Senegal,Africa,Africa
TH-111151,Thea Hudgings,Corporate,Uvira,South Kivu,Democratic Republic of the Congo,Africa,Africa
MH-77851,Maya Herman,Corporate,Soweto,Gauteng,South Africa,Africa,Africa
JS-55951,Jill Stevenson,Corporate,Lubumbashi,Katanga,Democratic Republic of the Congo,Africa,Africa
EB-37051,Ed Braxton,Corporate,Benghazi,Banghazi,Libya,Africa,Africa
KB-62401,Karen Bern,Corporate,Moshi,Kilimanjaro,Tanzania,Africa,Africa
MF-82501,Monica Federle,Corporate,Casablanca,Grand Casablanca,Morocco,Africa,Africa
AY-5551,Andy Yotov,Corporate,Bloemfontein,Free State,South Africa,Africa,Africa
JM-56551,Jim Mitchum,Corporate,Nzerekore,Nzérékoré,Guinea,Africa,Africa
AG-5251,Andy Gerbode,Corporate,East London,Eastern Cape,South Africa,Africa,Africa
KS-63001,Karen Seio,Corporate,Stanger,Kwazulu-natal,South Africa,Africa,Africa
AC-4201,Alyssa Crouse,Corporate,Durban,Kwazulu-natal,South Africa,Africa,Africa
MF-76651,Maureen Fritzler,Corporate,Pretoria,Gauteng,South Africa,Africa,Africa
KD-64951,Keith Dawkins,Corporate,Djougou,Donga,Benin,Africa,Africa
BF-10201,Barry Französisch,Corporate,Casablanca,Grand Casablanca,Morocco,Africa,Africa
TP-115651,Tracy Poddar,Corporate,Foumban,Ouest,Cameroon,Africa,Africa
MG-82051,Mitch Gastineau,Corporate,Cape Town,Western Cape,South Africa,Africa,Africa
FH-42751,Frank Hawley,Corporate,Ndola,Copperbelt,Zambia,Africa,Africa
GM-46951,Greg Maxwell,Corporate,Cairo,Al Qahirah,Egypt,Africa,Africa
GB-45301,George Bell,Corporate,Sale,Rabat-Salé-Zemmour-Zaer,Morocco,Africa,Africa
DJ-34201,Denny Joy,Corporate,Kinshasa,Kinshasa,Democratic Republic of the Congo,Africa,Africa
DK-28351,Damala Kotsonis,Corporate,Cairo,Al Qahirah,Egypt,Africa,Africa
LC-69301,Linda Cazamias,Corporate,Kabwe,Central,Zambia,Africa,Africa
TH-112351,Tiffany House,Corporate,Constantine,Constantine,Algeria,Africa,Africa
DK-31501,David Kendrick,Corporate,Luanda,Luanda,Angola,Africa,Africa
TS-114301,Tom Stivers,Corporate,Johannesburg,Gauteng,South Africa,Africa,Africa
SF-109651,Sylvia Foulston,Corporate,Bur Sudan,Red Sea,Sudan,Africa,Africa
EM-40951,Eudokia Martin,Corporate,Beira,Sofala,Mozambique,Africa,Africa
NB-86551,Nona Balk,Corporate,Likasi,Katanga,Democratic Republic of the Congo,Africa,Africa
AR-8251,Anthony Rawles,Corporate,Fes,Fès-Boulemane,Morocco,Africa,Africa
AS-451,Aaron Smayling,Corporate,Chimoio,Manica,Mozambique,Africa,Africa
FW-43951,Fred Wasserman,Corporate,Kananga,Kasai-Occidental,Democratic Republic of the Congo,Africa,Africa
CY-27451,Craig Yedwab,Corporate,Ouidah,Atlantique,Benin,Africa,Africa
NC-86251,Noah Childs,Corporate,Nzerekore,Nzérékoré,Guinea,Africa,Africa
ML-73951,Marina Lichtenstein,Corporate,Tangier,Tanger-Tétouan,Morocco,Africa,Africa
MC-75901,Matt Collister,Corporate,Rabat,Rabat-Salé-Zemmour-Zaer,Morocco,Africa,Africa
HE-48001,Harold Engle,Corporate,Kolwezi,Katanga,Democratic Republic of the Congo,Africa,Africa
VB-117451,Victoria Brennan,Corporate,Loubomo,Niari,Republic of the Congo,Africa,Africa
DB-29701,Darren Budd,Corporate,Bertoua,Est,Cameroon,Africa,Africa
AJ-7951,Anthony Johnson,Corporate,Likasi,Katanga,Democratic Republic of the Congo,Africa,Africa
CS-24901,Cindy Schnelling,Corporate,Springs,Gauteng,South Africa,Africa,Africa
KH-63301,Katharine Harms,Corporate,Port Elizabeth,Eastern Cape,South Africa,Africa,Africa
CM-18301,Cari MacIntyre,Corporate,Kinshasa,Kinshasa,Democratic Republic of the Congo,Africa,Africa
DP-31051,Dave Poirier,Corporate,Meknes,Meknès-Tafilalet,Morocco,Africa,Africa
LW-69901,Lindsay Williams,Corporate,Bur Sudan,Red Sea,Sudan,Africa,Africa
SM-209503,Suzanne McNair,Corporate,Chilpancingo,Guerrero,Mexico,North,LATAM
NG-83551,Nat Gilpin,Corporate,Monrovia,Montserrado,Liberia,Africa,Africa
DB-131202,David Bremer,Corporate,Getxo,Basque Country,Spain,South,EU
BF-112751,Beth Fritzler,Corporate,Tauranga,Bay of Plenty,New Zealand,Oceania,APAC
MC-176351,Matthew Clasen,Corporate,Qiqihar,Heilongjiang,China,North Asia,APAC
SC-106951,Steve Chapman,Corporate,Port Elizabeth,Eastern Cape,South Africa,Africa,Africa
LC-169301,Linda Cazamias,Corporate,Jiaozuo,Henan,China,North Asia,APAC
NS-186401,Noel Staavos,Corporate,Lismore,New South Wales,Australia,Oceania,APAC
DP-31052,Dave Poirier,Corporate,Varna,Varna,Bulgaria,EMEA,EMEA
BF-110202,Barry Französisch,Corporate,Grasse,Provence-Alpes-Côte d'Azur,France,Central,EU
HK-148903,Heather Kirkland,Corporate,Maceió,Alagoas,Brazil,South,LATAM
FW-143951,Fred Wasserman,Corporate,Chittagong,Chittagong,Bangladesh,Central Asia,APAC
AJ-107952,Anthony Johnson,Corporate,Wigan,England,United Kingdom,North,EU
NB-85802,Nicole Brennan,Corporate,Montréal,Quebec,Canada,Canada,Canada
BM-16501,Brian Moss,Corporate,Ziguinchor,Ziguinchor,Senegal,Africa,Africa
DL-34951,Dionis Lloyd,Corporate,Luanda,Luanda,Angola,Africa,Africa
EB-139752,Erica Bern,Corporate,Castrop-Rauxel,North Rhine-Westphalia,Germany,Central,EU
BS-115903,Brendan Sweed,Corporate,Cajazeiras,Paraíba,Brazil,South,LATAM
SH-206351,Stefanie Holloman,Corporate,Rajkot,Gujarat,India,Central Asia,APAC
SP-105451,Sibella Parks,Corporate,Mombasa,Coast,Kenya,Africa,Africa
DM-33451,Denise Monton,Corporate,Kinshasa,Kinshasa,Democratic Republic of the Congo,Africa,Africa
MF-176651,Maureen Fritzler,Corporate,Kawasaki,Fukuoka,Japan,North Asia,APAC
LA-67802,Laura Armstrong,Corporate,Targu Jiu,Gorj,Romania,EMEA,EMEA
EM-40953,Eudokia Martin,Corporate,Oradea,Bihor,Romania,EMEA,EMEA
CA-19652,Carol Adams,Corporate,Shiraz,Fars,Iran,EMEA,EMEA
BF-112752,Beth Fritzler,Corporate,Thiais,Ile-de-France,France,Central,EU
JW-152203,Jane Waco,Corporate,Santiago de Cuba,Santiago de Cuba,Cuba,Caribbean,LATAM
KS-63002,Karen Seio,Corporate,Khorramabad,Lorestan,Iran,EMEA,EMEA
DW-131951,David Wiener,Corporate,Pune,Maharashtra,India,Central Asia,APAC
BM-115751,Brendan Murry,Corporate,Beijing,Beijing,China,North Asia,APAC
AR-3452,Alex Russell,Corporate,Bratsk,Irkutsk,Russia,EMEA,EMEA
KB-165853,Ken Black,Corporate,Saltillo,Coahuila,Mexico,North,LATAM
MW-182352,Mitch Willingham,Corporate,Paris,Ile-de-France,France,Central,EU
KN-164502,Kean Nguyen,Corporate,Menden,North Rhine-Westphalia,Germany,Central,EU
GR-145601,Georgia Rosenberg,Corporate,Kawasaki,Fukuoka,Japan,North Asia,APAC
HK-148902,Heather Kirkland,Corporate,Montecatini Terme,Tuscany,Italy,South,EU
PC-187453,Pamela Coakley,Corporate,Santiago de Cuba,Santiago de Cuba,Cuba,Caribbean,LATAM
MW-82352,Mitch Willingham,Corporate,Kramators'k,Donetsk,Ukraine,EMEA,EMEA
CM-127153,Craig Molinari,Corporate,Fortaleza,Ceará,Brazil,South,LATAM
GZ-145452,George Zrebassa,Corporate,Hamburg,Hamburg,Germany,Central,EU
ES-140803,Erin Smith,Corporate,Fresnillo de González Echeverría,Zacatecas,Mexico,North,LATAM
LW-68252,Laurel Workman,Corporate,Braila,Braila,Romania,EMEA,EMEA
JS-155951,Jill Stevenson,Corporate,Fuzhou,Fujian,China,North Asia,APAC
YC-118952,Yoseph Carroll,Corporate,Edmonton,Alberta,Canada,Canada,Canada
LW-169903,Lindsay Williams,Corporate,Pinar del Río,Pinar del Río,Cuba,Caribbean,LATAM
JS-155953,Jill Stevenson,Corporate,Mejicanos,San Salvador,El Salvador,Central,LATAM
QJ-192551,Quincy Jones,Corporate,Tauranga,Bay of Plenty,New Zealand,Oceania,APAC
CK-127601,Cyma Kinney,Corporate,Sandakan,Sabah,Malaysia,Southeast Asia,APAC
RA-98852,Ruben Ausman,Corporate,North York,Ontario,Canada,Canada,Canada
DB-135553,Dorothy Badders,Corporate,Tuxtla Gutiérrez,Chiapas,Mexico,North,LATAM
MF-182503,Monica Federle,Corporate,Rosarito,Baja California,Mexico,North,LATAM
DW-31951,David Wiener,Corporate,Kinshasa,Kinshasa,Democratic Republic of the Congo,Africa,Africa
TT-212651,Tim Taslimi,Corporate,Napier,Hawke's Bay,New Zealand,Oceania,APAC
CM-118152,Candace McMahon,Corporate,Foggia,Apulia,Italy,South,EU
AS-100452,Aaron Smayling,Corporate,Duisburg,North Rhine-Westphalia,Germany,Central,EU
NB-185803,Nicole Brennan,Corporate,Querétaro,Querétaro,Mexico,North,LATAM
MC-181303,Mike Caudle,Corporate,Villa Canales,Guatemala,Guatemala,Central,LATAM
DP-131051,Dave Poirier,Corporate,Wagga Wagga,New South Wales,Australia,Oceania,APAC
CK-27602,Cyma Kinney,Corporate,Zlatoust,Chelyabinsk,Russia,EMEA,EMEA
VW-217752,Victoria Wilson,Corporate,Nice,Provence-Alpes-Côte d'Azur,France,Central,EU
GD-145901,Giulietta Dortch,Corporate,Lianzhou,Guangxi,China,North Asia,APAC
TS-213701,Todd Sumrall,Corporate,Kunming,Yunnan,China,North Asia,APAC
RB-196452,Robert Barroso,Corporate,Outreau,Nord-Pas-de-Calais,France,Central,EU
JR-62101,Justin Ritter,Corporate,Qena,Qina,Egypt,Africa,Africa
MH-74403,Mark Haberlin,Corporate,Tel Aviv,Tel Aviv,Israel,EMEA,EMEA
MC-175902,Matt Collister,Corporate,Newcastle upon Tyne,England,United Kingdom,North,EU
KM-162252,Kalyca Meade,Corporate,Saint-Denis,Ile-de-France,France,Central,EU
AG-5252,Andy Gerbode,Corporate,Ardabil,Ardabil,Iran,EMEA,EMEA
MC-176052,Matt Connell,Corporate,Meudon,Ile-de-France,France,Central,EU
TZ-114451,Tom Zandusky,Corporate,Dakar,Dakar,Senegal,Africa,Africa
SS-201401,Saphhira Shifley,Corporate,Shenzhen,Guangdong,China,North Asia,APAC
JB-54002,Jennifer Braxton,Corporate,Piotrkow Trybunalski,Lodz,Poland,EMEA,EMEA
BS-113801,Bill Stewart,Corporate,Xining,Qinghai,China,North Asia,APAC
BB-15451,Brenda Bowman,Corporate,Sale,Rabat-Salé-Zemmour-Zaer,Morocco,Africa,Africa
KB-66001,Ken Brennan,Corporate,Keren,Anseba,Eritrea,Africa,Africa
JE-61651,Justin Ellison,Corporate,Misratah,Misratah,Libya,Africa,Africa
CV-28052,Cynthia Voltz,Corporate,Prague,Prague,Czech Republic,EMEA,EMEA
CB-125353,Claudia Bergmann,Corporate,Tlalpan,Distrito Federal,Mexico,North,LATAM
PJ-88352,Patrick Jones,Corporate,Homyel',Homyel',Belarus,EMEA,EMEA
SP-108601,Sung Pak,Corporate,Mohammedia,Grand Casablanca,Morocco,Africa,Africa
KC-162551,Karen Carlisle,Corporate,Taiping,Perak,Malaysia,Southeast Asia,APAC
BP-10951,Bart Pistole,Corporate,Kara,Kara,Togo,Africa,Africa
MF-176652,Maureen Fritzler,Corporate,Caen,Lower Normandy,France,Central,EU
BW-11101,Bart Watters,Corporate,Abidjan,Lagunes,Cote d'Ivoire,Africa,Africa
DW-35852,Dorothy Wardle,Corporate,Richmond,British Columbia,Canada,Canada,Canada
JW-152202,Jane Waco,Corporate,Herten,North Rhine-Westphalia,Germany,Central,EU
TH-211152,Thea Hudgings,Corporate,Istres,Provence-Alpes-Côte d'Azur,France,Central,EU
JC-161052,Julie Creighton,Corporate,Duisburg,North Rhine-Westphalia,Germany,Central,EU
BT-113952,Bill Tyler,Corporate,Wolverhampton,England,United Kingdom,North,EU
GK-146201,Grace Kelly,Corporate,Napier,Hawke's Bay,New Zealand,Oceania,APAC
DK-32251,Dean Katz,Corporate,Guelma,Guelma,Algeria,Africa,Africa
BS-13652,Bill Shonely,Corporate,Ahvaz,Khuzestan,Iran,EMEA,EMEA
BM-115753,Brendan Murry,Corporate,Zapopan,Jalisco,Mexico,North,LATAM
FA-142301,Frank Atkinson,Corporate,Singapore,Singapore,Singapore,Southeast Asia,APAC
EH-137653,Edward Hooks,Corporate,Puerto Vallarta,Jalisco,Mexico,North,LATAM
LT-167653,Larry Tron,Consumer,Managua,Managua,Nicaragua,Central,LATAM
CS-119503,Carlos Soltero,Consumer,Pelotas,Rio Grande do Sul,Brazil,South,LATAM
RO-97801,Rose O'Brian,Consumer,Algiers,Alger,Algeria,Africa,Africa
PF-191201,Peter Fuller,Consumer,Guangzhou,Guangdong,China,North Asia,APAC
LP-170953,Liz Preis,Consumer,Bogotá,Bogota,Colombia,South,LATAM
JB-160003,Joy Bell-,Consumer,Arapongas,Parana,Brazil,South,LATAM
LR-169151,Lena Radford,Consumer,Pune,Maharashtra,India,Central Asia,APAC
BD-115003,Bradley Drucker,Consumer,Chinandega,Chinandega,Nicaragua,Central,LATAM
MD-73501,Maribeth Dona,Consumer,Kigali,Kigali,Rwanda,Africa,Africa
AH-104651,Amy Hunt,Consumer,Belgaum,Karnataka,India,Central Asia,APAC
NR-185503,Nick Radford,Consumer,Apopa,San Salvador,El Salvador,Central,LATAM
PS-187602,Pamela Stobb,Consumer,Madrid,Madrid,Spain,South,EU
CK-122052,Chloris Kastensmidt,Consumer,Colchester,England,United Kingdom,North,EU
GA-145152,George Ashbrook,Consumer,Frontignan,Languedoc-Roussillon,France,Central,EU
SC-200203,Sam Craven,Consumer,Teziutlán,Puebla,Mexico,North,LATAM
JW-159551,Joni Wasserman,Consumer,Kollam,Kerala,India,Central Asia,APAC
PG-188951,Paul Gonzalez,Consumer,Jiangmen,Guangdong,China,North Asia,APAC
JM-158652,John Murray,Consumer,Givors,Rhône-Alpes,France,Central,EU
BP-112301,Benjamin Patterson,Consumer,Surat,Gujarat,India,Central Asia,APAC
AR-105101,Andrew Roberts,Consumer,Tianjin,Tianjin,China,North Asia,APAC
LC-168851,Lena Creighton,Consumer,Chongqing,Chongqing,China,North Asia,APAC
LH-170203,Lisa Hazard,Consumer,Las Piedras,Canelones,Uruguay,South,LATAM
SP-209202,Susan Pistek,Consumer,Tremblay-en-France,Ile-de-France,France,Central,EU
LL-168401,Lauren Leatherbury,Consumer,Jiamusi,Heilongjiang,China,North Asia,APAC
DL-133303,Denise Leinenbach,Consumer,Itapeva,São Paulo,Brazil,South,LATAM
RK-193002,Ralph Kennedy,Consumer,Leicester,England,United Kingdom,North,EU
JK-57301,Joe Kamberova,Consumer,Daloa,Haut-Sassandra,Cote d'Ivoire,Africa,Africa
BE-14102,Bobby Elias,Consumer,L'viv,L'viv,Ukraine,EMEA,EMEA
MO-175003,Mary O'Rourke,Consumer,São Leopoldo,Rio Grande do Sul,Brazil,South,LATAM
AP-109153,Arthur Prichep,Consumer,Celaya,Guanajuato,Mexico,North,LATAM
BW-112001,Ben Wallace,Consumer,Yicheng,Hubei,China,North Asia,APAC
MC-172752,Marc Crier,Consumer,Villiers-le-Bel,Ile-de-France,France,Central,EU
BD-116202,Brian DeCherney,Consumer,Vienna,Vienna,Austria,Central,EU
SJ-205002,Shirley Jackson,Consumer,Neuilly-Plaisance,Ile-de-France,France,Central,EU
ST-205303,Shui Tom,Consumer,Hermosillo,Sonora,Mexico,North,LATAM
CC-26702,Craig Carreira,Consumer,Beirut,Beirut,Lebanon,EMEA,EMEA
TG-216402,Trudy Glocke,Consumer,Vienna,Vienna,Austria,Central,EU
EM-140653,Erin Mull,Consumer,Tipitapa,Managua,Nicaragua,Central,LATAM
BO-114253,Bobby Odegard,Consumer,Mauá,São Paulo,Brazil,South,LATAM
AG-109002,Arthur Gainer,Consumer,Ingolstadt,Bavaria,Germany,Central,EU
JH-61803,Justin Hirsh,Consumer,Baghdad,Baghdad,Iraq,EMEA,EMEA
MM-180552,Michelle Moray,Consumer,Duisburg,North Rhine-Westphalia,Germany,Central,EU
TB-212802,Toby Braunhardt,Consumer,Reading,England,United Kingdom,North,EU
MS-178302,Melanie Seite,Consumer,Boulogne-Billancourt,Ile-de-France,France,Central,EU
RB-93601,Raymond Buch,Consumer,Nairobi,Nairobi,Kenya,Africa,Africa
FH-143502,Fred Harton,Consumer,Dortmund,North Rhine-Westphalia,Germany,Central,EU
HG-150252,Hunter Glantz,Consumer,Ingolstadt,Bavaria,Germany,Central,EU
MH-174553,Mark Hamilton,Consumer,Guadalajara,Jalisco,Mexico,North,LATAM
BD-13202,Bill Donatelli,Consumer,Lublin,Lublin,Poland,EMEA,EMEA
JH-161802,Justin Hirsh,Consumer,Berck,Nord-Pas-de-Calais,France,Central,EU
LB-167352,Larry Blacks,Consumer,Moncalieri,Piedmont,Italy,South,EU
KH-165101,Keith Herrera,Consumer,Ludhiana,Punjab,India,Central Asia,APAC
PG-88202,Patrick Gardner,Consumer,Sarajevo,Federation of Bosnia and Herzegovina,Bosnia and Herzegovina,EMEA,EMEA
DC-128503,Dan Campbell,Consumer,Tlalpan,Distrito Federal,Mexico,North,LATAM
AB-100152,Aaron Bergman,Consumer,Neunkirchen,Saarland,Germany,Central,EU
ST-205302,Shui Tom,Consumer,Barcelona,Catalonia,Spain,South,EU
JB-160002,Joy Bell-,Consumer,Velletri,Lazio,Italy,South,EU
IL-151003,Ivan Liston,Consumer,Tlaquepaque,Jalisco,Mexico,North,LATAM
JS-60301,Joy Smith,Consumer,Yaounde,Centre,Cameroon,Africa,Africa
RE-94502,Richard Eichhorn,Consumer,Sakaka,Al Jawf,Saudi Arabia,EMEA,EMEA
NP-187003,Nora Preis,Consumer,Pasto,Nariño,Colombia,South,LATAM
DO-134351,Denny Ordway,Consumer,Dhaka,Dhaka,Bangladesh,Central Asia,APAC
PF-191202,Peter Fuller,Consumer,Schwerin,Mecklenburg-Vorpommern,Germany,Central,EU
CL-125653,Clay Ludtke,Consumer,Santiago,Santiago,Chile,South,LATAM
SJ-202152,Sarah Jordon,Consumer,Vienna,Vienna,Austria,Central,EU
SW-102752,Scott Williamson,Consumer,Kitchener,Ontario,Canada,Canada,Canada
JR-157003,Jocasta Rupert,Consumer,Estelí,Estelí,Nicaragua,Central,LATAM
NG-184303,Nathan Gelder,Consumer,São Paulo,São Paulo,Brazil,South,LATAM
NM-185203,Neoma Murray,Consumer,Bucaramanga,Santander,Colombia,South,LATAM
ES-40201,Erica Smith,Consumer,Kisumu,Nyanza,Kenya,Africa,Africa
AS-102401,Alan Shonely,Consumer,Nagpur,Maharashtra,India,Central Asia,APAC
DN-36901,Duane Noonan,Consumer,Johannesburg,Gauteng,South Africa,Africa,Africa
NF-183852,Natalie Fritzler,Consumer,Longjumeau,Ile-de-France,France,Central,EU
DD-135703,Dorothy Dickinson,Consumer,Barretos,São Paulo,Brazil,South,LATAM
FO-143052,Frank Olsen,Consumer,Noisy-le-Grand,Ile-de-France,France,Central,EU
JK-57302,Joe Kamberova,Consumer,Vladimir,Vladimir,Russia,EMEA,EMEA
TS-216103,Troy Staebel,Consumer,Contramaestre,Santiago de Cuba,Cuba,Caribbean,LATAM
CV-122953,Christina VanderZanden,Consumer,Mexico City,Distrito Federal,Mexico,North,LATAM
MV-174851,Mark Van Huff,Consumer,Singapore,Singapore,Singapore,Southeast Asia,APAC
DB-130601,Dave Brooks,Consumer,Yangzhou,Jiangsu,China,North Asia,APAC
JD-160601,Julia Dunbar,Consumer,Changchun,Jilin,China,North Asia,APAC
BT-116802,Brian Thompson,Consumer,Vittoria,Sicily,Italy,South,EU
RB-95701,Rob Beeghly,Consumer,Algiers,Alger,Algeria,Africa,Africa
JS-58802,John Stevenson,Consumer,Baghdad,Baghdad,Iraq,EMEA,EMEA
ML-182652,Muhammed Lee,Consumer,Hasselt,Limburg,Belgium,Central,EU
AW-108402,Anthony Witt,Consumer,Marano di Napoli,Campania,Italy,South,EU
MW-182203,Mitch Webber,Consumer,Bridgetown,Saint Michael,Barbados,Caribbean,LATAM
PB-191503,Philip Brown,Consumer,Temixco,Morelos,Mexico,North,LATAM
TD-209952,Tamara Dahlen,Consumer,Irun,Basque Country,Spain,South,EU
JH-54301,Jennifer Halladay,Consumer,Kinshasa,Kinshasa,Democratic Republic of the Congo,Africa,Africa
LH-171552,Logan Haushalter,Consumer,Le Bouscat,Aquitaine,France,Central,EU
ML-174102,Maris LaWare,Consumer,Cergy,Ile-de-France,France,Central,EU
NG-184302,Nathan Gelder,Consumer,Paris,Ile-de-France,France,Central,EU
LL-168402,Lauren Leatherbury,Consumer,Sant Boi de Llobregat,Catalonia,Spain,South,EU
CK-122051,Chloris Kastensmidt,Consumer,Changchun,Jilin,China,North Asia,APAC
LT-171103,Liz Thompson,Consumer,Betim,Minas Gerais,Brazil,South,LATAM
JC-153402,Jasper Cacioppo,Consumer,Aachen,North Rhine-Westphalia,Germany,Central,EU
PJ-190152,Pauline Johnson,Consumer,Margate,England,United Kingdom,North,EU
AF-108703,Art Ferguson,Consumer,Puente Alto,Santiago,Chile,South,LATAM
SE-201102,Sanjit Engle,Consumer,Fontainebleau,Ile-de-France,France,Central,EU
TB-210551,Ted Butterfield,Consumer,Srinagar,Uttarakhand,India,Central Asia,APAC
CC-124751,Cindy Chapman,Consumer,Noda,Chiba,Japan,North Asia,APAC
JL-158502,John Lucas,Consumer,Bolzano,Trentino-Alto Adige,Italy,South,EU
KW-165703,Kelly Williams,Consumer,Fort-de-France,Martinique,Martinique,Caribbean,LATAM
ES-140202,Erica Smith,Consumer,Zurich,Zürich,Switzerland,Central,EU
SV-103652,Seth Vernon,Consumer,Riyadh,Ar Riyad,Saudi Arabia,EMEA,EMEA
NW-84002,Natalie Webber,Consumer,North York,Ontario,Canada,Canada,Canada
CC-123701,Christopher Conant,Consumer,Cuttack,Odisha,India,Central Asia,APAC
JF-154903,Jeremy Farry,Consumer,Torreón,Coahuila,Mexico,North,LATAM
AB-101503,Aimee Bixby,Consumer,San Martín,Cuscatlán,El Salvador,Central,LATAM
SC-200202,Sam Craven,Consumer,Helsinki,Uusimaa,Finland,North,EU
JL-155053,Jeremy Lonsdale,Consumer,Huehuetenango,Huehuetenango,Guatemala,Central,LATAM
JM-158653,John Murray,Consumer,Cancún,Quintana Roo,Mexico,North,LATAM
LC-70501,Liz Carlisle,Consumer,Casablanca,Grand Casablanca,Morocco,Africa,Africa
JF-154153,Jennifer Ferguson,Consumer,Nueva Gerona,Isla de la Juventud,Cuba,Caribbean,LATAM
AB-1053,Adrian Barton,Consumer,Usti nad Labem,Usti nad Labem,Czech Republic,EMEA,EMEA
RD-195852,Rob Dowd,Consumer,Torrevieja,Valenciana,Spain,South,EU
SH-203952,Shahid Hopkins,Consumer,Paris,Ile-de-France,France,Central,EU
RO-197802,Rose O'Brian,Consumer,Frankfurt,Hesse,Germany,Central,EU
RM-93751,Raymond Messe,Consumer,Kolwezi,Katanga,Democratic Republic of the Congo,Africa,Africa
GM-146801,Greg Matthias,Consumer,Hobart,Tasmania,Australia,Oceania,APAC
NR-185502,Nick Radford,Consumer,Carquefou,Pays de la Loire,France,Central,EU
GB-45751,Giulietta Baptist,Consumer,Johannesburg,Gauteng,South Africa,Africa,Africa
EC-40501,Erin Creighton,Consumer,Maradi,Maradi,Niger,Africa,Africa
AI-108553,Arianne Irving,Consumer,Soyapango,San Salvador,El Salvador,Central,LATAM
MO-175002,Mary O'Rourke,Consumer,Antibes,Provence-Alpes-Côte d'Azur,France,Central,EU
MV-174852,Mark Van Huff,Consumer,Vienna,Vienna,Austria,Central,EU
TS-216102,Troy Staebel,Consumer,York,England,United Kingdom,North,EU
SJ-202151,Sarah Jordon,Consumer,Lanzhou,Gansu,China,North Asia,APAC
TB-115201,Tracy Blumstein,Consumer,Windhoek,Khomas,Namibia,Africa,Africa
DB-136151,Doug Bickford,Consumer,Agra,Uttar Pradesh,India,Central Asia,APAC
LH-169002,Lena Hernandez,Consumer,Trieste,Friuli-Venezia Giulia,Italy,South,EU
SM-100051,Sally Matthias,Consumer,Chingola,Copperbelt,Zambia,Africa,Africa
JK-156253,Jim Karlsson,Consumer,Mejicanos,San Salvador,El Salvador,Central,LATAM
JC-57751,John Castell,Consumer,Maradi,Maradi,Niger,Africa,Africa
CL-25652,Clay Ludtke,Consumer,Kerman,Kerman,Iran,EMEA,EMEA
PF-191203,Peter Fuller,Consumer,San Fernando,San Fernando,Trinidad and Tobago,Caribbean,LATAM
MC-178453,Michael Chen,Consumer,Apodaca,Nuevo León,Mexico,North,LATAM
TH-211003,Thea Hendricks,Consumer,Juárez,Chihuahua,Mexico,North,LATAM
TM-214903,Tony Molinari,Consumer,Camagüey,Camagüey,Cuba,Caribbean,LATAM
EG-139003,Emily Grady,Consumer,Zapopan,Jalisco,Mexico,North,LATAM
SV-207853,Stewart Visinsky,Consumer,Acuña,Coahuila,Mexico,North,LATAM
GT-47551,Guy Thornton,Consumer,Kinshasa,Kinshasa,Democratic Republic of the Congo,Africa,Africa
GM-44401,Gary McGarr,Consumer,Cairo,Al Qahirah,Egypt,Africa,Africa
PF-191653,Philip Fox,Consumer,San Pablo de las Salinas,México,Mexico,North,LATAM
BE-14101,Bobby Elias,Consumer,Kindia,Kindia,Guinea,Africa,Africa
BM-17851,Bryan Mills,Consumer,Marrakech,Marrakech-Tensift-El Haouz,Morocco,Africa,Africa
SG-206053,Speros Goranitis,Consumer,Mejicanos,San Salvador,El Salvador,Central,LATAM
AH-105852,Angele Hood,Consumer,Ghent,East Flanders,Belgium,Central,EU
JF-155652,Jill Fjeld,Consumer,Aprilia,Lazio,Italy,South,EU
CA-22652,Christina Anderson,Consumer,Severodvinsk,Arkhangel'sk,Russia,EMEA,EMEA
JK-52051,Jamie Kunitz,Consumer,Porto-Novo,Ouémé,Benin,Africa,Africa
RA-199153,Russell Applegate,Consumer,Itamaraju,Bahia,Brazil,South,LATAM
SG-204703,Sheri Gordon,Consumer,Managua,Managua,Nicaragua,Central,LATAM
RH-96002,Rob Haberlin,Consumer,Vancouver,British Columbia,Canada,Canada,Canada
JH-154301,Jennifer Halladay,Consumer,Porirua,Wellington,New Zealand,Oceania,APAC
DB-134053,Denny Blanton,Consumer,Puebla,Puebla,Mexico,North,LATAM
BG-117403,Bruce Geld,Consumer,Bayeux,Paraíba,Brazil,South,LATAM
BD-117703,Bryan Davis,Consumer,Apopa,San Salvador,El Salvador,Central,LATAM
PF-92252,Phillip Flathmann,Consumer,Lodz,Lodz,Poland,EMEA,EMEA
RB-193603,Raymond Buch,Consumer,Coyoacán,Distrito Federal,Mexico,North,LATAM
DK-28952,Dana Kaydos,Consumer,Baghdad,Baghdad,Iraq,EMEA,EMEA
RA-199452,Ryan Akin,Consumer,Bari,Apulia,Italy,South,EU
AA-103753,Allen Armold,Consumer,Santa Catarina,Nuevo León,Mexico,North,LATAM
BP-12301,Benjamin Patterson,Consumer,Yaounde,Centre,Cameroon,Africa,Africa
BS-16651,Brian Stugart,Consumer,Dakar,Dakar,Senegal,Africa,Africa
JE-154753,Jeremy Ellison,Consumer,Mexico City,Distrito Federal,Mexico,North,LATAM
AH-102103,Alan Hwang,Consumer,Colombo,Parana,Brazil,South,LATAM
BG-110351,Barry Gonzalez,Consumer,Anqing,Anhui,China,North Asia,APAC
JE-54752,Jeremy Ellison,Consumer,Khmel'nyts'kyy,Khmel'nyts'kyy,Ukraine,EMEA,EMEA
JF-52952,Jason Fortune-,Consumer,Winnipeg,Manitoba,Canada,Canada,Canada
FM-143803,Fred McMath,Consumer,Viña del Mar,Valparaíso,Chile,South,LATAM
JM-58651,John Murray,Consumer,Kinshasa,Kinshasa,Democratic Republic of the Congo,Africa,Africa
BK-112601,Berenike Kampe,Consumer,Meizhou,Guangdong,China,North Asia,APAC
SO-203351,Sean O'Donnell,Consumer,Changchun,Jilin,China,North Asia,APAC
RF-197353,Roland Fjeld,Consumer,Portmore,Saint Catherine,Jamaica,Caribbean,LATAM
AB-101053,Adrian Barton,Consumer,Mexico City,Distrito Federal,Mexico,North,LATAM
OT-187303,Olvera Toch,Consumer,Tlalnepantla,México,Mexico,North,LATAM
CA-127753,Cynthia Arntzen,Consumer,Coyoacán,Distrito Federal,Mexico,North,LATAM
MK-81601,Mike Kennedy,Consumer,Casablanca,Grand Casablanca,Morocco,Africa,Africa
GH-144251,Gary Hwang,Consumer,Dewas,Madhya Pradesh,India,Central Asia,APAC
JD-60601,Julia Dunbar,Consumer,Kumasi,Ashanti,Ghana,Africa,Africa
RD-199303,Russell D'Ascenzo,Consumer,Puebla,Puebla,Mexico,North,LATAM
DB-132102,Dean Braden,Consumer,Madrid,Madrid,Spain,South,EU
SS-205902,Sonia Sunley,Consumer,Stoke-on-Trent,England,United Kingdom,North,EU
BE-114102,Bobby Elias,Consumer,Madrid,Madrid,Spain,South,EU
MC-172753,Marc Crier,Consumer,Mexico City,Distrito Federal,Mexico,North,LATAM
CM-119351,Carlos Meador,Consumer,Shanghai,Shanghai,China,North Asia,APAC
GA-45152,George Ashbrook,Consumer,Deva,Hunedoara,Romania,EMEA,EMEA
RD-199003,Ruben Dartt,Consumer,Canoas,Rio Grande do Sul,Brazil,South,LATAM
CD-119201,Carlos Daly,Consumer,Phnom Penh,Phnom Penh,Cambodia,Southeast Asia,APAC
DK-130901,Dave Kipp,Consumer,Shuangyashan,Heilongjiang,China,North Asia,APAC
TP-114152,Tom Prescott,Consumer,Toronto,Ontario,Canada,Canada,Canada
AG-6751,Anna Gayman,Consumer,Johannesburg,Gauteng,South Africa,Africa,Africa
DL-133301,Denise Leinenbach,Consumer,Christchurch,Canterbury,New Zealand,Oceania,APAC
CC-22202,Chris Cortes,Consumer,Saskatoon,Saskatchewan,Canada,Canada,Canada
RL-196153,Rob Lucas,Consumer,Los Mochis,Sinaloa,Mexico,North,LATAM
EN-137801,Edward Nazzal,Consumer,Chennai,Tamil Nadu,India,Central Asia,APAC
BW-110652,Barry Weirich,Consumer,Cologne,North Rhine-Westphalia,Germany,Central,EU
HA-149051,Helen Abelman,Consumer,Qingdao,Shandong,China,North Asia,APAC
GH-46651,Greg Hansen,Consumer,Cairo,Al Qahirah,Egypt,Africa,Africa
DN-136902,Duane Noonan,Consumer,Cartagena,Murcia,Spain,South,EU
JD-57902,John Dryer,Consumer,Siedlce,Masovia,Poland,EMEA,EMEA
BG-110353,Barry Gonzalez,Consumer,Juiz de Fora,Minas Gerais,Brazil,South,LATAM
AA-106453,Anna Andreadi,Consumer,Torreón,Coahuila,Mexico,North,LATAM
TT-112202,Thomas Thornton,Consumer,Lublin,Lublin,Poland,EMEA,EMEA
Co-126403,Corey-Lock,Consumer,Estelí,Estelí,Nicaragua,Central,LATAM
HZ-149502,Henia Zydlo,Consumer,Metz,Lorraine,France,Central,EU
JC-153853,Jenna Caffey,Consumer,Santana de Parnaíba,São Paulo,Brazil,South,LATAM
MM-179203,Michael Moore,Consumer,Mexico City,Distrito Federal,Mexico,North,LATAM
BF-110801,Bart Folk,Consumer,Kuala Lumpur,Kuala Lumpur,Malaysia,Southeast Asia,APAC
JH-161801,Justin Hirsh,Consumer,Kalyan,Maharashtra,India,Central Asia,APAC
BG-117401,Bruce Geld,Consumer,Avadi,Tamil Nadu,India,Central Asia,APAC
MK-81603,Mike Kennedy,Consumer,Zilina,Žilina,Slovakia,EMEA,EMEA
GT-147101,Greg Tran,Consumer,Patna,Bihar,India,Central Asia,APAC
SK-199902,Sally Knutson,Consumer,Bourges,Centre,France,Central,EU
SH-203951,Shahid Hopkins,Consumer,Tauranga,Bay of Plenty,New Zealand,Oceania,APAC
AP-109151,Arthur Prichep,Consumer,Harbin,Heilongjiang,China,North Asia,APAC
PW-92401,Pierre Wener,Consumer,Kisangani,Orientale,Democratic Republic of the Congo,Africa,Africa
SE-201103,Sanjit Engle,Consumer,Bogotá,Bogota,Colombia,South,LATAM
MS-178303,Melanie Seite,Consumer,Chinandega,Chinandega,Nicaragua,Central,LATAM
BN-115153,Bradley Nguyen,Consumer,Milpa Alta,Distrito Federal,Mexico,North,LATAM
AS-100902,Adam Shillingsburg,Consumer,Naples,Campania,Italy,South,EU
TS-216552,Trudy Schmidt,Consumer,Aachen,North Rhine-Westphalia,Germany,Central,EU
CL-118903,Carl Ludwig,Consumer,Tijuana,Baja California,Mexico,North,LATAM
TB-212503,Tim Brockman,Consumer,São Paulo,São Paulo,Brazil,South,LATAM
CS-119501,Carlos Soltero,Consumer,Bareilly,Uttar Pradesh,India,Central Asia,APAC
MG-176953,Maureen Gnade,Consumer,Armenia,Quindío,Colombia,South,LATAM
JK-160901,Juliana Krohn,Consumer,Wuchuan,Guangdong,China,North Asia,APAC
NP-186702,Nora Paige,Consumer,Lormont,Aquitaine,France,Central,EU
PG-88951,Paul Gonzalez,Consumer,Casablanca,Grand Casablanca,Morocco,Africa,Africa
PK-190752,Pete Kriz,Consumer,Helsinki,Uusimaa,Finland,North,EU
JH-154303,Jennifer Halladay,Consumer,Bogotá,Bogota,Colombia,South,LATAM
AR-5402,Andy Reiter,Consumer,Al Hillah,Babil,Iraq,EMEA,EMEA
GM-146803,Greg Matthias,Consumer,Granada,Granada,Nicaragua,Central,LATAM
SB-201852,Sarah Brown,Consumer,Tivoli,Lazio,Italy,South,EU
JM-152503,Janet Martin,Consumer,Santiago de Cuba,Santiago de Cuba,Cuba,Caribbean,LATAM
Co-126401,Corey-Lock,Consumer,Tokyo,Tokyo,Japan,North Asia,APAC
TB-214003,Tom Boeckenhauer,Consumer,Zapopan,Jalisco,Mexico,North,LATAM
EG-139002,Emily Grady,Consumer,Edinburgh,Scotland,United Kingdom,North,EU
MT-78151,Meg Tillman,Consumer,Tabora,Tabora,Tanzania,Africa,Africa
BT-114402,Bobby Trafton,Consumer,Stockport,England,United Kingdom,North,EU
CS-124602,Chuck Sachs,Consumer,Offenbach,Hesse,Germany,Central,EU
TC-112952,Toby Carlisle,Consumer,Montréal,Quebec,Canada,Canada,Canada
AB-101052,Adrian Barton,Consumer,Milan,Lombardy,Italy,South,EU
JK-152052,Jamie Kunitz,Consumer,Argenteuil,Ile-de-France,France,Central,EU
AG-103903,Allen Goldenen,Consumer,Fort-de-France,Martinique,Martinique,Caribbean,LATAM
CM-121903,Charlotte Melton,Consumer,Coyoacán,Distrito Federal,Mexico,North,LATAM
LF-71852,Luke Foster,Consumer,Sofia,Sofiya-Grad,Bulgaria,EMEA,EMEA
GA-45151,George Ashbrook,Consumer,Johannesburg,Gauteng,South Africa,Africa,Africa
AA-103752,Allen Armold,Consumer,Molfetta,Apulia,Italy,South,EU
MG-176952,Maureen Gnade,Consumer,Turin,Piedmont,Italy,South,EU
KM-167202,Kunst Miller,Consumer,Rostock,Mecklenburg-Vorpommern,Germany,Central,EU
CS-125053,Cindy Stewart,Consumer,San Cristóbal de Las Casas,Chiapas,Mexico,North,LATAM
FO-143051,Frank Olsen,Consumer,Suzhou,Gansu,China,North Asia,APAC
DK-128953,Dana Kaydos,Consumer,Santiago,Santiago,Chile,South,LATAM
JK-156251,Jim Karlsson,Consumer,Bokaro,Jharkhand,India,Central Asia,APAC
RB-195702,Rob Beeghly,Consumer,Montargis,Centre,France,Central,EU
CC-121451,Charles Crestani,Consumer,Canberra,Australian Capital Territory,Australia,Oceania,APAC
SS-204103,Shahid Shariari,Consumer,Mexico City,Distrito Federal,Mexico,North,LATAM
JW-160752,Julia West,Consumer,Paris,Ile-de-France,France,Central,EU
VM-218352,Vivian Mathis,Consumer,Vichy,Auvergne,France,Central,EU
AG-2703,Alejandro Grove,Consumer,Prague,Prague,Czech Republic,EMEA,EMEA
BD-113201,Bill Donatelli,Consumer,Pimpri,Maharashtra,India,Central Asia,APAC
JC-153851,Jenna Caffey,Consumer,Ranchi,Jharkhand,India,Central Asia,APAC
KW-65701,Kelly Williams,Consumer,Kenitra,Gharb-Chrarda-Béni Hssen,Morocco,Africa,Africa
CS-119502,Carlos Soltero,Consumer,Bergen,Hordaland,Norway,North,EU
SS-205901,Sonia Sunley,Consumer,Kota Kinabalu,Sabah,Malaysia,Southeast Asia,APAC
VS-118201,Vivek Sundaresam,Consumer,Nairobi,Nairobi,Kenya,Africa,Africa
TB-210553,Ted Butterfield,Consumer,Tijuana,Baja California,Mexico,North,LATAM
JL-152352,Janet Lee,Consumer,Madrid,Madrid,Spain,South,EU
RB-193302,Randy Bradley,Consumer,Dijon,Burgundy,France,Central,EU
LB-167353,Larry Blacks,Consumer,Mexico City,Distrito Federal,Mexico,North,LATAM
JH-161803,Justin Hirsh,Consumer,Chinautla,Guatemala,Guatemala,Central,LATAM
MT-178151,Meg Tillman,Consumer,Shanghai,Shanghai,China,North Asia,APAC
LW-172153,Luke Weiss,Consumer,Villa Nueva,Guatemala,Guatemala,Central,LATAM
NP-187001,Nora Preis,Consumer,Sonipat,Haryana,India,Central Asia,APAC
HF-149952,Herbert Flentye,Consumer,Siegen,North Rhine-Westphalia,Germany,Central,EU
RR-193153,Ralph Ritter,Consumer,Mexico City,Distrito Federal,Mexico,North,LATAM
HF-49952,Herbert Flentye,Consumer,Tehran,Tehran,Iran,EMEA,EMEA
RF-98402,Roy Französisch,Consumer,Riyadh,Ar Riyad,Saudi Arabia,EMEA,EMEA
JK-157303,Joe Kamberova,Consumer,Sancti Spíritus,Sancti Spíritus,Cuba,Caribbean,LATAM
LS-172303,Lycoris Saunders,Consumer,Tlalnepantla,México,Mexico,North,LATAM
NC-183401,Nat Carroll,Consumer,Agra,Uttar Pradesh,India,Central Asia,APAC
BP-11552,Becky Pak,Consumer,Edmonton,Alberta,Canada,Canada,Canada
DL-133153,Delfina Latchford,Consumer,Guadalajara,Jalisco,Mexico,North,LATAM
CC-122201,Chris Cortes,Consumer,Khulna,Khulna,Bangladesh,Central Asia,APAC
HG-148451,Harry Greene,Consumer,Meerut,Uttar Pradesh,India,Central Asia,APAC
SG-200801,Sandra Glassco,Consumer,Singapore,Singapore,Singapore,Southeast Asia,APAC
LH-171551,Logan Haushalter,Consumer,Varanasi,Uttar Pradesh,India,Central Asia,APAC
AF-8703,Art Ferguson,Consumer,Basra,Al Basrah,Iraq,EMEA,EMEA
DB-130603,Dave Brooks,Consumer,Zapopan,Jalisco,Mexico,North,LATAM
JG-151602,James Galang,Consumer,Rillieux-la-Pape,Rhône-Alpes,France,Central,EU
JE-157152,Joe Elijah,Consumer,Chester,England,United Kingdom,North,EU
CC-125501,Clay Cheatham,Consumer,Xianyang,Shaanxi,China,North Asia,APAC
JK-157302,Joe Kamberova,Consumer,Roubaix,Nord-Pas-de-Calais,France,Central,EU
MB-180851,Mick Brown,Consumer,Yichun,Heilongjiang,China,North Asia,APAC
DB-130602,Dave Brooks,Consumer,Grigny,Ile-de-France,France,Central,EU
LT-167651,Larry Tron,Consumer,Xianning,Hubei,China,North Asia,APAC
JH-158201,John Huston,Consumer,Bhilai,Chhattisgarh,India,Central Asia,APAC
GH-146652,Greg Hansen,Consumer,Les Clayes-sous-Bois,Ile-de-France,France,Central,EU
CM-122353,Chris McAfee,Consumer,Managua,Managua,Nicaragua,Central,LATAM
AF-108852,Art Foster,Consumer,Brescia,Lombardy,Italy,South,EU
RH-194953,Rick Hansen,Consumer,Tuxtla Gutiérrez,Chiapas,Mexico,North,LATAM
RW-196901,Robert Waldorf,Consumer,Xiamen,Fujian,China,North Asia,APAC
ND-183701,Natalie DeCherney,Consumer,Huizhou,Guangdong,China,North Asia,APAC
HA-149203,Helen Andreada,Consumer,Mexico City,Distrito Federal,Mexico,North,LATAM
RP-193903,Resi Pölking,Consumer,Potosí,Potosí,Bolivia,South,LATAM
ME-177253,Max Engle,Consumer,San Luis Río Colorado,Sonora,Mexico,North,LATAM
RC-198252,Roy Collins,Consumer,Castres,Midi-Pyrénées,France,Central,EU
NS-185053,Neola Schneider,Consumer,Guantánamo,Guantánamo,Cuba,Caribbean,LATAM
JH-159853,Joseph Holt,Consumer,Mixco,Guatemala,Guatemala,Central,LATAM
NF-83852,Natalie Fritzler,Consumer,Montréal,Quebec,Canada,Canada,Canada
FO-43052,Frank Olsen,Consumer,Amman,'Amman,Jordan,EMEA,EMEA
PJ-90151,Pauline Johnson,Consumer,Tangier,Tanger-Tétouan,Morocco,Africa,Africa
DM-130152,Darrin Martin,Consumer,Seville,Andalusía,Spain,South,EU
RD-94801,Rick Duston,Consumer,Kumasi,Ashanti,Ghana,Africa,Africa
KW-164353,Katrina Willman,Consumer,Chihuahua,Chihuahua,Mexico,North,LATAM
AC-6602,Anna Chung,Consumer,Mosul,Ninawa,Iraq,EMEA,EMEA
SO-103352,Sean O'Donnell,Consumer,Baghdad,Baghdad,Iraq,EMEA,EMEA
JM-152501,Janet Martin,Consumer,Suzhou,Anhui,China,North Asia,APAC
CR-127303,Craig Reiter,Consumer,Soacha,Cundinamarca,Colombia,South,LATAM
JW-160751,Julia West,Consumer,Ajmer,Rajasthan,India,Central Asia,APAC
BK-112602,Berenike Kampe,Consumer,Hartlepool,England,United Kingdom,North,EU
PO-88651,Patrick O'Donnell,Consumer,Guelma,Guelma,Algeria,Africa,Africa
KB-63152,Karl Braun,Consumer,Dabrowa Gornicza,Silesia,Poland,EMEA,EMEA
RF-198403,Roy Französisch,Consumer,Zapopan,Jalisco,Mexico,North,LATAM
RE-194051,Ricardo Emerson,Consumer,Yichun,Jiangxi,China,North Asia,APAC
JC-153852,Jenna Caffey,Consumer,Altamura,Apulia,Italy,South,EU
JF-153553,Jay Fein,Consumer,Guadalajara,Jalisco,Mexico,North,LATAM
HM-149801,Henry MacAllister,Consumer,Zhengzhou,Henan,China,North Asia,APAC
GT-147553,Guy Thornton,Consumer,Tijuana,Baja California,Mexico,North,LATAM
JL-151303,Jack Lebron,Consumer,João Pessoa,Paraíba,Brazil,South,LATAM
AC-4503,Amy Cox,Consumer,Riyadh,Ar Riyad,Saudi Arabia,EMEA,EMEA
TM-114902,Tony Molinari,Consumer,Voronezh,Voronezh,Russia,EMEA,EMEA
CD-122802,Christina DeMoss,Consumer,Wels,Upper Austria,Austria,Central,EU
CM-123853,Christopher Martinez,Consumer,Guayaquil,Guayas,Ecuador,South,LATAM
DK-28951,Dana Kaydos,Consumer,Sale,Rabat-Salé-Zemmour-Zaer,Morocco,Africa,Africa
TM-214902,Tony Molinari,Consumer,Harrow,England,United Kingdom,North,EU
BS-116651,Brian Stugart,Consumer,Bhavnagar,Gujarat,India,Central Asia,APAC
SK-199903,Sally Knutson,Consumer,Guanambi,Bahia,Brazil,South,LATAM
MS-177702,Maxwell Schwartz,Consumer,Burnley,England,United Kingdom,North,EU
DP-131653,David Philippe,Consumer,Masaya,Masaya,Nicaragua,Central,LATAM
CD-22802,Christina DeMoss,Consumer,L'viv,L'viv,Ukraine,EMEA,EMEA
RD-195853,Rob Dowd,Consumer,Araguaína,Tocantins,Brazil,South,LATAM
AB-101652,Alan Barnes,Consumer,Montreuil,Ile-de-France,France,Central,EU
TC-112951,Toby Carlisle,Consumer,Newcastle,Kwazulu-natal,South Africa,Africa,Africa
ZC-219102,Zuschuss Carroll,Consumer,Wolverhampton,England,United Kingdom,North,EU
JK-153702,Jay Kimmel,Consumer,Saint-Denis,Ile-de-France,France,Central,EU
PO-188651,Patrick O'Donnell,Consumer,Nanning,Guangxi,China,North Asia,APAC
DF-131351,David Flashing,Consumer,Funabashi,Chiba,Japan,North Asia,APAC
KA-165252,Kelly Andreada,Consumer,Bonn,North Rhine-Westphalia,Germany,Central,EU
AB-152,Aaron Bergman,Consumer,Mykolayiv,Mykolayiv,Ukraine,EMEA,EMEA
JD-160151,Joy Daniels,Consumer,Coimbatore,Tamil Nadu,India,Central Asia,APAC
SB-201701,Sarah Bern,Consumer,Yangzhou,Jiangsu,China,North Asia,APAC
JH-159102,Jonathan Howell,Consumer,Oberhausen,North Rhine-Westphalia,Germany,Central,EU
PM-189403,Paul MacIntyre,Consumer,Las Tunas,Las Tunas,Cuba,Caribbean,LATAM
PF-192252,Phillip Flathmann,Consumer,Pozzuoli,Campania,Italy,South,EU
BP-112303,Benjamin Patterson,Consumer,Goiânia,Goiás,Brazil,South,LATAM
GB-145752,Giulietta Baptist,Consumer,Hamburg,Hamburg,Germany,Central,EU
JR-56701,Jim Radford,Consumer,Cairo,Al Qahirah,Egypt,Africa,Africa
LF-71851,Luke Foster,Consumer,Dakar,Dakar,Senegal,Africa,Africa
HG-150253,Hunter Glantz,Consumer,Managua,Managua,Nicaragua,Central,LATAM
ML-174103,Maris LaWare,Consumer,San Salvador,San Salvador,El Salvador,Central,LATAM
SS-204101,Shahid Shariari,Consumer,Karimnagar,Telangana,India,Central Asia,APAC
PT-190903,Pete Takahito,Consumer,Obregón,Sonora,Mexico,North,LATAM
CC-123703,Christopher Conant,Consumer,Chihuahua,Chihuahua,Mexico,North,LATAM
DB-134052,Denny Blanton,Consumer,Rome,Lazio,Italy,South,EU
LT-67651,Larry Tron,Consumer,Durban,Kwazulu-natal,South Africa,Africa,Africa
LC-68851,Lena Creighton,Consumer,Kinshasa,Kinshasa,Democratic Republic of the Congo,Africa,Africa
DB-136152,Doug Bickford,Consumer,Bergisch Gladbach,North Rhine-Westphalia,Germany,Central,EU
HG-50252,Hunter Glantz,Consumer,Nizhyn,Chernihiv,Ukraine,EMEA,EMEA
LS-72301,Lycoris Saunders,Consumer,Abidjan,Lagunes,Cote d'Ivoire,Africa,Africa
PO-188501,Patrick O'Brill,Consumer,Wollongong,New South Wales,Australia,Oceania,APAC
TT-210702,Ted Trevino,Consumer,Glasgow,Scotland,United Kingdom,North,EU
JO-152801,Jas O'Carroll,Consumer,Hyderabad,Telangana,India,Central Asia,APAC
CK-125952,Clytie Kelty,Consumer,Redditch,England,United Kingdom,North,EU
JA-159702,Joseph Airdo,Consumer,Siegen,North Rhine-Westphalia,Germany,Central,EU
RA-92853,Ralph Arnett,Consumer,Neyshabur,Razavi Khorasan,Iran,EMEA,EMEA
CD-19803,Carol Darley,Consumer,Khorramshahr,Khuzestan,Iran,EMEA,EMEA
PG-188203,Patrick Gardner,Consumer,São Paulo,São Paulo,Brazil,South,LATAM
PF-192253,Phillip Flathmann,Consumer,San Salvador,San Salvador,El Salvador,Central,LATAM
MH-180253,Michelle Huthwaite,Consumer,Mexico City,Distrito Federal,Mexico,North,LATAM
DV-134652,Dianna Vittorini,Consumer,Benevento,Campania,Italy,South,EU
TP-111301,Theone Pippenger,Consumer,Alexandria,Al Iskandariyah,Egypt,Africa,Africa
CM-123851,Christopher Martinez,Consumer,Murray Bridge,South Australia,Australia,Oceania,APAC
JH-158202,John Huston,Consumer,Turin,Piedmont,Italy,South,EU
CS-19501,Carlos Soltero,Consumer,Chimoio,Manica,Mozambique,Africa,Africa
EN-37801,Edward Nazzal,Consumer,Kinshasa,Kinshasa,Democratic Republic of the Congo,Africa,Africa
MB-173052,Maria Bertelson,Consumer,Vienna,Vienna,Austria,Central,EU
EM-139601,Eric Murdock,Consumer,Newcastle,New South Wales,Australia,Oceania,APAC
MH-174552,Mark Hamilton,Consumer,Levallois-Perret,Ile-de-France,France,Central,EU
ST-105301,Shui Tom,Consumer,Cairo,Al Qahirah,Egypt,Africa,Africa
MH-174551,Mark Hamilton,Consumer,Dhaka,Dhaka,Bangladesh,Central Asia,APAC
AG-103302,Alex Grayson,Consumer,Reutlingen,Baden-Württemberg,Germany,Central,EU
BD-17252,Bruce Degenhardt,Consumer,Zagreb,Grad Zagreb,Croatia,EMEA,EMEA
BD-16202,Brian DeCherney,Consumer,Sofia,Sofiya-Grad,Bulgaria,EMEA,EMEA
JF-54152,Jennifer Ferguson,Consumer,Kalisz,Greater Poland,Poland,EMEA,EMEA
MS-77702,Maxwell Schwartz,Consumer,Andijon,Andijan,Uzbekistan,EMEA,EMEA
CS-18602,Cari Schnelling,Consumer,Doha,Ad Dawhah,Qatar,EMEA,EMEA
LF-171851,Luke Foster,Consumer,Panihati,West Bengal,India,Central Asia,APAC
KW-165702,Kelly Williams,Consumer,Kiel,Schleswig-Holstein,Germany,Central,EU
RB-195703,Rob Beeghly,Consumer,Puerto Montt,Los Lagos,Chile,South,LATAM
TS-213402,Toby Swindell,Consumer,Neuilly-sur-Marne,Ile-de-France,France,Central,EU
TC-212952,Toby Carlisle,Consumer,Kaiserslautern,Rhineland-Palatinate,Germany,Central,EU
BP-111552,Becky Pak,Consumer,Fontenay-aux-Roses,Ile-de-France,France,Central,EU
SC-207252,Steven Cartwright,Consumer,Villach,Carinthia,Austria,Central,EU
RK-193003,Ralph Kennedy,Consumer,Tehuacán,Puebla,Mexico,North,LATAM
CC-126703,Craig Carreira,Consumer,Monterrey,Nuevo León,Mexico,North,LATAM
JF-54151,Jennifer Ferguson,Consumer,Vryburg,North-West,South Africa,Africa,Africa
JE-157153,Joe Elijah,Consumer,San Andrés Tuxtla,Veracruz,Mexico,North,LATAM
AC-104502,Amy Cox,Consumer,Versailles,Ile-de-France,France,Central,EU
SO-103351,Sean O'Donnell,Consumer,Kinshasa,Kinshasa,Democratic Republic of the Congo,Africa,Africa
AH-102101,Alan Hwang,Consumer,Baotou,Inner Mongolia,China,North Asia,APAC
CA-122653,Christina Anderson,Consumer,San Salvador,San Salvador,El Salvador,Central,LATAM
PW-192403,Pierre Wener,Consumer,Granada,Granada,Nicaragua,Central,LATAM
LM-70651,Liz MacKendrick,Consumer,Annaba,Annaba,Algeria,Africa,Africa
DK-129852,Darren Koutras,Consumer,Bradford,England,United Kingdom,North,EU
RB-193301,Randy Bradley,Consumer,Phnom Penh,Phnom Penh,Cambodia,Southeast Asia,APAC
LF-171853,Luke Foster,Consumer,Consolación del Sur,Pinar del Río,Cuba,Caribbean,LATAM
BD-117253,Bruce Degenhardt,Consumer,Amatitlán,Guatemala,Guatemala,Central,LATAM
CT-119951,Carol Triggs,Consumer,Hirakata,Osaka,Japan,North Asia,APAC
PW-192402,Pierre Wener,Consumer,Brandenburg,Brandenburg,Germany,Central,EU
TZ-115802,Tracy Zic,Consumer,Bryansk,Bryansk,Russia,EMEA,EMEA
RD-194803,Rick Duston,Consumer,Madero,Tamaulipas,Mexico,North,LATAM
BE-114101,Bobby Elias,Consumer,Faridabad,Haryana,India,Central Asia,APAC
JK-52052,Jamie Kunitz,Consumer,Chisinau,Chisinau,Moldova,EMEA,EMEA
XP-218651,Xylona Preis,Consumer,Anqing,Anhui,China,North Asia,APAC
EP-139151,Emily Phan,Consumer,Jinan,Shandong,China,North Asia,APAC
NW-184003,Natalie Webber,Consumer,San Luis Potosí,San Luis Potosí,Mexico,North,LATAM
VG-117901,Vivek Gonzalez,Consumer,Cairo,Al Qahirah,Egypt,Africa,Africa
RH-96001,Rob Haberlin,Consumer,Alexandria,Al Iskandariyah,Egypt,Africa,Africa
JP-155202,Jeremy Pistek,Consumer,Munich,Bavaria,Germany,Central,EU
VG-217902,Vivek Gonzalez,Consumer,Bergen,Hordaland,Norway,North,EU
RR-193151,Ralph Ritter,Consumer,Wuchang,Heilongjiang,China,North Asia,APAC
SJ-205003,Shirley Jackson,Consumer,Montevideo,Montevideo,Uruguay,South,LATAM
BS-16652,Brian Stugart,Consumer,Khorramabad,Lorestan,Iran,EMEA,EMEA
RC-199602,Ryan Crowe,Consumer,Le Blanc-Mesnil,Ile-de-France,France,Central,EU
NM-185202,Neoma Murray,Consumer,Rome,Lazio,Italy,South,EU
JD-160603,Julia Dunbar,Consumer,Santiago de Cuba,Santiago de Cuba,Cuba,Caribbean,LATAM
NP-183253,Naresj Patel,Consumer,Santiago de Cuba,Santiago de Cuba,Cuba,Caribbean,LATAM
CM-121152,Chad McGuire,Consumer,Berne,Bern,Switzerland,Central,EU
LH-167502,Larry Hughes,Consumer,Hamburg,Hamburg,Germany,Central,EU
RK-193001,Ralph Kennedy,Consumer,Delhi,Delhi,India,Central Asia,APAC
MM-179201,Michael Moore,Consumer,Sanya,Hainan,China,North Asia,APAC
AT-107352,Annie Thurman,Consumer,Mougins,Provence-Alpes-Côte d'Azur,France,Central,EU
RL-96151,Rob Lucas,Consumer,Cape Town,Western Cape,South Africa,Africa,Africa
MM-80552,Michelle Moray,Consumer,Sabzevar,Razavi Khorasan,Iran,EMEA,EMEA
CG-25202,Claire Gute,Consumer,Kashan,Esfahan,Iran,EMEA,EMEA
PF-191652,Philip Fox,Consumer,Gummersbach,North Rhine-Westphalia,Germany,Central,EU
JL-151302,Jack Lebron,Consumer,Gennevilliers,Ile-de-France,France,Central,EU
AG-103303,Alex Grayson,Consumer,Cienfuegos,Cienfuegos,Cuba,Caribbean,LATAM
IM-150703,Irene Maddox,Consumer,Villa Nueva,Guatemala,Guatemala,Central,LATAM
BO-114252,Bobby Odegard,Consumer,Rome,Lazio,Italy,South,EU
PB-191051,Peter Bühler,Consumer,Jieyang,Guangdong,China,North Asia,APAC
TM-114901,Tony Molinari,Consumer,Sale,Rabat-Salé-Zemmour-Zaer,Morocco,Africa,Africa
RB-194352,Richard Bierner,Consumer,Nottingham,England,United Kingdom,North,EU
RE-194052,Ricardo Emerson,Consumer,Southend-on-Sea,England,United Kingdom,North,EU
LH-71553,Logan Haushalter,Consumer,Sumy,Sumy,Ukraine,EMEA,EMEA
MH-74552,Mark Hamilton,Consumer,Rybnik,Silesia,Poland,EMEA,EMEA
TD-209951,Tamara Dahlen,Consumer,Xintai,Shandong,China,North Asia,APAC
CL-118902,Carl Ludwig,Consumer,Vigevano,Lombardy,Italy,South,EU
CB-120253,Cassandra Brandow,Consumer,Las Tunas,Las Tunas,Cuba,Caribbean,LATAM
LW-172151,Luke Weiss,Consumer,Wuxi,Hunan,China,North Asia,APAC
CM-121603,Charles McCrossin,Consumer,Estelí,Estelí,Nicaragua,Central,LATAM
EM-39601,Eric Murdock,Consumer,Casablanca,Grand Casablanca,Morocco,Africa,Africa
MS-177703,Maxwell Schwartz,Consumer,Culiacán,Sinaloa,Mexico,North,LATAM
TR-213253,Toby Ritter,Consumer,José Bonifácio,São Paulo,Brazil,South,LATAM
GM-145003,Gene McClure,Consumer,Rolândia,Parana,Brazil,South,LATAM
TP-214151,Tom Prescott,Consumer,Hamilton,Waikato,New Zealand,Oceania,APAC
KB-163153,Karl Braun,Consumer,Villa Nueva,Guatemala,Guatemala,Central,LATAM
JH-59851,Joseph Holt,Consumer,Bejaia,Bejaia,Algeria,Africa,Africa
JM-161952,Justin MacKendrick,Consumer,Valladolid,Castile and León,Spain,South,EU
RD-194802,Rick Duston,Consumer,Naples,Campania,Italy,South,EU
JD-60152,Joy Daniels,Consumer,Lodz,Lodz,Poland,EMEA,EMEA
LC-171402,Logan Currie,Consumer,Ponferrada,Castile and León,Spain,South,EU
BS-117552,Bruce Stewart,Consumer,Las Rozas de Madrid,Madrid,Spain,South,EU
CD-119202,Carlos Daly,Consumer,Alicante,Valenciana,Spain,South,EU
AG-2701,Alejandro Grove,Consumer,Maputo,Cidade De Maputo,Mozambique,Africa,Africa
NR-85502,Nick Radford,Consumer,Jeddah,Makkah,Saudi Arabia,EMEA,EMEA
NF-83853,Natalie Fritzler,Consumer,Budapest,Budapest,Hungary,EMEA,EMEA
LH-170201,Lisa Hazard,Consumer,Anshan,Liaoning,China,North Asia,APAC
LR-169153,Lena Radford,Consumer,Artemisa,Artemisa,Cuba,Caribbean,LATAM
JJ-154452,Jennifer Jackson,Consumer,Genk,Limburg,Belgium,Central,EU
TS-113403,Toby Swindell,Consumer,Vinnytsya,Vinnytsya,Ukraine,EMEA,EMEA
OT-187302,Olvera Toch,Consumer,Loughborough,England,United Kingdom,North,EU
PG-188201,Patrick Gardner,Consumer,Xuzhou,Jiangsu,China,North Asia,APAC
PG-188952,Paul Gonzalez,Consumer,Harrow,England,United Kingdom,North,EU
JM-155803,Jill Matthias,Consumer,Dos Quebradas,Risaralda,Colombia,South,LATAM
VS-218201,Vivek Sundaresam,Consumer,Zigong,Sichuan,China,North Asia,APAC
HA-49052,Helen Abelman,Consumer,Hamadan,Hamadan,Iran,EMEA,EMEA
AC-104501,Amy Cox,Consumer,Jamshedpur,Jharkhand,India,Central Asia,APAC
BT-116801,Brian Thompson,Consumer,Anshan,Liaoning,China,North Asia,APAC
HA-49201,Helen Andreada,Consumer,Calgary,Alberta,Canada,Canada,Canada
EH-39453,Eric Hoffmann,Consumer,Oleksandriya,Kirovohrad,Ukraine,EMEA,EMEA
MS-173652,Maribeth Schnelling,Consumer,Stuttgart,Baden-Württemberg,Germany,Central,EU
TB-216253,Trudy Brown,Consumer,Querétaro,Querétaro,Mexico,North,LATAM
DK-133752,Dennis Kane,Consumer,Madrid,Madrid,Spain,South,EU
ES-140203,Erica Smith,Consumer,Mexico City,Distrito Federal,Mexico,North,LATAM
HM-149803,Henry MacAllister,Consumer,Quetzaltenango,Quezaltenango,Guatemala,Central,LATAM
HF-149953,Herbert Flentye,Consumer,Sahuayo de José María Morelos,Michoacán,Mexico,North,LATAM
KH-163603,Katherine Hughes,Consumer,Mixco,Guatemala,Guatemala,Central,LATAM
RB-194353,Richard Bierner,Consumer,Barranquilla,Atlántico,Colombia,South,LATAM
AH-104653,Amy Hunt,Consumer,León,León,Nicaragua,Central,LATAM
LP-170952,Liz Preis,Consumer,Noisy-le-Grand,Ile-de-France,France,Central,EU
LS-172452,Lynn Smith,Consumer,Chaville,Ile-de-France,France,Central,EU
DC-132853,Debra Catini,Consumer,Ensenada,Baja California,Mexico,North,LATAM
RP-93901,Resi Pölking,Consumer,Luanshya,Copperbelt,Zambia,Africa,Africa
RE-194053,Ricardo Emerson,Consumer,San Salvador,San Salvador,El Salvador,Central,LATAM
LC-168853,Lena Creighton,Consumer,Orizaba,Veracruz,Mexico,North,LATAM
CC-125502,Clay Cheatham,Consumer,Potenza,Basilicata,Italy,South,EU
DK-129853,Darren Koutras,Consumer,Conselheiro Lafaiete,Minas Gerais,Brazil,South,LATAM
PB-191502,Philip Brown,Consumer,Cagnes-sur-Mer,Provence-Alpes-Côte d'Azur,France,Central,EU
EB-141701,Evan Bailliet,Consumer,Ichikawa,Chiba,Japan,North Asia,APAC
CM-121151,Chad McGuire,Consumer,Heze,Shandong,China,North Asia,APAC
GM-45001,Gene McClure,Consumer,Dakar,Dakar,Senegal,Africa,Africa
TP-214152,Tom Prescott,Consumer,Middlesbrough,England,United Kingdom,North,EU
AB-101653,Alan Barnes,Consumer,Cienfuegos,Cienfuegos,Cuba,Caribbean,LATAM
AB-101502,Aimee Bixby,Consumer,Cognac,Poitou-Charentes,France,Central,EU
CG-125203,Claire Gute,Consumer,Guantánamo,Guantánamo,Cuba,Caribbean,LATAM
MH-180252,Michelle Huthwaite,Consumer,Acireale,Sicily,Italy,South,EU
DO-34352,Denny Ordway,Consumer,Mashhad,Razavi Khorasan,Iran,EMEA,EMEA
GT-147552,Guy Thornton,Consumer,Cesena,Emilia-Romagna,Italy,South,EU
LS-172453,Lynn Smith,Consumer,Zapopan,Jalisco,Mexico,North,LATAM
CM-122352,Chris McAfee,Consumer,Lille,Nord-Pas-de-Calais,France,Central,EU
BO-114251,Bobby Odegard,Consumer,Siping,Jilin,China,North Asia,APAC
JD-157903,John Dryer,Consumer,Masaya,Masaya,Nicaragua,Central,LATAM
AS-102402,Alan Shonely,Consumer,Montpellier,Languedoc-Roussillon,France,Central,EU
SG-100803,Sandra Glassco,Consumer,Mosul,Ninawa,Iraq,EMEA,EMEA
HA-149201,Helen Andreada,Consumer,Palmerston North,Manawatu-Wanganui,New Zealand,Oceania,APAC
BS-117551,Bruce Stewart,Consumer,Singapore,Singapore,Singapore,Southeast Asia,APAC
CA-27752,Cynthia Arntzen,Consumer,L'viv,L'viv,Ukraine,EMEA,EMEA
JG-151601,James Galang,Consumer,Chongqing,Chongqing,China,North Asia,APAC
LH-167503,Larry Hughes,Consumer,San Martín,Cuscatlán,El Salvador,Central,LATAM
SS-105902,Sonia Sunley,Consumer,Hrodna,Hrodna,Belarus,EMEA,EMEA
LL-68401,Lauren Leatherbury,Consumer,Casablanca,Grand Casablanca,Morocco,Africa,Africa
TR-213251,Toby Ritter,Consumer,Huzhou,Zhejiang,China,North Asia,APAC
DV-134653,Dianna Vittorini,Consumer,Santa Ana,Santa Ana,El Salvador,Central,LATAM
CM-19352,Carlos Meador,Consumer,Amol,Mazandaran,Iran,EMEA,EMEA
SC-107251,Steven Cartwright,Consumer,Bangui,Bangui,Central African Republic,Africa,Africa
NR-85501,Nick Radford,Consumer,Tangier,Tanger-Tétouan,Morocco,Africa,Africa
JE-157453,Joel Eaton,Consumer,Escuintla,Escuintla,Guatemala,Central,LATAM
AH-102102,Alan Hwang,Consumer,Hasselt,Limburg,Belgium,Central,EU
MK-181601,Mike Kennedy,Consumer,Masterton,Wellington,New Zealand,Oceania,APAC
RB-193601,Raymond Buch,Consumer,Bhopal,Madhya Pradesh,India,Central Asia,APAC
AA-3751,Allen Armold,Consumer,Nairobi,Nairobi,Kenya,Africa,Africa
JF-154151,Jennifer Ferguson,Consumer,Visakhapatnam,Andhra Pradesh,India,Central Asia,APAC
CC-123702,Christopher Conant,Consumer,Graz,Styria,Austria,Central,EU
JE-157452,Joel Eaton,Consumer,Espoo,Uusimaa,Finland,North,EU
BD-116051,Brian Dahlen,Consumer,Herat,Hirat,Afghanistan,Central Asia,APAC
TB-215203,Tracy Blumstein,Consumer,Chihuahua,Chihuahua,Mexico,North,LATAM
BD-16051,Brian Dahlen,Consumer,Yaounde,Centre,Cameroon,Africa,Africa
AT-107353,Annie Thurman,Consumer,Ibiúna,São Paulo,Brazil,South,LATAM
EB-41701,Evan Bailliet,Consumer,Rabat,Rabat-Salé-Zemmour-Zaer,Morocco,Africa,Africa
JB-160001,Joy Bell-,Consumer,Shangyu,Zhejiang,China,North Asia,APAC
AM-107053,Anne McFarland,Consumer,Sonsonate,Sonsonate,El Salvador,Central,LATAM
IM-50551,Ionia McGrath,Consumer,Accra,Greater Accra,Ghana,Africa,Africa
RL-196151,Rob Lucas,Consumer,Jiaohe,Jilin,China,North Asia,APAC
AG-109001,Arthur Gainer,Consumer,Pune,Maharashtra,India,Central Asia,APAC
TS-210853,Thais Sissman,Consumer,Paulista,Pernambuco,Brazil,South,LATAM
RM-193753,Raymond Messe,Consumer,San Salvador,San Salvador,El Salvador,Central,LATAM
RL-96152,Rob Lucas,Consumer,Donets'k,Donetsk,Ukraine,EMEA,EMEA
GT-147103,Greg Tran,Consumer,Holguín,Holguín,Cuba,Caribbean,LATAM
BD-116201,Brian DeCherney,Consumer,Shenyang,Liaoning,China,North Asia,APAC
MG-181453,Mike Gockenbach,Consumer,Granada,Granada,Nicaragua,Central,LATAM
MC-181003,Mick Crebagga,Consumer,Tlaquepaque,Jalisco,Mexico,North,LATAM
AB-100153,Aaron Bergman,Consumer,Gaspar,Santa Catarina,Brazil,South,LATAM
CB-20251,Cassandra Brandow,Consumer,Mashhad,Razavi Khorasan,Iran,EMEA,EMEA
GM-46802,Greg Matthias,Consumer,Bishkek,Bishkek,Kyrgyzstan,EMEA,EMEA
GT-47553,Guy Thornton,Consumer,Budapest,Budapest,Hungary,EMEA,EMEA
MS-177103,Maurice Satty,Consumer,Barranquilla,Atlántico,Colombia,South,LATAM
MM-172601,Magdelene Morse,Consumer,Tianjin,Tianjin,China,North Asia,APAC
IG-50851,Ivan Gibson,Consumer,Luanda,Luanda,Angola,Africa,Africa
CL-125651,Clay Ludtke,Consumer,Harbin,Heilongjiang,China,North Asia,APAC
JJ-154453,Jennifer Jackson,Consumer,Tijuana,Baja California,Mexico,North,LATAM
BD-16352,Brian Derr,Consumer,Najafabad,Esfahan,Iran,EMEA,EMEA
CD-19202,Carlos Daly,Consumer,Salavat,Bashkortostan,Russia,EMEA,EMEA
CD-119203,Carlos Daly,Consumer,Silao,Guanajuato,Mexico,North,LATAM
RA-192852,Ralph Arnett,Consumer,Reutlingen,Baden-Württemberg,Germany,Central,EU
JK-56251,Jim Karlsson,Consumer,Accra,Greater Accra,Ghana,Africa,Africa
IL-51001,Ivan Liston,Consumer,Algiers,Alger,Algeria,Africa,Africa
SM-109051,Susan MacKendrick,Consumer,Cape Town,Western Cape,South Africa,Africa,Africa
LC-170503,Liz Carlisle,Consumer,Águas Lindas de Goiás,Goiás,Brazil,South,LATAM
AW-108401,Anthony Witt,Consumer,Ganganagar,Rajasthan,India,Central Asia,APAC
GW-146051,Giulietta Weimer,Consumer,Luoyang,Guangdong,China,North Asia,APAC
DD-35702,Dorothy Dickinson,Consumer,Vienna,Vienna,Austria,EMEA,EMEA
JK-153703,Jay Kimmel,Consumer,Fernando de la Mora,Central,Paraguay,South,LATAM
AZ-107503,Annie Zypern,Consumer,Cúcuta,Norte de Santander,Colombia,South,LATAM
SA-208301,Sue Ann Reed,Consumer,Jinjiang,Fujian,China,North Asia,APAC
JD-160153,Joy Daniels,Consumer,Córdoba,Veracruz,Mexico,North,LATAM
SJ-202153,Sarah Jordon,Consumer,Mexico City,Distrito Federal,Mexico,North,LATAM
SV-203653,Seth Vernon,Consumer,Tlalnepantla,México,Mexico,North,LATAM
NW-184002,Natalie Webber,Consumer,Blackpool,England,United Kingdom,North,EU
NP-183252,Naresj Patel,Consumer,Tarragona,Catalonia,Spain,South,EU
LB-67353,Larry Blacks,Consumer,Ruda Slaska,Silesia,Poland,EMEA,EMEA
TC-212953,Toby Carlisle,Consumer,San Salvador,San Salvador,El Salvador,Central,LATAM
IM-150702,Irene Maddox,Consumer,Meudon,Ile-de-France,France,Central,EU
ME-177251,Max Engle,Consumer,Singapore,Singapore,Singapore,Southeast Asia,APAC
WB-218502,William Brown,Consumer,Bath,England,United Kingdom,North,EU
KW-165701,Kelly Williams,Consumer,Chongqing,Chongqing,China,North Asia,APAC
EB-141102,Eugene Barchas,Consumer,Vienna,Vienna,Austria,Central,EU
AR-105103,Andrew Roberts,Consumer,Villa Nueva,Guatemala,Guatemala,Central,LATAM
SC-108452,Sung Chung,Consumer,Nizhyn,Chernihiv,Ukraine,EMEA,EMEA
NF-183851,Natalie Fritzler,Consumer,Xinzhou,Shanxi,China,North Asia,APAC
NP-87002,Nora Preis,Consumer,Mashhad,Razavi Khorasan,Iran,EMEA,EMEA
MG-181452,Mike Gockenbach,Consumer,Gennevilliers,Ile-de-France,France,Central,EU
TT-110701,Ted Trevino,Consumer,Kumasi,Ashanti,Ghana,Africa,Africa
CM-119353,Carlos Meador,Consumer,Macapá,Amapá,Brazil,South,LATAM
PS-187603,Pamela Stobb,Consumer,Rosarito,Baja California,Mexico,North,LATAM
PS-187601,Pamela Stobb,Consumer,Moradabad,Uttar Pradesh,India,Central Asia,APAC
JC-157752,John Castell,Consumer,Pau,Aquitaine,France,Central,EU
JH-159851,Joseph Holt,Consumer,Tauranga,Bay of Plenty,New Zealand,Oceania,APAC
CM-124453,Chuck Magee,Consumer,Tuxtla Gutiérrez,Chiapas,Mexico,North,LATAM
SA-208303,Sue Ann Reed,Consumer,Guantánamo,Guantánamo,Cuba,Caribbean,LATAM
CD-119802,Carol Darley,Consumer,Augsburg,Bavaria,Germany,Central,EU
PG-88952,Paul Gonzalez,Consumer,Yaroslavl',Yaroslavl',Russia,EMEA,EMEA
RO-197801,Rose O'Brian,Consumer,Gaoyou,Jiangsu,China,North Asia,APAC
BP-112903,Beth Paige,Consumer,Rancagua,O'Higgins,Chile,South,LATAM
SW-202751,Scott Williamson,Consumer,Lanzhou,Gansu,China,North Asia,APAC
CS-121302,Chad Sievert,Consumer,Hagen,North Rhine-Westphalia,Germany,Central,EU
NS-85052,Neola Schneider,Consumer,Poznan,Greater Poland,Poland,EMEA,EMEA
DL-28651,Dan Lawera,Consumer,Kassala,Kassala,Sudan,Africa,Africa
CA-122651,Christina Anderson,Consumer,Shenzhen,Guangdong,China,North Asia,APAC
PW-192401,Pierre Wener,Consumer,Chennai,Tamil Nadu,India,Central Asia,APAC
BM-111402,Becky Martin,Consumer,Krefeld,North Rhine-Westphalia,Germany,Central,EU
Co-126402,Corey-Lock,Consumer,Mansfield,England,United Kingdom,North,EU
RD-197202,Roger Demir,Consumer,Bry-sur-Marne,Ile-de-France,France,Central,EU
FH-143503,Fred Harton,Consumer,Bridgetown,Saint Michael,Barbados,Caribbean,LATAM
MM-72603,Magdelene Morse,Consumer,Jizan,Jizan,Saudi Arabia,EMEA,EMEA
JG-151153,Jack Garza,Consumer,Mejicanos,San Salvador,El Salvador,Central,LATAM
JL-155052,Jeremy Lonsdale,Consumer,Vigo,Galicia,Spain,South,EU
DB-132101,Dean Braden,Consumer,Srinagar,Jammu and Kashmir,India,Central Asia,APAC
JH-59103,Jonathan Howell,Consumer,Prague,Prague,Czech Republic,EMEA,EMEA
PO-188652,Patrick O'Donnell,Consumer,Norderstedt,Schleswig-Holstein,Germany,Central,EU
RO-197803,Rose O'Brian,Consumer,Araraquara,São Paulo,Brazil,South,LATAM
SE-101101,Sanjit Engle,Consumer,Mbuji-mayi,Kasai-Oriental,Democratic Republic of the Congo,Africa,Africa
BW-112003,Ben Wallace,Consumer,Puente Alto,Santiago,Chile,South,LATAM
CD-119801,Carol Darley,Consumer,Canberra,Australian Capital Territory,Australia,Oceania,APAC
DO-136451,Doug O'Connell,Consumer,Chengdu,Sichuan,China,North Asia,APAC
RH-196002,Rob Haberlin,Consumer,Vienna,Vienna,Austria,Central,EU
SV-209351,Susan Vittorini,Consumer,Tokyo,Tokyo,Japan,North Asia,APAC
MC-75751,Matt Collins,Consumer,Pretoria,Gauteng,South Africa,Africa,Africa
BD-16052,Brian Dahlen,Consumer,Holon,Tel Aviv,Israel,EMEA,EMEA
PF-192251,Phillip Flathmann,Consumer,Sylhet,Sylhet,Bangladesh,Central Asia,APAC
LE-168102,Laurel Elliston,Consumer,Santander,Cantabria,Spain,South,EU
JF-152951,Jason Fortune-,Consumer,Singapore,Singapore,Singapore,Southeast Asia,APAC
AC-106603,Anna Chung,Consumer,Matehuala,San Luis Potosí,Mexico,North,LATAM
JG-51151,Jack Garza,Consumer,Dakar,Dakar,Senegal,Africa,Africa
PO-188653,Patrick O'Donnell,Consumer,Apopa,San Salvador,El Salvador,Central,LATAM
SA-108301,Sue Ann Reed,Consumer,Johannesburg,Gauteng,South Africa,Africa,Africa
NC-83403,Nat Carroll,Consumer,Baku,Baki,Azerbaijan,EMEA,EMEA
CS-24602,Chuck Sachs,Consumer,Homs,Hims,Syria,EMEA,EMEA
LC-168701,Lena Cacioppo,Consumer,Mysore,Karnataka,India,Central Asia,APAC
JO-152803,Jas O'Carroll,Consumer,Santa Clara,Villa Clara,Cuba,Caribbean,LATAM
AS-102403,Alan Shonely,Consumer,Ariquemes,Rondônia,Brazil,South,LATAM
SF-202001,Sarah Foster,Consumer,Kanpur,Uttar Pradesh,India,Central Asia,APAC
SS-208752,Sung Shariari,Consumer,Valencia,Valenciana,Spain,South,EU
MB-80852,Mick Brown,Consumer,Kerman,Kerman,Iran,EMEA,EMEA
AJ-109452,Ashley Jarboe,Consumer,Portsmouth,England,United Kingdom,North,EU
EM-139603,Eric Murdock,Consumer,Guadalajara,Jalisco,Mexico,North,LATAM
GM-45002,Gene McClure,Consumer,Baghdad,Baghdad,Iraq,EMEA,EMEA
SC-203801,Shahid Collister,Consumer,Taiyuan,Shanxi,China,North Asia,APAC
RB-93301,Randy Bradley,Consumer,Soweto,Gauteng,South Africa,Africa,Africa
MB-180853,Mick Brown,Consumer,Querétaro,Querétaro,Mexico,North,LATAM
AA-104803,Andrew Allen,Consumer,San José de las Lajas,Mayabeque,Cuba,Caribbean,LATAM
JK-157301,Joe Kamberova,Consumer,Ranchi,Jharkhand,India,Central Asia,APAC
EJ-41552,Eva Jacobs,Consumer,Jeddah,Makkah,Saudi Arabia,EMEA,EMEA
AR-5401,Andy Reiter,Consumer,Kayes,Kayes,Mali,Africa,Africa
DK-130902,Dave Kipp,Consumer,Marseille,Provence-Alpes-Côte d'Azur,France,Central,EU
MB-73051,Maria Bertelson,Consumer,Cotonou,Littoral,Benin,Africa,Africa
JD-60602,Julia Dunbar,Consumer,Gubkin,Belgorod,Russia,EMEA,EMEA
PF-91203,Peter Fuller,Consumer,Vienna,Vienna,Austria,EMEA,EMEA
EJ-137202,Ed Jacobs,Consumer,Paris,Ile-de-France,France,Central,EU
AA-103751,Allen Armold,Consumer,Kabul,Kabul,Afghanistan,Central Asia,APAC
OT-187301,Olvera Toch,Consumer,Shanghai,Shanghai,China,North Asia,APAC
JH-61801,Justin Hirsh,Consumer,Accra,Greater Accra,Ghana,Africa,Africa
GZ-44701,Gary Zandusky,Consumer,Lubumbashi,Katanga,Democratic Republic of the Congo,Africa,Africa
AZ-7503,Annie Zypern,Consumer,Dnipropetrovs'k,Dnipropetrovs'k,Ukraine,EMEA,EMEA
JL-155051,Jeremy Lonsdale,Consumer,Lianyuan,Hunan,China,North Asia,APAC
TS-213401,Toby Swindell,Consumer,Tokyo,Tokyo,Japan,North Asia,APAC
JW-159552,Joni Wasserman,Consumer,Creil,Picardy,France,Central,EU
BT-14401,Bobby Trafton,Consumer,Dakar,Dakar,Senegal,Africa,Africa
MO-79502,Michael Oakman,Consumer,Baghdad,Baghdad,Iraq,EMEA,EMEA
DM-130153,Darrin Martin,Consumer,Quetzaltenango,Quezaltenango,Guatemala,Central,LATAM
JL-152351,Janet Lee,Consumer,Kalyan,Maharashtra,India,Central Asia,APAC
EG-39001,Emily Grady,Consumer,Al Minya,Al Minya,Egypt,Africa,Africa
EP-39151,Emily Phan,Consumer,Huambo,Huambo,Angola,Africa,Africa
EM-40653,Erin Mull,Consumer,Mecca,Makkah,Saudi Arabia,EMEA,EMEA
EB-141103,Eugene Barchas,Consumer,Villa Nueva,Guatemala,Guatemala,Central,LATAM
DJ-36302,Doug Jacobs,Consumer,Bryansk,Bryansk,Russia,EMEA,EMEA
RH-195552,Ritsa Hightower,Consumer,Glasgow,Scotland,United Kingdom,North,EU
BG-17401,Bruce Geld,Consumer,Kigali,Kigali,Rwanda,Africa,Africa
NP-83251,Naresj Patel,Consumer,Ad Diwem,White Nile,Sudan,Africa,Africa
EH-139901,Erica Hackney,Consumer,Dhaka,Dhaka,Bangladesh,Central Asia,APAC
ME-77253,Max Engle,Consumer,Plovdiv,Plovdiv,Bulgaria,EMEA,EMEA
JF-53551,Jay Fein,Consumer,East London,Eastern Cape,South Africa,Africa,Africa
KM-166601,Khloe Miller,Consumer,Aurangabad,Bihar,India,Central Asia,APAC
DP-131651,David Philippe,Consumer,Thane,Maharashtra,India,Central Asia,APAC
BS-116653,Brian Stugart,Consumer,Brasília,Federal District,Brazil,South,LATAM
SC-203802,Shahid Collister,Consumer,Pozzuoli,Campania,Italy,South,EU
DL-133302,Denise Leinenbach,Consumer,Montesson,Ile-de-France,France,Central,EU
DP-30003,Darren Powers,Consumer,Yazd,Yazd,Iran,EMEA,EMEA
SG-104702,Sheri Gordon,Consumer,Tbilisi,Tbilisi,Georgia,EMEA,EMEA
DL-33301,Denise Leinenbach,Consumer,Bamenda,Nord-Ouest,Cameroon,Africa,Africa
PR-188801,Patrick Ryan,Consumer,Suzhou,Jiangsu,China,North Asia,APAC
TS-213403,Toby Swindell,Consumer,Reynosa,Tamaulipas,Mexico,North,LATAM
RM-197501,Roland Murray,Consumer,Srinagar,Jammu and Kashmir,India,Central Asia,APAC
SO-203352,Sean O'Donnell,Consumer,Ghent,East Flanders,Belgium,Central,EU
MS-177101,Maurice Satty,Consumer,Singapore,Singapore,Singapore,Southeast Asia,APAC
TM-210101,Tamara Manning,Consumer,Jaipur,Rajasthan,India,Central Asia,APAC
TS-116102,Troy Staebel,Consumer,Chisinau,Chisinau,Moldova,EMEA,EMEA
EC-140503,Erin Creighton,Consumer,Brasília,Federal District,Brazil,South,LATAM
MT-178152,Meg Tillman,Consumer,Nantes,Pays de la Loire,France,Central,EU
AM-107051,Anne McFarland,Consumer,Pingdingshan,Henan,China,North Asia,APAC
JC-53851,Jenna Caffey,Consumer,Al Khums,Al Marqab,Libya,Africa,Africa
IL-51002,Ivan Liston,Consumer,Al Hillah,Babil,Iraq,EMEA,EMEA
CK-125951,Clytie Kelty,Consumer,Taupo,Waikato,New Zealand,Oceania,APAC
DK-33753,Dennis Kane,Consumer,Warsaw,Masovia,Poland,EMEA,EMEA
RM-193751,Raymond Messe,Consumer,Durgapur,West Bengal,India,Central Asia,APAC
SH-103952,Shahid Hopkins,Consumer,Montréal,Quebec,Canada,Canada,Canada
TP-214153,Tom Prescott,Consumer,Gurupi,Tocantins,Brazil,South,LATAM
RB-193602,Raymond Buch,Consumer,Rotherham,England,United Kingdom,North,EU
MS-173651,Maribeth Schnelling,Consumer,Shah Alam,Selangor,Malaysia,Southeast Asia,APAC
JH-59852,Joseph Holt,Consumer,Riyadh,Ar Riyad,Saudi Arabia,EMEA,EMEA
ST-105302,Shui Tom,Consumer,Kremenchuk,Poltava,Ukraine,EMEA,EMEA
AJ-109603,Astrea Jones,Consumer,Mixco,Guatemala,Guatemala,Central,LATAM
RH-95552,Ritsa Hightower,Consumer,Bishkek,Bishkek,Kyrgyzstan,EMEA,EMEA
BN-115152,Bradley Nguyen,Consumer,Bournemouth,England,United Kingdom,North,EU
IG-150851,Ivan Gibson,Consumer,Beijing,Beijing,China,North Asia,APAC
JH-58201,John Huston,Consumer,Port Elizabeth,Eastern Cape,South Africa,Africa,Africa
DL-129252,Daniel Lacy,Consumer,Castrop-Rauxel,North Rhine-Westphalia,Germany,Central,EU
AJ-9451,Ashley Jarboe,Consumer,Mogadishu,Banaadir,Somalia,Africa,Africa
AG-102701,Alejandro Grove,Consumer,Suzhou,Anhui,China,North Asia,APAC
IM-50552,Ionia McGrath,Consumer,Quchan,Razavi Khorasan,Iran,EMEA,EMEA
MS-173653,Maribeth Schnelling,Consumer,Soyapango,San Salvador,El Salvador,Central,LATAM
SW-202752,Scott Williamson,Consumer,Marseille,Provence-Alpes-Côte d'Azur,France,Central,EU
AP-9151,Arthur Prichep,Consumer,Khartoum,Khartoum,Sudan,Africa,Africa
JH-59101,Jonathan Howell,Consumer,Casablanca,Grand Casablanca,Morocco,Africa,Africa
AR-5701,Anemone Ratner,Consumer,Kindu,Maniema,Democratic Republic of the Congo,Africa,Africa
JP-55201,Jeremy Pistek,Consumer,Dar es Salaam,Dar Es Salaam,Tanzania,Africa,Africa
JW-160753,Julia West,Consumer,Cartago,Valle del Cauca,Colombia,South,LATAM
IG-150853,Ivan Gibson,Consumer,Zacatecas,Zacatecas,Mexico,North,LATAM
AW-8401,Anthony Witt,Consumer,Homs,Hims,Syria,EMEA,EMEA
MH-74551,Mark Hamilton,Consumer,Al Fayyum,Al Fayyum,Egypt,Africa,Africa
LP-170803,Liz Pelletier,Consumer,Camagüey,Camagüey,Cuba,Caribbean,LATAM
FP-143203,Frank Preis,Consumer,Morelia,Michoacán,Mexico,North,LATAM
IM-150553,Ionia McGrath,Consumer,Guanajuato,Guanajuato,Mexico,North,LATAM
BD-113203,Bill Donatelli,Consumer,Córdoba,Veracruz,Mexico,North,LATAM
MN-179353,Michael Nguyen,Consumer,Petapa,Guatemala,Guatemala,Central,LATAM
JM-61951,Justin MacKendrick,Consumer,Abidjan,Lagunes,Cote d'Ivoire,Africa,Africa
EM-140652,Erin Mull,Consumer,Molina de Segura,Murcia,Spain,South,EU
HA-149202,Helen Andreada,Consumer,Palma de Mallorca,Balearic Islands,Spain,South,EU
SB-201853,Sarah Brown,Consumer,Uberaba,Minas Gerais,Brazil,South,LATAM
HG-148453,Harry Greene,Consumer,Ilopango,San Salvador,El Salvador,Central,LATAM
DP-30001,Darren Powers,Consumer,Lubumbashi,Katanga,Democratic Republic of the Congo,Africa,Africa
RH-95551,Ritsa Hightower,Consumer,Nakuru,Rift Valley,Kenya,Africa,Africa
MW-82202,Mitch Webber,Consumer,Salavat,Bashkortostan,Russia,EMEA,EMEA
JL-158353,John Lee,Consumer,Soyapango,San Salvador,El Salvador,Central,LATAM
MD-173503,Maribeth Dona,Consumer,Medellín,Antioquia,Colombia,South,LATAM
RB-95702,Rob Beeghly,Consumer,Homyel',Homyel',Belarus,EMEA,EMEA
JG-51601,James Galang,Consumer,East London,Eastern Cape,South Africa,Africa,Africa
DB-30601,Dave Brooks,Consumer,Alexandria,Al Iskandariyah,Egypt,Africa,Africa
GA-147251,Guy Armstrong,Consumer,Jiangdu,Jiangsu,China,North Asia,APAC
KH-63601,Katherine Hughes,Consumer,Nairobi,Nairobi,Kenya,Africa,Africa
SK-99902,Sally Knutson,Consumer,Vienna,Vienna,Austria,EMEA,EMEA
PB-191501,Philip Brown,Consumer,Yangquan,Shanxi,China,North Asia,APAC
BF-10802,Bart Folk,Consumer,Edmonton,Alberta,Canada,Canada,Canada
RA-92851,Ralph Arnett,Consumer,Cairo,Al Qahirah,Egypt,Africa,Africa
NW-84003,Natalie Webber,Consumer,Sarajevo,Federation of Bosnia and Herzegovina,Bosnia and Herzegovina,EMEA,EMEA
LR-169152,Lena Radford,Consumer,Vantaa,Uusimaa,Finland,North,EU
HG-48452,Harry Greene,Consumer,Zhytomyr,Zhytomyr,Ukraine,EMEA,EMEA
DV-134651,Dianna Vittorini,Consumer,Macheng,Hubei,China,North Asia,APAC
TZ-215802,Tracy Zic,Consumer,Leeds,England,United Kingdom,North,EU
CK-125953,Clytie Kelty,Consumer,Ocaña,Norte de Santander,Colombia,South,LATAM
NG-84302,Nathan Gelder,Consumer,Burnaby,British Columbia,Canada,Canada,Canada
LT-167652,Larry Tron,Consumer,Rome,Lazio,Italy,South,EU
SC-200952,Sanjit Chand,Consumer,Basildon,England,United Kingdom,North,EU
KB-63151,Karl Braun,Consumer,Kolwezi,Katanga,Democratic Republic of the Congo,Africa,Africa
MJ-177401,Max Jones,Consumer,Luoyang,Henan,China,North Asia,APAC
PF-91201,Peter Fuller,Consumer,Mbuji-mayi,Kasai-Oriental,Democratic Republic of the Congo,Africa,Africa
EH-39451,Eric Hoffmann,Consumer,Cape Town,Western Cape,South Africa,Africa,Africa
TZ-215803,Tracy Zic,Consumer,Zapopan,Jalisco,Mexico,North,LATAM
MC-72751,Marc Crier,Consumer,Antananarivo,Analamanga,Madagascar,Africa,Africa
RA-99451,Ryan Akin,Consumer,Chipata,Eastern,Zambia,Africa,Africa
JL-51303,Jack Lebron,Consumer,Sofia,Sofiya-Grad,Bulgaria,EMEA,EMEA
MV-181901,Mike Vittorini,Consumer,Delhi,Delhi,India,Central Asia,APAC
JF-53552,Jay Fein,Consumer,Rafsanjan,Kerman,Iran,EMEA,EMEA
KT-164653,Kean Takahito,Consumer,Montevideo,Montevideo,Uruguay,South,LATAM
PT-90902,Pete Takahito,Consumer,Amman,'Amman,Jordan,EMEA,EMEA
RD-99002,Ruben Dartt,Consumer,Gubkin,Belgorod,Russia,EMEA,EMEA
EP-139152,Emily Phan,Consumer,Leipzig,Saxony,Germany,Central,EU
SF-202003,Sarah Foster,Consumer,Managua,Managua,Nicaragua,Central,LATAM
AS-2401,Alan Shonely,Consumer,Vaughan,Ontario,Canada,Canada,Canada
AC-106601,Anna Chung,Consumer,Changsha,Hunan,China,North Asia,APAC
BS-117553,Bruce Stewart,Consumer,Tecomán,Colima,Mexico,North,LATAM
ND-183703,Natalie DeCherney,Consumer,Iguala,Guerrero,Mexico,North,LATAM
ZD-219252,Zuschuss Donatelli,Consumer,Bremen,Bremen,Germany,Central,EU
CB-124151,Christy Brittain,Consumer,Takatsuki,Osaka,Japan,North Asia,APAC
TG-216403,Trudy Glocke,Consumer,Santiago,Santiago,Chile,South,LATAM
JL-152353,Janet Lee,Consumer,Bogotá,Bogota,Colombia,South,LATAM
JC-157751,John Castell,Consumer,Satna,Madhya Pradesh,India,Central Asia,APAC
SV-103651,Seth Vernon,Consumer,Vancouver,British Columbia,Canada,Canada,Canada
LW-171252,Liz Willingham,Consumer,Vitry-sur-Seine,Ile-de-France,France,Central,EU
PG-188202,Patrick Gardner,Consumer,Nantes,Pays de la Loire,France,Central,EU
DK-133753,Dennis Kane,Consumer,León,Guanajuato,Mexico,North,LATAM
CS-125052,Cindy Stewart,Consumer,Clermont-Ferrand,Auvergne,France,Central,EU
JW-60751,Julia West,Consumer,Marrakech,Marrakech-Tensift-El Haouz,Morocco,Africa,Africa
DO-134353,Denny Ordway,Consumer,Mexico City,Distrito Federal,Mexico,North,LATAM
SH-103953,Shahid Hopkins,Consumer,Bishkek,Bishkek,Kyrgyzstan,EMEA,EMEA
TM-210102,Tamara Manning,Consumer,Stavanger,Rogaland,Norway,North,EU
MB-173053,Maria Bertelson,Consumer,Ariquemes,Rondônia,Brazil,South,LATAM
LC-68702,Lena Cacioppo,Consumer,Qazvin,Qazvin,Iran,EMEA,EMEA
EJ-137201,Ed Jacobs,Consumer,Singapore,Singapore,Singapore,Southeast Asia,APAC
EH-139452,Eric Hoffmann,Consumer,Portici,Campania,Italy,South,EU
HG-150251,Hunter Glantz,Consumer,Allahabad,Uttar Pradesh,India,Central Asia,APAC
PK-190753,Pete Kriz,Consumer,Cuscatancingo,San Salvador,El Salvador,Central,LATAM
KH-165103,Keith Herrera,Consumer,Vitória,Espírito Santo,Brazil,South,LATAM
CM-23851,Christopher Martinez,Consumer,Johannesburg,Gauteng,South Africa,Africa,Africa
EM-139602,Eric Murdock,Consumer,Edinburgh,Scotland,United Kingdom,North,EU
PB-91501,Philip Brown,Consumer,Accra,Greater Accra,Ghana,Africa,Africa
GA-145153,George Ashbrook,Consumer,Progreso,Yucatán,Mexico,North,LATAM
BD-16351,Brian Derr,Consumer,Cairo,Al Qahirah,Egypt,Africa,Africa
NC-83401,Nat Carroll,Consumer,Kinshasa,Kinshasa,Democratic Republic of the Congo,Africa,Africa
EJ-141552,Eva Jacobs,Consumer,Paris,Ile-de-France,France,Central,EU
EB-139301,Eric Barreto,Consumer,Newcastle,New South Wales,Australia,Oceania,APAC
ES-140201,Erica Smith,Consumer,Shulan,Jilin,China,North Asia,APAC
JH-159101,Jonathan Howell,Consumer,Wellington,Wellington,New Zealand,Oceania,APAC
SS-104102,Shahid Shariari,Consumer,Brampton,Ontario,Canada,Canada,Canada
BP-12901,Beth Paige,Consumer,Luanda,Luanda,Angola,Africa,Africa
JH-154302,Jennifer Halladay,Consumer,Essen,North Rhine-Westphalia,Germany,Central,EU
DB-30602,Dave Brooks,Consumer,Arbil,Arbil,Iraq,EMEA,EMEA
AF-108701,Art Ferguson,Consumer,Aurangabad,Bihar,India,Central Asia,APAC
LS-172451,Lynn Smith,Consumer,Invercargill,Southland,New Zealand,Oceania,APAC
AH-4651,Amy Hunt,Consumer,Stellenbosch,Western Cape,South Africa,Africa,Africa
IM-150701,Irene Maddox,Consumer,Shanghai,Shanghai,China,North Asia,APAC
DJ-136301,Doug Jacobs,Consumer,Guntur,Andhra Pradesh,India,Central Asia,APAC
TH-211001,Thea Hendricks,Consumer,Madurai,Tamil Nadu,India,Central Asia,APAC
MM-79201,Michael Moore,Consumer,Dakar,Dakar,Senegal,Africa,Africa
JF-152952,Jason Fortune-,Consumer,West Bromwich,England,United Kingdom,North,EU
MC-175752,Matt Collins,Consumer,Bottrop,North Rhine-Westphalia,Germany,Central,EU
PB-191053,Peter Bühler,Consumer,Medellín,Antioquia,Colombia,South,LATAM
AG-3902,Allen Goldenen,Consumer,Prague,Prague,Czech Republic,EMEA,EMEA
KA-165251,Kelly Andreada,Consumer,Palmerston,Northern Territory,Australia,Oceania,APAC
TB-212803,Toby Braunhardt,Consumer,São Paulo,São Paulo,Brazil,South,LATAM
TG-213101,Toby Gnade,Consumer,Suihua,Heilongjiang,China,North Asia,APAC
JF-155653,Jill Fjeld,Consumer,Reynosa,Tamaulipas,Mexico,North,LATAM
ZD-119251,Zuschuss Donatelli,Consumer,Cairo,Al Qahirah,Egypt,Africa,Africa
JL-58352,John Lee,Consumer,Zanjan,Zanjan,Iran,EMEA,EMEA
TB-215202,Tracy Blumstein,Consumer,Alcobendas,Madrid,Spain,South,EU
CV-22952,Christina VanderZanden,Consumer,Baghdad,Baghdad,Iraq,EMEA,EMEA
TB-112502,Tim Brockman,Consumer,Kermanshah,Kermanshah,Iran,EMEA,EMEA
LC-168852,Lena Creighton,Consumer,Cologne,North Rhine-Westphalia,Germany,Central,EU
CM-124451,Chuck Magee,Consumer,Phnom Penh,Phnom Penh,Cambodia,Southeast Asia,APAC
CS-25051,Cindy Stewart,Consumer,Kitwe,Copperbelt,Zambia,Africa,Africa
TG-213103,Toby Gnade,Consumer,Mexico City,Distrito Federal,Mexico,North,LATAM
SC-205751,Sonia Cooley,Consumer,Beijing,Beijing,China,North Asia,APAC
NP-186703,Nora Paige,Consumer,Puebla,Puebla,Mexico,North,LATAM
JB-60002,Joy Bell-,Consumer,Mecca,Makkah,Saudi Arabia,EMEA,EMEA
JK-152053,Jamie Kunitz,Consumer,Juárez,Chihuahua,Mexico,North,LATAM
SC-208453,Sung Chung,Consumer,Santa Clara,Villa Clara,Cuba,Caribbean,LATAM
PF-91651,Philip Fox,Consumer,Boghni,Tizi Ouzou,Algeria,Africa,Africa
EJ-137203,Ed Jacobs,Consumer,Coacalco,México,Mexico,North,LATAM
CG-125202,Claire Gute,Consumer,Nice,Provence-Alpes-Côte d'Azur,France,Central,EU
LC-170502,Liz Carlisle,Consumer,Aix-en-Provence,Provence-Alpes-Côte d'Azur,France,Central,EU
LH-169003,Lena Hernandez,Consumer,Mexico City,Distrito Federal,Mexico,North,LATAM
MM-172602,Magdelene Morse,Consumer,Argenteuil,Ile-de-France,France,Central,EU
CS-118603,Cari Schnelling,Consumer,Manzanillo,Granma,Cuba,Caribbean,LATAM
CB-120252,Cassandra Brandow,Consumer,Milan,Lombardy,Italy,South,EU
SS-204102,Shahid Shariari,Consumer,Munich,Bavaria,Germany,Central,EU
SS-205903,Sonia Sunley,Consumer,Tianguá,Ceará,Brazil,South,LATAM
CB-124152,Christy Brittain,Consumer,Turin,Piedmont,Italy,South,EU
BO-14251,Bobby Odegard,Consumer,Ain Oussera,Djelfa,Algeria,Africa,Africa
AF-108853,Art Foster,Consumer,Chihuahua,Chihuahua,Mexico,North,LATAM
SK-99901,Sally Knutson,Consumer,Algiers,Alger,Algeria,Africa,Africa
AM-107052,Anne McFarland,Consumer,Zurich,Zürich,Switzerland,Central,EU
SW-104552,Shaun Weien,Consumer,Galati,Galati,Romania,EMEA,EMEA
HA-49202,Helen Andreada,Consumer,Ardabil,Ardabil,Iran,EMEA,EMEA
BT-14402,Bobby Trafton,Consumer,Mykolayiv,Mykolayiv,Ukraine,EMEA,EMEA
EB-138702,Emily Burns,Consumer,Stavanger,Rogaland,Norway,North,EU
TB-215951,Troy Blackwell,Consumer,Patna,Bihar,India,Central Asia,APAC
MC-178451,Michael Chen,Consumer,New Plymouth,Taranaki,New Zealand,Oceania,APAC
JW-159553,Joni Wasserman,Consumer,Chinautla,Guatemala,Guatemala,Central,LATAM
LT-171102,Liz Thompson,Consumer,Roanne,Rhône-Alpes,France,Central,EU
TS-116552,Trudy Schmidt,Consumer,Hrodna,Hrodna,Belarus,EMEA,EMEA
CS-124601,Chuck Sachs,Consumer,Dhaka,Dhaka,Bangladesh,Central Asia,APAC
AG-6752,Anna Gayman,Consumer,Ivanovo,Ivanovo,Russia,EMEA,EMEA
TG-213102,Toby Gnade,Consumer,Frankfurt,Hesse,Germany,Central,EU
MN-179351,Michael Nguyen,Consumer,Kollam,Kerala,India,Central Asia,APAC
KH-165102,Keith Herrera,Consumer,Pescara,Abruzzi,Italy,South,EU
FP-143202,Frank Preis,Consumer,Calais,Nord-Pas-de-Calais,France,Central,EU
EM-140651,Erin Mull,Consumer,Yiwu,Zhejiang,China,North Asia,APAC
LW-71251,Liz Willingham,Consumer,Mombasa,Coast,Kenya,Africa,Africa
NG-84301,Nathan Gelder,Consumer,Antananarivo,Analamanga,Madagascar,Africa,Africa
AF-108851,Art Foster,Consumer,Salem,Tamil Nadu,India,Central Asia,APAC
BP-12302,Benjamin Patterson,Consumer,Yanbu al Bahr,Al Madinah,Saudi Arabia,EMEA,EMEA
EB-139302,Eric Barreto,Consumer,Lyon,Rhône-Alpes,France,Central,EU
MC-181001,Mick Crebagga,Consumer,Foshan,Guangdong,China,North Asia,APAC
NW-184001,Natalie Webber,Consumer,Kuching,Sarawak,Malaysia,Southeast Asia,APAC
LE-68101,Laurel Elliston,Consumer,Riyadh,Ar Riyad,Saudi Arabia,EMEA,EMEA
SS-208753,Sung Shariari,Consumer,Managua,Managua,Nicaragua,Central,LATAM
JC-153403,Jasper Cacioppo,Consumer,Tlalpan,Distrito Federal,Mexico,North,LATAM
SF-100652,Sandra Flanagan,Consumer,Donets'k,Donetsk,Ukraine,EMEA,EMEA
SC-203053,Sean Christensen,Consumer,Cárdenas,Matanzas,Cuba,Caribbean,LATAM
AR-105401,Andy Reiter,Consumer,Shenzhen,Guangdong,China,North Asia,APAC
GH-146651,Greg Hansen,Consumer,Singapore,Singapore,Singapore,Southeast Asia,APAC
CT-119952,Carol Triggs,Consumer,Peterborough,England,United Kingdom,North,EU
EH-141851,Evan Henry,Consumer,Wellington,Wellington,New Zealand,Oceania,APAC
PJ-90152,Pauline Johnson,Consumer,Dnipropetrovs'k,Dnipropetrovs'k,Ukraine,EMEA,EMEA
ZC-219101,Zuschuss Carroll,Consumer,Weifang,Shandong,China,North Asia,APAC
JM-155802,Jill Matthias,Consumer,Fareham,England,United Kingdom,North,EU
EH-139453,Eric Hoffmann,Consumer,Mexico City,Distrito Federal,Mexico,North,LATAM
JM-155801,Jill Matthias,Consumer,Changzhou,Jiangsu,China,North Asia,APAC
PR-188802,Patrick Ryan,Consumer,Edinburgh,Scotland,United Kingdom,North,EU
BT-114403,Bobby Trafton,Consumer,Managua,Managua,Nicaragua,Central,LATAM
RF-198402,Roy Französisch,Consumer,Solihull,England,United Kingdom,North,EU
RC-199601,Ryan Crowe,Consumer,Timaru,Canterbury,New Zealand,Oceania,APAC
JD-157902,John Dryer,Consumer,Turku,Finland Proper,Finland,North,EU
LP-70952,Liz Preis,Consumer,St. Catharines,Ontario,Canada,Canada,Canada
AG-2702,Alejandro Grove,Consumer,Abbotsford,British Columbia,Canada,Canada,Canada
CM-121153,Chad McGuire,Consumer,La Paz,La Paz,Bolivia,South,LATAM
DL-129253,Daniel Lacy,Consumer,Puebla,Puebla,Mexico,North,LATAM
AH-105853,Angele Hood,Consumer,São Paulo,São Paulo,Brazil,South,LATAM
RP-193901,Resi Pölking,Consumer,Kollam,Kerala,India,Central Asia,APAC
VD-216702,Valerie Dominguez,Consumer,Bognor Regis,England,United Kingdom,North,EU
JL-55052,Jeremy Lonsdale,Consumer,Baghdad,Baghdad,Iraq,EMEA,EMEA
SC-107252,Steven Cartwright,Consumer,Gorgan,Golestan,Iran,EMEA,EMEA
JR-156703,Jim Radford,Consumer,Managua,Managua,Nicaragua,Central,LATAM
EN-137803,Edward Nazzal,Consumer,Villa Nueva,Guatemala,Guatemala,Central,LATAM
TG-116401,Trudy Glocke,Consumer,Cairo,Al Qahirah,Egypt,Africa,Africa
TB-215953,Troy Blackwell,Consumer,Guaymas,Sonora,Mexico,North,LATAM
VD-216701,Valerie Dominguez,Consumer,Taiyuan,Shanxi,China,North Asia,APAC
CC-122202,Chris Cortes,Consumer,Glasgow,Scotland,United Kingdom,North,EU
BG-117402,Bruce Geld,Consumer,Cardiff,Wales,United Kingdom,North,EU
JL-158503,John Lucas,Consumer,Mixco,Guatemala,Guatemala,Central,LATAM
GM-144403,Gary McGarr,Consumer,Quito,Pichincha,Ecuador,South,LATAM
CS-118602,Cari Schnelling,Consumer,Vienna,Vienna,Austria,Central,EU
AH-5852,Angele Hood,Consumer,Mashhad,Razavi Khorasan,Iran,EMEA,EMEA
SW-204552,Shaun Weien,Consumer,Poole,England,United Kingdom,North,EU
GH-144252,Gary Hwang,Consumer,Middlesbrough,England,United Kingdom,North,EU
SV-209352,Susan Vittorini,Consumer,Worcester,England,United Kingdom,North,EU
AT-7352,Annie Thurman,Consumer,Budapest,Budapest,Hungary,EMEA,EMEA
CD-19801,Carol Darley,Consumer,Dakar,Dakar,Senegal,Africa,Africa
BP-111553,Becky Pak,Consumer,Holguín,Holguín,Cuba,Caribbean,LATAM
BW-10651,Barry Weirich,Consumer,Kalemie,Katanga,Democratic Republic of the Congo,Africa,Africa
RE-94501,Richard Eichhorn,Consumer,Accra,Greater Accra,Ghana,Africa,Africa
CG-125201,Claire Gute,Consumer,Aurangabad,Maharashtra,India,Central Asia,APAC
RD-199001,Ruben Dartt,Consumer,Kaifeng,Henan,China,North Asia,APAC
JS-60302,Joy Smith,Consumer,Kitchener,Ontario,Canada,Canada,Canada
TP-211303,Theone Pippenger,Consumer,Chinandega,Chinandega,Nicaragua,Central,LATAM
SC-208003,Stuart Calhoun,Consumer,Ixtapaluca,México,Mexico,North,LATAM
DD-35701,Dorothy Dickinson,Consumer,Dakar,Dakar,Senegal,Africa,Africa
JB-59252,Joni Blumstein,Consumer,Shkoder,Shkodër,Albania,EMEA,EMEA
JR-156702,Jim Radford,Consumer,Rochdale,England,United Kingdom,North,EU
CM-21901,Charlotte Melton,Consumer,Nouakchott,Nouakchott,Mauritania,Africa,Africa
PB-91502,Philip Brown,Consumer,Ufa,Bashkortostan,Russia,EMEA,EMEA
LP-70953,Liz Preis,Consumer,Takestan,Qazvin,Iran,EMEA,EMEA
JF-54901,Jeremy Farry,Consumer,Safi,Doukkala-Abda,Morocco,Africa,Africa
SV-107851,Stewart Visinsky,Consumer,Lichinga,Niassa,Mozambique,Africa,Africa
KT-64651,Kean Takahito,Consumer,Abidjan,Lagunes,Cote d'Ivoire,Africa,Africa
Co-26401,Corey-Lock,Consumer,Agadir,Souss-Massa-Draâ,Morocco,Africa,Africa
JG-151603,James Galang,Consumer,San Martín,Cuscatlán,El Salvador,Central,LATAM
DB-136153,Doug Bickford,Consumer,Santiago,Santiago,Chile,South,LATAM
CS-118601,Cari Schnelling,Consumer,Chengdu,Sichuan,China,North Asia,APAC
PF-92251,Phillip Flathmann,Consumer,Ngaoundere,Adamaoua,Cameroon,Africa,Africa
KC-165401,Kelly Collister,Consumer,Shenzhen,Guangdong,China,North Asia,APAC
TH-111002,Thea Hendricks,Consumer,Be'er Sheva,Southern,Israel,EMEA,EMEA
AZ-7502,Annie Zypern,Consumer,Ottawa,Ontario,Canada,Canada,Canada
RB-193303,Randy Bradley,Consumer,Celaya,Guanajuato,Mexico,North,LATAM
DW-135403,Don Weiss,Consumer,Cholula,Puebla,Mexico,North,LATAM
DF-131353,David Flashing,Consumer,Morelia,Michoacán,Mexico,North,LATAM
LC-170501,Liz Carlisle,Consumer,Quanzhou,Fujian,China,North Asia,APAC
HF-49951,Herbert Flentye,Consumer,Oran,Oran,Algeria,Africa,Africa
SJ-102153,Sarah Jordon,Consumer,Najafabad,Esfahan,Iran,EMEA,EMEA
ML-174101,Maris LaWare,Consumer,Singapore,Singapore,Singapore,Southeast Asia,APAC
TB-115952,Troy Blackwell,Consumer,Chelyabinsk,Chelyabinsk,Russia,EMEA,EMEA
DL-28652,Dan Lawera,Consumer,Vancouver,British Columbia,Canada,Canada,Canada
SG-104701,Sheri Gordon,Consumer,Abidjan,Lagunes,Cote d'Ivoire,Africa,Africa
MS-77102,Maurice Satty,Consumer,Mosul,Ninawa,Iraq,EMEA,EMEA
BM-117851,Bryan Mills,Consumer,Tauranga,Bay of Plenty,New Zealand,Oceania,APAC
BM-11401,Becky Martin,Consumer,Cape Town,Western Cape,South Africa,Africa,Africa
RC-198253,Roy Collins,Consumer,Colima,Colima,Mexico,North,LATAM
KC-165403,Kelly Collister,Consumer,Quito,Pichincha,Ecuador,South,LATAM
CM-21152,Chad McGuire,Consumer,Voronezh,Voronezh,Russia,EMEA,EMEA
MC-175751,Matt Collins,Consumer,Shulan,Jilin,China,North Asia,APAC
HZ-149501,Henia Zydlo,Consumer,Deyang,Sichuan,China,North Asia,APAC
RW-196902,Robert Waldorf,Consumer,Reading,England,United Kingdom,North,EU
AA-103152,Alex Avila,Consumer,Garforth,England,United Kingdom,North,EU
JR-56702,Jim Radford,Consumer,Baghdad,Baghdad,Iraq,EMEA,EMEA
SC-203052,Sean Christensen,Consumer,Colchester,England,United Kingdom,North,EU
BM-17852,Bryan Mills,Consumer,Medina,Al Madinah,Saudi Arabia,EMEA,EMEA
MC-75752,Matt Collins,Consumer,Jeddah,Makkah,Saudi Arabia,EMEA,EMEA
KD-162701,Karen Daniels,Consumer,Jining,Inner Mongolia,China,North Asia,APAC
GH-146653,Greg Hansen,Consumer,Saltillo,Coahuila,Mexico,North,LATAM
LD-70053,Lisa DeCherney,Consumer,Rasht,Gilan,Iran,EMEA,EMEA
PM-89402,Paul MacIntyre,Consumer,Salzburg,Salzburg,Austria,EMEA,EMEA
LR-69151,Lena Radford,Consumer,Zwedru,Grand Gedeh,Liberia,Africa,Africa
LC-71402,Logan Currie,Consumer,Surrey,British Columbia,Canada,Canada,Canada
CC-23701,Christopher Conant,Consumer,Alexandria,Al Iskandariyah,Egypt,Africa,Africa
RO-97802,Rose O'Brian,Consumer,Bishkek,Bishkek,Kyrgyzstan,EMEA,EMEA
AA-104802,Andrew Allen,Consumer,Harrow,England,United Kingdom,North,EU
JO-52801,Jas O'Carroll,Consumer,Varna,Varna,Bulgaria,EMEA,EMEA
MC-72752,Marc Crier,Consumer,Sterlitamak,Bashkortostan,Russia,EMEA,EMEA
NC-84152,Nathan Cano,Consumer,L'viv,L'viv,Ukraine,EMEA,EMEA
JC-53402,Jasper Cacioppo,Consumer,Varna,Varna,Bulgaria,EMEA,EMEA
PS-87602,Pamela Stobb,Consumer,Kaliningrad,Kaliningrad,Russia,EMEA,EMEA
TZ-115801,Tracy Zic,Consumer,Khartoum,Khartoum,Sudan,Africa,Africa
KT-164803,Kean Thornton,Consumer,Culiacán,Sinaloa,Mexico,North,LATAM
RE-94052,Ricardo Emerson,Consumer,Sofia,Sofiya-Grad,Bulgaria,EMEA,EMEA
PK-90751,Pete Kriz,Consumer,Kinshasa,Kinshasa,Democratic Republic of the Congo,Africa,Africa
RB-94352,Richard Bierner,Consumer,Namangan,Namangan,Uzbekistan,EMEA,EMEA
OT-87301,Olvera Toch,Consumer,Bandundu,Bandundu,Democratic Republic of the Congo,Africa,Africa
MD-73502,Maribeth Dona,Consumer,Calgary,Alberta,Canada,Canada,Canada
DL-33151,Delfina Latchford,Consumer,Thies Nones,Thies,Senegal,Africa,Africa
RD-99302,Russell D'Ascenzo,Consumer,Mashhad,Razavi Khorasan,Iran,EMEA,EMEA
ZD-119252,Zuschuss Donatelli,Consumer,Sabzevar,Razavi Khorasan,Iran,EMEA,EMEA
AB-1501,Aimee Bixby,Consumer,Shiraz,Fars,Iran,EMEA,EMEA
SS-104103,Shahid Shariari,Consumer,Belgorod,Belgorod,Russia,EMEA,EMEA
SC-105751,Sonia Cooley,Consumer,Kryvyy Rih,Dnipropetrovs'k,Ukraine,EMEA,EMEA
JK-53702,Jay Kimmel,Consumer,Warsaw,Masovia,Poland,EMEA,EMEA
RD-97201,Roger Demir,Consumer,Kolwezi,Katanga,Democratic Republic of the Congo,Africa,Africa
SC-100201,Sam Craven,Consumer,Luanda,Luanda,Angola,Africa,Africa
CM-21151,Chad McGuire,Consumer,Cairo,Al Qahirah,Egypt,Africa,Africa
EH-41851,Evan Henry,Consumer,Al Fayyum,Al Fayyum,Egypt,Africa,Africa
DC-28503,Dan Campbell,Consumer,Gdansk,Pomerania,Poland,EMEA,EMEA
HL-50402,Hunter Lopez,Consumer,Jeddah,Makkah,Saudi Arabia,EMEA,EMEA
MT-78152,Meg Tillman,Consumer,Arak,Markazi,Iran,EMEA,EMEA
EB-41102,Eugene Barchas,Consumer,Bishkek,Bishkek,Kyrgyzstan,EMEA,EMEA
PO-188502,Patrick O'Brill,Consumer,Waterlooville,England,United Kingdom,North,EU
TB-114002,Tom Boeckenhauer,Consumer,Jeddah,Makkah,Saudi Arabia,EMEA,EMEA
RF-97351,Roland Fjeld,Consumer,Tel Aviv,Tel Aviv,Israel,EMEA,EMEA
KL-66452,Ken Lonsdale,Consumer,Mashhad,Razavi Khorasan,Iran,EMEA,EMEA
CC-125503,Clay Cheatham,Consumer,Mejicanos,San Salvador,El Salvador,Central,LATAM
CC-22203,Chris Cortes,Consumer,Kharkiv,Kharkiv,Ukraine,EMEA,EMEA
BD-17251,Bruce Degenhardt,Consumer,Cairo,Al Qahirah,Egypt,Africa,Africa
KD-63452,Katherine Ducich,Consumer,Irkutsk,Irkutsk,Russia,EMEA,EMEA
AA-6452,Anna Andreadi,Consumer,Mosul,Ninawa,Iraq,EMEA,EMEA
CM-19351,Carlos Meador,Consumer,Lusaka,Lusaka,Zambia,Africa,Africa
CJ-20101,Caroline Jumper,Consumer,Rabat,Rabat-Salé-Zemmour-Zaer,Morocco,Africa,Africa
LD-70052,Lisa DeCherney,Consumer,Surrey,British Columbia,Canada,Canada,Canada
MB-73052,Maria Bertelson,Consumer,Al Amarah,Maysan,Iraq,EMEA,EMEA
ML-82652,Muhammed Lee,Consumer,Riyadh,Ar Riyad,Saudi Arabia,EMEA,EMEA
LC-70502,Liz Carlisle,Consumer,Brest,Brest,Belarus,EMEA,EMEA
AI-8552,Arianne Irving,Consumer,Voronezh,Voronezh,Russia,EMEA,EMEA
CC-25502,Clay Cheatham,Consumer,Kharkiv,Kharkiv,Ukraine,EMEA,EMEA
DP-30002,Darren Powers,Consumer,Kitchener,Ontario,Canada,Canada,Canada
NP-86702,Nora Paige,Consumer,Pitesti,Arges,Romania,EMEA,EMEA
MS-177701,Maxwell Schwartz,Consumer,Wellington,Wellington,New Zealand,Oceania,APAC
SC-100952,Sanjit Chand,Consumer,Baghdad,Baghdad,Iraq,EMEA,EMEA
CC-23702,Christopher Conant,Consumer,Warsaw,Masovia,Poland,EMEA,EMEA
TC-212951,Toby Carlisle,Consumer,Fushun,Liaoning,China,North Asia,APAC
TS-110853,Thais Sissman,Consumer,Qom,Qom,Iran,EMEA,EMEA
JK-56252,Jim Karlsson,Consumer,London,Ontario,Canada,Canada,Canada
GM-44402,Gary McGarr,Consumer,Poltava,Poltava,Ukraine,EMEA,EMEA
BM-11402,Becky Martin,Consumer,Kharkiv,Kharkiv,Ukraine,EMEA,EMEA
PO-88502,Patrick O'Brill,Consumer,Zagreb,Grad Zagreb,Croatia,EMEA,EMEA
JL-52352,Janet Lee,Consumer,Jeddah,Makkah,Saudi Arabia,EMEA,EMEA
KM-66602,Khloe Miller,Consumer,Bacau,Bacau,Romania,EMEA,EMEA
SC-207253,Steven Cartwright,Consumer,Vitória da Conquista,Bahia,Brazil,South,LATAM
SC-103052,Sean Christensen,Consumer,Borujerd,Lorestan,Iran,EMEA,EMEA
VM-118352,Vivian Mathis,Consumer,Winnipeg,Manitoba,Canada,Canada,Canada
LP-70801,Liz Pelletier,Consumer,Rabat,Rabat-Salé-Zemmour-Zaer,Morocco,Africa,Africa
SF-102001,Sarah Foster,Consumer,Bouake,Vallee Du Bandama,Cote d'Ivoire,Africa,Africa
FO-43051,Frank Olsen,Consumer,Cairo,Al Qahirah,Egypt,Africa,Africa
GM-46801,Greg Matthias,Consumer,Tunis,Tunis,Tunisia,Africa,Africa
BD-16201,Brian DeCherney,Consumer,Durban,Kwazulu-natal,South Africa,Africa,Africa
MS-75301,MaryBeth Skach,Consumer,Antananarivo,Analamanga,Madagascar,Africa,Africa
HZ-49501,Henia Zydlo,Consumer,Porto-Novo,Ouémé,Benin,Africa,Africa
VM-118351,Vivian Mathis,Consumer,Kinshasa,Kinshasa,Democratic Republic of the Congo,Africa,Africa
ML-82651,Muhammed Lee,Consumer,Kinshasa,Kinshasa,Democratic Republic of the Congo,Africa,Africa
PO-88501,Patrick O'Brill,Consumer,Pretoria,Gauteng,South Africa,Africa,Africa
SW-104551,Shaun Weien,Consumer,Porto-Novo,Ouémé,Benin,Africa,Africa
MW-82201,Mitch Webber,Consumer,Wad Madani,Gezira,Sudan,Africa,Africa
EJ-37201,Ed Jacobs,Consumer,Kisangani,Orientale,Democratic Republic of the Congo,Africa,Africa
LH-70201,Lisa Hazard,Consumer,Lome,Maritime,Togo,Africa,Africa
TH-111001,Thea Hendricks,Consumer,Kolwezi,Katanga,Democratic Republic of the Congo,Africa,Africa
JM-55351,Jessica Myrick,Consumer,Nouakchott,Nouakchott,Mauritania,Africa,Africa
AH-5851,Angele Hood,Consumer,Luanda,Luanda,Angola,Africa,Africa
JF-52951,Jason Fortune-,Consumer,Igurusi,Mbeya,Tanzania,Africa,Africa
AM-7051,Anne McFarland,Consumer,Kinshasa,Kinshasa,Democratic Republic of the Congo,Africa,Africa
KW-64351,Katrina Willman,Consumer,Cairo,Al Qahirah,Egypt,Africa,Africa
DK-33751,Dennis Kane,Consumer,Kinshasa,Kinshasa,Democratic Republic of the Congo,Africa,Africa
DK-30901,Dave Kipp,Consumer,Cairo,Al Qahirah,Egypt,Africa,Africa
MN-79351,Michael Nguyen,Consumer,George,Western Cape,South Africa,Africa,Africa
GT-47101,Greg Tran,Consumer,Niamey,Niamey,Niger,Africa,Africa
AG-3301,Alex Grayson,Consumer,Dar es Salaam,Dar Es Salaam,Tanzania,Africa,Africa
TS-113401,Toby Swindell,Consumer,Bissau,Bissau,Guinea-Bissau,Africa,Africa
TT-112201,Thomas Thornton,Consumer,Al Fayyum,Al Fayyum,Egypt,Africa,Africa
AI-108551,Arianne Irving,Consumer,Wellington,Wellington,New Zealand,Oceania,APAC
HG-48451,Harry Greene,Consumer,Cairo,Al Qahirah,Egypt,Africa,Africa
EB-38702,Emily Burns,Consumer,Sanandaj,Kordestan,Iran,EMEA,EMEA
LE-168101,Laurel Elliston,Consumer,Matsudo,Chiba,Japan,North Asia,APAC
RD-97202,Roger Demir,Consumer,Sofia,Sofiya-Grad,Bulgaria,EMEA,EMEA
GB-45752,Giulietta Baptist,Consumer,Chisinau,Chisinau,Moldova,EMEA,EMEA
TP-211301,Theone Pippenger,Consumer,Mianyang,Sichuan,China,North Asia,APAC
RK-93002,Ralph Kennedy,Consumer,Bandar Abbas,Hormozgan,Iran,EMEA,EMEA
EH-139903,Erica Hackney,Consumer,Villa Nueva,Guatemala,Guatemala,Central,LATAM
JD-157901,John Dryer,Consumer,Singapore,Singapore,Singapore,Southeast Asia,APAC
AG-102703,Alejandro Grove,Consumer,Villa Nueva,Guatemala,Guatemala,Central,LATAM
PG-188953,Paul Gonzalez,Consumer,Mérida,Yucatán,Mexico,North,LATAM
KT-64653,Kean Takahito,Consumer,L'viv,L'viv,Ukraine,EMEA,EMEA
MS-75302,MaryBeth Skach,Consumer,Ivano-Frankivs'k,Ivano-Frankivsk,Ukraine,EMEA,EMEA
CC-22201,Chris Cortes,Consumer,Bamako,Bamako,Mali,Africa,Africa
LP-170951,Liz Preis,Consumer,Suzhou,Gansu,China,North Asia,APAC
MO-75002,Mary O'Rourke,Consumer,Vienna,Vienna,Austria,EMEA,EMEA
KD-63451,Katherine Ducich,Consumer,Johannesburg,Gauteng,South Africa,Africa,Africa
SE-201101,Sanjit Engle,Consumer,Singapore,Singapore,Singapore,Southeast Asia,APAC
RD-99301,Russell D'Ascenzo,Consumer,Al Minya,Al Minya,Egypt,Africa,Africa
CR-27302,Craig Reiter,Consumer,Baia Mare,Maramures,Romania,EMEA,EMEA
AB-1052,Adrian Barton,Consumer,Toronto,Ontario,Canada,Canada,Canada
DL-33152,Delfina Latchford,Consumer,Hrodna,Hrodna,Belarus,EMEA,EMEA
DL-128651,Dan Lawera,Consumer,Chaozhou,Guangdong,China,North Asia,APAC
CS-23552,Christine Sundaresam,Consumer,Qom,Qom,Iran,EMEA,EMEA
RD-94802,Rick Duston,Consumer,Laval,Quebec,Canada,Canada,Canada
VD-116701,Valerie Dominguez,Consumer,Kismaayo,Jubbada Hoose,Somalia,Africa,Africa
DM-30152,Darrin Martin,Consumer,Kerman,Kerman,Iran,EMEA,EMEA
DV-34651,Dianna Vittorini,Consumer,Accra,Greater Accra,Ghana,Africa,Africa
PG-88201,Patrick Gardner,Consumer,Chipata,Eastern,Zambia,Africa,Africa
KA-165253,Kelly Andreada,Consumer,Bogotá,Bogota,Colombia,South,LATAM
TB-115202,Tracy Blumstein,Consumer,Sterlitamak,Bashkortostan,Russia,EMEA,EMEA
AW-108403,Anthony Witt,Consumer,Chinandega,Chinandega,Nicaragua,Central,LATAM
LS-72451,Lynn Smith,Consumer,Atakpame,Plateaux,Togo,Africa,Africa
RD-197201,Roger Demir,Consumer,Ibaraki,Osaka,Japan,North Asia,APAC
DL-33303,Denise Leinenbach,Consumer,Arbil,Arbil,Iraq,EMEA,EMEA
LH-71552,Logan Haushalter,Consumer,Mississauga,Ontario,Canada,Canada,Canada
AR-105403,Andy Reiter,Consumer,Toluca,México,Mexico,North,LATAM
DC-32851,Debra Catini,Consumer,Tamale,Northern,Ghana,Africa,Africa
RA-199453,Ryan Akin,Consumer,Chihuahua,Chihuahua,Mexico,North,LATAM
AB-1652,Alan Barnes,Consumer,Hamilton,Ontario,Canada,Canada,Canada
MG-76951,Maureen Gnade,Consumer,Mtwara,Mtwara,Tanzania,Africa,Africa
MV-81902,Mike Vittorini,Consumer,Mosul,Ninawa,Iraq,EMEA,EMEA
MD-173501,Maribeth Dona,Consumer,Kowloon,Hong Kong,Hong Kong,North Asia,APAC
SW-102451,Scot Wooten,Consumer,Roodepoort,Gauteng,South Africa,Africa,Africa
BD-17701,Bryan Davis,Consumer,Bamako,Bamako,Mali,Africa,Africa
MM-180553,Michelle Moray,Consumer,Irapuato,Guanajuato,Mexico,North,LATAM
TS-216551,Trudy Schmidt,Consumer,Chaoyang,Liaoning,China,North Asia,APAC
CD-119803,Carol Darley,Consumer,Amatitlán,Guatemala,Guatemala,Central,LATAM
EM-39603,Eric Murdock,Consumer,Basra,Al Basrah,Iraq,EMEA,EMEA
JF-155651,Jill Fjeld,Consumer,Changchun,Jilin,China,North Asia,APAC
TS-110851,Thais Sissman,Consumer,Fes,Fès-Boulemane,Morocco,Africa,Africa
DK-30902,Dave Kipp,Consumer,Ufa,Bashkortostan,Russia,EMEA,EMEA
VD-216703,Valerie Dominguez,Consumer,Soyapango,San Salvador,El Salvador,Central,LATAM
AB-101501,Aimee Bixby,Consumer,Yuyao,Zhejiang,China,North Asia,APAC
BD-117701,Bryan Davis,Consumer,Hangzhou,Zhejiang,China,North Asia,APAC
FO-143053,Frank Olsen,Consumer,Poza Rica de Hidalgo,Veracruz,Mexico,North,LATAM
JG-151151,Jack Garza,Consumer,Kabul,Kabul,Afghanistan,Central Asia,APAC
GH-46653,Greg Hansen,Consumer,Bacau,Bacau,Romania,EMEA,EMEA
GH-44253,Gary Hwang,Consumer,Basra,Al Basrah,Iraq,EMEA,EMEA
TB-112501,Tim Brockman,Consumer,Algiers,Alger,Algeria,Africa,Africa
JA-159701,Joseph Airdo,Consumer,Anqing,Anhui,China,North Asia,APAC
KL-166452,Ken Lonsdale,Consumer,Barcelona,Catalonia,Spain,South,EU
CL-125652,Clay Ludtke,Consumer,Frankfurt,Hesse,Germany,Central,EU
BP-112302,Benjamin Patterson,Consumer,Treviso,Veneto,Italy,South,EU
SC-208002,Stuart Calhoun,Consumer,Munich,Bavaria,Germany,Central,EU
SW-202452,Scot Wooten,Consumer,Bamberg,Bavaria,Germany,Central,EU
JD-160152,Joy Daniels,Consumer,Basel,Basel-Stadt,Switzerland,Central,EU
DO-134352,Denny Ordway,Consumer,Wiesbaden,Hesse,Germany,Central,EU
KD-162702,Karen Daniels,Consumer,Wuppertal,North Rhine-Westphalia,Germany,Central,EU
HG-148452,Harry Greene,Consumer,Manresa,Catalonia,Spain,South,EU
LS-172302,Lycoris Saunders,Consumer,Madrid,Madrid,Spain,South,EU
JF-151902,Jamie Frazer,Consumer,Cologne,North Rhine-Westphalia,Germany,Central,EU
JK-156252,Jim Karlsson,Consumer,Vigo,Galicia,Spain,South,EU
CC-126702,Craig Carreira,Consumer,Florence,Tuscany,Italy,South,EU
DP-130002,Darren Powers,Consumer,Birkenhead,England,United Kingdom,North,EU
JM-155352,Jessica Myrick,Consumer,Hamm,North Rhine-Westphalia,Germany,Central,EU
JS-158802,John Stevenson,Consumer,Oslo,Oslo,Norway,North,EU
CA-122652,Christina Anderson,Consumer,Cardiff,Wales,United Kingdom,North,EU
KT-164652,Kean Takahito,Consumer,Barcelona,Catalonia,Spain,South,EU
TB-215952,Troy Blackwell,Consumer,Madrid,Madrid,Spain,South,EU
RL-196152,Rob Lucas,Consumer,Latina,Lazio,Italy,South,EU
XP-218652,Xylona Preis,Consumer,Leipzig,Saxony,Germany,Central,EU
KC-165402,Kelly Collister,Consumer,Valladolid,Castile and León,Spain,South,EU
DJ-136302,Doug Jacobs,Consumer,Edinburgh,Scotland,United Kingdom,North,EU
AG-102702,Alejandro Grove,Consumer,Gateshead,England,United Kingdom,North,EU
CC-124752,Cindy Chapman,Consumer,Bilbao,Basque Country,Spain,South,EU
HM-149802,Henry MacAllister,Consumer,Kortrijk,West Flanders,Belgium,Central,EU
MM-179202,Michael Moore,Consumer,Southend-on-Sea,England,United Kingdom,North,EU
AJ-109602,Astrea Jones,Consumer,Bolzano,Trentino-Alto Adige,Italy,South,EU
AF-108702,Art Ferguson,Consumer,Dortmund,North Rhine-Westphalia,Germany,Central,EU
SF-202002,Sarah Foster,Consumer,Wigan,England,United Kingdom,North,EU
MC-178452,Michael Chen,Consumer,Mainz,Rhineland-Palatinate,Germany,Central,EU
MC-181002,Mick Crebagga,Consumer,Elx,Valenciana,Spain,South,EU
IG-150852,Ivan Gibson,Consumer,Granollers,Catalonia,Spain,South,EU
AR-105702,Anemone Ratner,Consumer,Helsinki,Uusimaa,Finland,North,EU
SV-207852,Stewart Visinsky,Consumer,Swindon,England,United Kingdom,North,EU
LP-170802,Liz Pelletier,Consumer,Alicante,Valenciana,Spain,South,EU
TB-212502,Tim Brockman,Consumer,Ulm,Baden-Württemberg,Germany,Central,EU
DW-135402,Don Weiss,Consumer,Madrid,Madrid,Spain,South,EU
JF-154152,Jennifer Ferguson,Consumer,Bremen,Bremen,Germany,Central,EU
BD-116352,Brian Derr,Consumer,Pescara,Abruzzi,Italy,South,EU
MN-179352,Michael Nguyen,Consumer,Clacton-on-Sea,England,United Kingdom,North,EU
GZ-144702,Gary Zandusky,Consumer,Reggio nell'Emilia,Emilia-Romagna,Italy,South,EU
AC-106602,Anna Chung,Consumer,Marseille,Provence-Alpes-Côte d'Azur,France,Central,EU
LC-168702,Lena Cacioppo,Consumer,Vitry-sur-Seine,Ile-de-France,France,Central,EU
BW-112002,Ben Wallace,Consumer,Dieppe,Upper Normandy,France,Central,EU
TT-212202,Thomas Thornton,Consumer,Poissy,Ile-de-France,France,Central,EU
SM-200052,Sally Matthias,Consumer,Longjumeau,Ile-de-France,France,Central,EU
TB-210552,Ted Butterfield,Consumer,Montreuil,Ile-de-France,France,Central,EU
KB-163152,Karl Braun,Consumer,Colmar,Alsace,France,Central,EU
TS-210852,Thais Sissman,Consumer,Narbonne,Languedoc-Roussillon,France,Central,EU
AA-106452,Anna Andreadi,Consumer,Talence,Aquitaine,France,Central,EU
DK-128952,Dana Kaydos,Consumer,Vincennes,Ile-de-France,France,Central,EU
JL-158352,John Lee,Consumer,Marseille,Provence-Alpes-Côte d'Azur,France,Central,EU
MB-180852,Mick Brown,Consumer,Chaumont,Champagne-Ardenne,France,Central,EU
JG-151152,Jack Garza,Consumer,Pontivy,Brittany,France,Central,EU
RP-193902,Resi Pölking,Consumer,Caen,Lower Normandy,France,Central,EU
AG-106752,Anna Gayman,Consumer,Forbach,Lorraine,France,Central,EU
LM-170652,Liz MacKendrick,Consumer,Meudon,Ile-de-France,France,Central,EU
NP-187002,Nora Preis,Consumer,Marseille,Provence-Alpes-Côte d'Azur,France,Central,EU
SG-200802,Sandra Glassco,Consumer,Abbeville,Picardy,France,Central,EU
SM-209052,Susan MacKendrick,Consumer,Saint-Nazaire,Pays de la Loire,France,Central,EU
CM-121902,Charlotte Melton,Consumer,Mulhouse,Alsace,France,Central,EU
DD-135702,Dorothy Dickinson,Consumer,Strasbourg,Alsace,France,Central,EU
JS-160302,Joy Smith,Consumer,Argenteuil,Ile-de-France,France,Central,EU
LF-171852,Luke Foster,Consumer,La Roche-sur-Yon,Pays de la Loire,France,Central,EU
DC-132852,Debra Catini,Consumer,Cannes,Provence-Alpes-Côte d'Azur,France,Central,EU
SC-205752,Sonia Cooley,Consumer,Les Ulis,Ile-de-France,France,Central,EU
TH-211002,Thea Hendricks,Consumer,Clermont-Ferrand,Auvergne,France,Central,EU
JR-157002,Jocasta Rupert,Consumer,Levallois-Perret,Ile-de-France,France,Central,EU
DP-131652,David Philippe,Consumer,Pulheim,North Rhine-Westphalia,Germany,Central,EU
LW-172152,Luke Weiss,Consumer,Bolzano,Trentino-Alto Adige,Italy,South,EU
IL-151002,Ivan Liston,Consumer,Paris,Ile-de-France,France,Central,EU
HL-150402,Hunter Lopez,Consumer,Derby,England,United Kingdom,North,EU
DL-133152,Delfina Latchford,Consumer,Madrid,Madrid,Spain,South,EU
AA-103153,Alex Avila,Consumer,Mexico City,Distrito Federal,Mexico,North,LATAM
SW-202451,Scot Wooten,Consumer,Fatehpur,Rajasthan,India,Central Asia,APAC
JS-160301,Joy Smith,Consumer,Agra,Uttar Pradesh,India,Central Asia,APAC
JC-53401,Jasper Cacioppo,Consumer,Luanda,Luanda,Angola,Africa,Africa
SC-203051,Sean Christensen,Consumer,New Plymouth,Taranaki,New Zealand,Oceania,APAC
JS-160303,Joy Smith,Consumer,Santiago,Santiago,Chile,South,LATAM
JD-60151,Joy Daniels,Consumer,Wad Madani,Gezira,Sudan,Africa,Africa
BM-117853,Bryan Mills,Consumer,Milpa Alta,Distrito Federal,Mexico,North,LATAM
PF-191651,Philip Fox,Consumer,Nagpur,Maharashtra,India,Central Asia,APAC
EG-39002,Emily Grady,Consumer,Riyadh,Ar Riyad,Saudi Arabia,EMEA,EMEA
RF-198401,Roy Französisch,Consumer,Cuttack,Odisha,India,Central Asia,APAC
AP-9152,Arthur Prichep,Consumer,Chisinau,Chisinau,Moldova,EMEA,EMEA
CS-121303,Chad Sievert,Consumer,Rio Branco,Acre,Brazil,South,LATAM
AA-106451,Anna Andreadi,Consumer,Taiping,Perak,Malaysia,Southeast Asia,APAC
MT-178153,Meg Tillman,Consumer,Asunción,Asunción,Paraguay,South,LATAM
LL-168403,Lauren Leatherbury,Consumer,Santiago de Cuba,Santiago de Cuba,Cuba,Caribbean,LATAM
GM-144401,Gary McGarr,Consumer,Jinan,Shandong,China,North Asia,APAC
EM-40652,Erin Mull,Consumer,Surrey,British Columbia,Canada,Canada,Canada
GH-44251,Gary Hwang,Consumer,Rabat,Rabat-Salé-Zemmour-Zaer,Morocco,Africa,Africa
EH-39901,Erica Hackney,Consumer,Lusaka,Lusaka,Zambia,Africa,Africa
PR-88802,Patrick Ryan,Consumer,Markham,Ontario,Canada,Canada,Canada
CV-22951,Christina VanderZanden,Consumer,Cairo,Al Qahirah,Egypt,Africa,Africa
JH-58202,John Huston,Consumer,Ardabil,Ardabil,Iran,EMEA,EMEA
MV-181902,Mike Vittorini,Consumer,Barnsley,England,United Kingdom,North,EU
BD-115002,Bradley Drucker,Consumer,Oslo,Oslo,Norway,North,EU
JC-53852,Jenna Caffey,Consumer,Miass,Chelyabinsk,Russia,EMEA,EMEA
BD-117252,Bruce Degenhardt,Consumer,Vienna,Vienna,Austria,Central,EU
AB-100151,Aaron Bergman,Consumer,Hubli,Karnataka,India,Central Asia,APAC
CS-124603,Chuck Sachs,Consumer,Managua,Managua,Nicaragua,Central,LATAM
KM-167203,Kunst Miller,Consumer,Managua,Managua,Nicaragua,Central,LATAM
AR-5702,Anemone Ratner,Consumer,Al Hufuf,Ash Sharqiyah,Saudi Arabia,EMEA,EMEA
JM-161951,Justin MacKendrick,Consumer,Thiruvananthapuram,Kerala,India,Central Asia,APAC
MS-177102,Maurice Satty,Consumer,Birkenhead,England,United Kingdom,North,EU
VS-218202,Vivek Sundaresam,Consumer,Troisdorf,North Rhine-Westphalia,Germany,Central,EU
SP-209201,Susan Pistek,Consumer,Changchun,Jilin,China,North Asia,APAC
VM-218351,Vivian Mathis,Consumer,Hyderabad,Telangana,India,Central Asia,APAC
SG-204702,Sheri Gordon,Consumer,Le Chesnay,Ile-de-France,France,Central,EU
MM-172603,Magdelene Morse,Consumer,Santa Ana,Santa Ana,El Salvador,Central,LATAM
KM-166602,Khloe Miller,Consumer,Neu-Ulm,Bavaria,Germany,Central,EU
RA-192853,Ralph Arnett,Consumer,Quetzaltenango,Quezaltenango,Guatemala,Central,LATAM
JB-159253,Joni Blumstein,Consumer,Mexico City,Distrito Federal,Mexico,North,LATAM
CD-122803,Christina DeMoss,Consumer,São Paulo,São Paulo,Brazil,South,LATAM
FM-143802,Fred McMath,Consumer,Madrid,Madrid,Spain,South,EU
AS-100903,Adam Shillingsburg,Consumer,Obregón,Sonora,Mexico,North,LATAM
MC-172751,Marc Crier,Consumer,Fushun,Liaoning,China,North Asia,APAC
JE-157151,Joe Elijah,Consumer,Etawah,Uttar Pradesh,India,Central Asia,APAC
GH-144253,Gary Hwang,Consumer,Apodaca,Nuevo León,Mexico,North,LATAM
SP-209203,Susan Pistek,Consumer,São Benedito,Ceará,Brazil,South,LATAM
AR-105102,Andrew Roberts,Consumer,Bagneux,Ile-de-France,France,Central,EU
JF-153551,Jay Fein,Consumer,Lucknow,Uttar Pradesh,India,Central Asia,APAC
BP-12902,Beth Paige,Consumer,Sakaka,Al Jawf,Saudi Arabia,EMEA,EMEA
EB-39301,Eric Barreto,Consumer,Kinshasa,Kinshasa,Democratic Republic of the Congo,Africa,Africa
ND-83702,Natalie DeCherney,Consumer,Luts'k,Volyn,Ukraine,EMEA,EMEA
BT-16801,Brian Thompson,Consumer,Idfu,Aswan,Egypt,Africa,Africa
BS-17551,Bruce Stewart,Consumer,Khartoum,Khartoum,Sudan,Africa,Africa
PM-189402,Paul MacIntyre,Consumer,Boulogne-Billancourt,Ile-de-France,France,Central,EU
IM-150552,Ionia McGrath,Consumer,Hagen,North Rhine-Westphalia,Germany,Central,EU
AJ-109451,Ashley Jarboe,Consumer,Canberra,Australian Capital Territory,Australia,Oceania,APAC
RM-197502,Roland Murray,Consumer,Faenza,Emilia-Romagna,Italy,South,EU
AA-6451,Anna Andreadi,Consumer,Sale,Rabat-Salé-Zemmour-Zaer,Morocco,Africa,Africa
EJ-37202,Ed Jacobs,Consumer,Behbahan,Khuzestan,Iran,EMEA,EMEA
RB-194351,Richard Bierner,Consumer,Yichun,Jiangxi,China,North Asia,APAC
VD-116702,Valerie Dominguez,Consumer,Andijon,Andijan,Uzbekistan,EMEA,EMEA
CM-22352,Chris McAfee,Consumer,Baghdad,Baghdad,Iraq,EMEA,EMEA
RD-99001,Ruben Dartt,Consumer,Port Elizabeth,Eastern Cape,South Africa,Africa,Africa
CS-25052,Cindy Stewart,Consumer,Torbat-e Heydariyeh,Razavi Khorasan,Iran,EMEA,EMEA
AF-8701,Art Ferguson,Consumer,Moshi,Kilimanjaro,Tanzania,Africa,Africa
JM-55802,Jill Matthias,Consumer,Ardabil,Ardabil,Iran,EMEA,EMEA
KC-65401,Kelly Collister,Consumer,Nairobi,Nairobi,Kenya,Africa,Africa
JD-160602,Julia Dunbar,Consumer,Paris,Ile-de-France,France,Central,EU
TR-113251,Toby Ritter,Consumer,Dar es Salaam,Dar Es Salaam,Tanzania,Africa,Africa
ST-205301,Shui Tom,Consumer,New Delhi,Delhi,India,Central Asia,APAC
JS-58801,John Stevenson,Consumer,Alexandria,Al Iskandariyah,Egypt,Africa,Africa
NF-83851,Natalie Fritzler,Consumer,Kinshasa,Kinshasa,Democratic Republic of the Congo,Africa,Africa
IG-50852,Ivan Gibson,Consumer,Mosul,Ninawa,Iraq,EMEA,EMEA
JW-59551,Joni Wasserman,Consumer,Alexandria,Al Iskandariyah,Egypt,Africa,Africa
DO-34351,Denny Ordway,Consumer,Pretoria,Gauteng,South Africa,Africa,Africa
KT-64801,Kean Thornton,Consumer,Cairo,Al Qahirah,Egypt,Africa,Africa
BD-116353,Brian Derr,Consumer,Ixtapaluca,México,Mexico,North,LATAM
XP-218653,Xylona Preis,Consumer,Soledad Díez Gutiérrez,San Luis Potosí,Mexico,North,LATAM
CR-127301,Craig Reiter,Consumer,Jodhpur,Rajasthan,India,Central Asia,APAC
SJ-205001,Shirley Jackson,Consumer,Aurangabad,Maharashtra,India,Central Asia,APAC
BD-113202,Bill Donatelli,Consumer,Munich,Bavaria,Germany,Central,EU
CL-18901,Carl Ludwig,Consumer,Bloemfontein,Free State,South Africa,Africa,Africa
JF-151901,Jamie Frazer,Consumer,Raipur,Chhattisgarh,India,Central Asia,APAC
EN-137802,Edward Nazzal,Consumer,Antibes,Provence-Alpes-Côte d'Azur,France,Central,EU
NC-184152,Nathan Cano,Consumer,Witten,North Rhine-Westphalia,Germany,Central,EU
CK-25951,Clytie Kelty,Consumer,Lusaka,Lusaka,Zambia,Africa,Africa
BF-10803,Bart Folk,Consumer,Riyadh,Ar Riyad,Saudi Arabia,EMEA,EMEA
BT-16802,Brian Thompson,Consumer,Vienna,Vienna,Austria,EMEA,EMEA
JM-58653,John Murray,Consumer,L'viv,L'viv,Ukraine,EMEA,EMEA
BP-112901,Beth Paige,Consumer,Singapore,Singapore,Singapore,Southeast Asia,APAC
JL-58351,John Lee,Consumer,Oran,Oran,Algeria,Africa,Africa
TT-210701,Ted Trevino,Consumer,Whangarei,Northland,New Zealand,Oceania,APAC
GH-46652,Greg Hansen,Consumer,Dartmouth,Nova Scotia,Canada,Canada,Canada
TB-112803,Toby Braunhardt,Consumer,Kaluga,Kaluga,Russia,EMEA,EMEA
TB-112802,Toby Braunhardt,Consumer,Mississauga,Ontario,Canada,Canada,Canada
GZ-44702,Gary Zandusky,Consumer,Montréal,Quebec,Canada,Canada,Canada
EB-41702,Evan Bailliet,Consumer,Ploiesti,Prahova,Romania,EMEA,EMEA
QJ-92552,Quincy Jones,Corporate,Magnitogorsk,Chelyabinsk,Russia,EMEA,EMEA
CW-19052,Carl Weiss,Home Office,Beirut,Beirut,Lebanon,EMEA,EMEA
EM-141403,Eugene Moren,Home Office,Ibagué,Tolima,Colombia,South,LATAM
SW-102452,Scot Wooten,Consumer,Wadi as Sir,'Amman,Jordan,EMEA,EMEA
MT-180703,Michelle Tran,Home Office,Metepec,México,Mexico,North,LATAM
DL-133151,Delfina Latchford,Consumer,Seremban,Negeri Sembilan,Malaysia,Southeast Asia,APAC
CL-127001,Craig Leslie,Home Office,Toyohashi,Aichi,Japan,North Asia,APAC
AM-7053,Anne McFarland,Consumer,Mazyr,Homyel',Belarus,EMEA,EMEA
KA-65252,Kelly Andreada,Consumer,Dniprodzerzhyns'k,Dnipropetrovs'k,Ukraine,EMEA,EMEA
AY-5552,Andy Yotov,Corporate,Warsaw,Masovia,Poland,EMEA,EMEA
MP-174702,Mark Packer,Home Office,Leeds,England,United Kingdom,North,EU
AS-2402,Alan Shonely,Consumer,Zaporizhzhya,Zaporizhzhya,Ukraine,EMEA,EMEA
JF-52953,Jason Fortune-,Consumer,Bishkek,Bishkek,Kyrgyzstan,EMEA,EMEA
MG-76952,Maureen Gnade,Consumer,Vanadzor,Lori,Armenia,EMEA,EMEA
AH-106903,Anna Häberlin,Corporate,Reynosa,Tamaulipas,Mexico,North,LATAM
KF-162851,Karen Ferguson,Home Office,Xuzhou,Jiangsu,China,North Asia,APAC
RF-93453,Randy Ferguson,Corporate,Riyadh,Ar Riyad,Saudi Arabia,EMEA,EMEA
DV-34652,Dianna Vittorini,Consumer,Cherkasy,Cherkasy,Ukraine,EMEA,EMEA
JE-57452,Joel Eaton,Consumer,Jizzakh,Jizzakh,Uzbekistan,EMEA,EMEA
NF-85952,Nicole Fjeld,Home Office,Chisinau,Chisinau,Moldova,EMEA,EMEA
MP-79652,Michael Paige,Corporate,Riyadh,Ar Riyad,Saudi Arabia,EMEA,EMEA
KM-167201,Kunst Miller,Consumer,Wenling,Zhejiang,China,North Asia,APAC
GT-147551,Guy Thornton,Consumer,Brahmapur,Odisha,India,Central Asia,APAC
DK-132253,Dean Katz,Corporate,Tlalpan,Distrito Federal,Mexico,North,LATAM
DR-28802,Dan Reichenbach,Corporate,Mykolayiv,Mykolayiv,Ukraine,EMEA,EMEA
JO-155502,Jesus Ocampo,Home Office,Hove,England,United Kingdom,North,EU
JF-54902,Jeremy Farry,Consumer,Homyel',Homyel',Belarus,EMEA,EMEA
MP-81752,Mike Pelletier,Home Office,Al Mubarraz,Ash Sharqiyah,Saudi Arabia,EMEA,EMEA
SR-104252,Sharelle Roach,Home Office,London,Ontario,Canada,Canada,Canada
AG-105253,Andy Gerbode,Corporate,Maceió,Alagoas,Brazil,South,LATAM
ER-38551,Elpida Rittenbach,Corporate,Djibouti,Djibouti,Djibouti,Africa,Africa
Dp-32401,Dean percer,Home Office,Pretoria,Gauteng,South Africa,Africa,Africa
MH-72901,Marc Harrigan,Home Office,Accra,Greater Accra,Ghana,Africa,Africa
VM-116851,Valerie Mitchum,Home Office,Cairo,Al Qahirah,Egypt,Africa,Africa
RP-98551,Roy Phan,Corporate,Beni Mellal,Tadla-Azilal,Morocco,Africa,Africa
AR-4051,Allen Rosenblatt,Corporate,Dakar,Dakar,Senegal,Africa,Africa
NS-85051,Neola Schneider,Consumer,Pretoria,Gauteng,South Africa,Africa,Africa
DS-31801,David Smith,Corporate,Algiers,Alger,Algeria,Africa,Africa
HP-48151,Harold Pawlan,Home Office,Kinshasa,Kinshasa,Democratic Republic of the Congo,Africa,Africa
QJ-92551,Quincy Jones,Corporate,Thies Nones,Thies,Senegal,Africa,Africa
MS-73651,Maribeth Schnelling,Consumer,Randfontein,Gauteng,South Africa,Africa,Africa
AJ-7801,Anthony Jacobs,Corporate,Kinshasa,Kinshasa,Democratic Republic of the Congo,Africa,Africa
NK-84901,Neil Knudson,Home Office,Casablanca,Grand Casablanca,Morocco,Africa,Africa
NP-87001,Nora Preis,Consumer,Al Minya,Al Minya,Egypt,Africa,Africa
BW-12001,Ben Wallace,Consumer,Khartoum,Khartoum,Sudan,Africa,Africa
DM-30151,Darrin Martin,Consumer,Meknes,Meknès-Tafilalet,Morocco,Africa,Africa
LC-68701,Lena Cacioppo,Consumer,Windhoek,Khomas,Namibia,Africa,Africa
BP-10502,Barry Pond,Corporate,Gliwice,Silesia,Poland,EMEA,EMEA
JM-155351,Jessica Myrick,Consumer,Saga,Saga,Japan,North Asia,APAC
TN-210402,Tanja Norvell,Home Office,Bergamo,Lombardy,Italy,South,EU
JH-158203,John Huston,Consumer,Guadalajara,Jalisco,Mexico,North,LATAM
AG-103301,Alex Grayson,Consumer,Weifang,Shandong,China,North Asia,APAC
SW-202453,Scot Wooten,Consumer,Mexico City,Distrito Federal,Mexico,North,LATAM
BV-112452,Benjamin Venier,Corporate,Sunderland,England,United Kingdom,North,EU
MT-80702,Michelle Tran,Home Office,Sliven,Sliven,Bulgaria,EMEA,EMEA
JR-162103,Justin Ritter,Corporate,Guayaquil,Guayas,Ecuador,South,LATAM
AS-2253,Alan Schoenberger,Corporate,Saveh,Markazi,Iran,EMEA,EMEA
FM-43802,Fred McMath,Consumer,Ruda Slaska,Silesia,Poland,EMEA,EMEA
RW-95401,Rick Wilson,Corporate,Tamale,Northern,Ghana,Africa,Africa
VG-217903,Vivek Gonzalez,Consumer,Juárez,Chihuahua,Mexico,North,LATAM
DW-34802,Dianna Wilson,Home Office,Toronto,Ontario,Canada,Canada,Canada
GT-47102,Greg Tran,Consumer,Miass,Chelyabinsk,Russia,EMEA,EMEA
JK-160902,Juliana Krohn,Consumer,Rome,Lazio,Italy,South,EU
SC-108451,Sung Chung,Consumer,Nouakchott,Nouakchott,Mauritania,Africa,Africa
EH-137651,Edward Hooks,Corporate,Yibin,Sichuan,China,North Asia,APAC
RF-93451,Randy Ferguson,Corporate,Lusaka,Lusaka,Zambia,Africa,Africa
EM-142001,Evan Minnotte,Home Office,Chittagong,Chittagong,Bangladesh,Central Asia,APAC
AC-106153,Ann Chong,Corporate,Garza García,Nuevo León,Mexico,North,LATAM
FM-42151,Filia McAdams,Corporate,Casablanca,Grand Casablanca,Morocco,Africa,Africa
CM-18152,Candace McMahon,Corporate,Kryvyy Rih,Dnipropetrovs'k,Ukraine,EMEA,EMEA
GW-146052,Giulietta Weimer,Consumer,Madrid,Madrid,Spain,South,EU
GM-144552,Gary Mitchum,Home Office,Redditch,England,United Kingdom,North,EU
JM-161953,Justin MacKendrick,Consumer,Uruguaiana,Rio Grande do Sul,Brazil,South,LATAM
LC-171403,Logan Currie,Consumer,Santiago,Santiago,Chile,South,LATAM
YS-218801,Yana Sorensen,Corporate,Hyderabad,Telangana,India,Central Asia,APAC
EB-139751,Erica Bern,Corporate,Tauranga,Bay of Plenty,New Zealand,Oceania,APAC
NS-185052,Neola Schneider,Consumer,La Spezia,Liguria,Italy,South,EU
SV-203651,Seth Vernon,Consumer,Anjo,Aichi,Japan,North Asia,APAC
RB-93302,Randy Bradley,Consumer,Amman,'Amman,Jordan,EMEA,EMEA
SC-200502,Sample Company A,Home Office,Sunderland,England,United Kingdom,North,EU
GB-45302,George Bell,Corporate,Brampton,Ontario,Canada,Canada,Canada
JB-159251,Joni Blumstein,Consumer,Delhi,Delhi,India,Central Asia,APAC
JC-57752,John Castell,Consumer,Nizhyn,Chernihiv,Ukraine,EMEA,EMEA
SN-107101,Steve Nguyen,Home Office,Port Elizabeth,Eastern Cape,South Africa,Africa,Africa
EA-140351,Erin Ashbrook,Corporate,Tangshan,Hebei,China,North Asia,APAC
RP-192703,Rachel Payne,Corporate,Ibiúna,São Paulo,Brazil,South,LATAM
RE-194501,Richard Eichhorn,Consumer,Delhi,Delhi,India,Central Asia,APAC
JD-61502,Justin Deggeller,Corporate,Riyadh,Ar Riyad,Saudi Arabia,EMEA,EMEA
EH-140051,Erica Hernandez,Home Office,Kuala Lumpur,Kuala Lumpur,Malaysia,Southeast Asia,APAC
JO-151451,Jack O'Briant,Corporate,Coimbatore,Tamil Nadu,India,Central Asia,APAC
BD-116053,Brian Dahlen,Consumer,Jacareí,São Paulo,Brazil,South,LATAM
BK-112603,Berenike Kampe,Consumer,Holguín,Holguín,Cuba,Caribbean,LATAM
KN-67052,Kristina Nunn,Home Office,Hamadan,Hamadan,Iran,EMEA,EMEA
SM-200051,Sally Matthias,Consumer,Rohtak,Haryana,India,Central Asia,APAC
HR-147701,Hallie Redmond,Home Office,Shanghai,Shanghai,China,North Asia,APAC
SC-205753,Sonia Cooley,Consumer,San Luis Potosí,San Luis Potosí,Mexico,North,LATAM
EM-138103,Eleni McCrary,Corporate,Presidente Prudente,São Paulo,Brazil,South,LATAM
KN-63901,Katherine Nockton,Corporate,Pretoria,Gauteng,South Africa,Africa,Africa
ZD-219251,Zuschuss Donatelli,Consumer,Dhaka,Dhaka,Bangladesh,Central Asia,APAC
RC-199603,Ryan Crowe,Consumer,Sorocaba,São Paulo,Brazil,South,LATAM
BH-117102,Brosina Hoffman,Consumer,Bristol,England,United Kingdom,North,EU
NP-183251,Naresj Patel,Consumer,Surat,Gujarat,India,Central Asia,APAC
BM-111403,Becky Martin,Consumer,Itajaí,Santa Catarina,Brazil,South,LATAM
CS-121753,Charles Sheldon,Corporate,San Fernando,San Fernando,Trinidad and Tobago,Caribbean,LATAM
KB-163151,Karl Braun,Consumer,Harbin,Heilongjiang,China,North Asia,APAC
RH-195551,Ritsa Hightower,Consumer,Akola,Maharashtra,India,Central Asia,APAC
MK-79051,Michael Kennedy,Corporate,Dar es Salaam,Dar Es Salaam,Tanzania,Africa,Africa
JF-55651,Jill Fjeld,Consumer,Kinshasa,Kinshasa,Democratic Republic of the Congo,Africa,Africa
AG-107651,Anthony Garverick,Home Office,Xinzhou,Hubei,China,North Asia,APAC
LC-171401,Logan Currie,Consumer,Handa,Aichi,Japan,North Asia,APAC
Dp-132401,Dean percer,Home Office,Beijing,Beijing,China,North Asia,APAC
PJ-190153,Pauline Johnson,Consumer,Morelia,Michoacán,Mexico,North,LATAM
AB-101651,Alan Barnes,Consumer,Chennai,Tamil Nadu,India,Central Asia,APAC
BW-12002,Ben Wallace,Consumer,Poznan,Greater Poland,Poland,EMEA,EMEA
EB-141702,Evan Bailliet,Consumer,Milan,Lombardy,Italy,South,EU
KM-162253,Kalyca Meade,Corporate,Tlalpan,Distrito Federal,Mexico,North,LATAM
SC-202302,Scot Coram,Corporate,Genoa,Liguria,Italy,South,EU
AW-109302,Arthur Wiediger,Home Office,Monza,Lombardy,Italy,South,EU
MP-181753,Mike Pelletier,Home Office,Medellín,Antioquia,Colombia,South,LATAM
EC-140502,Erin Creighton,Consumer,Poole,England,United Kingdom,North,EU
EH-141853,Evan Henry,Consumer,Bayamo,Granma,Cuba,Caribbean,LATAM
FG-142603,Frank Gastineau,Home Office,Cienfuegos,Cienfuegos,Cuba,Caribbean,LATAM
BN-114702,Brad Norvell,Corporate,Blackpool,England,United Kingdom,North,EU
CS-124903,Cindy Schnelling,Corporate,Guadalajara,Jalisco,Mexico,North,LATAM
TC-214753,Tony Chapman,Home Office,Bridgetown,Saint Michael,Barbados,Caribbean,LATAM
TW-210251,Tamara Willingham,Home Office,Dalian,Liaoning,China,North Asia,APAC
BM-117852,Bryan Mills,Consumer,Gosport,England,United Kingdom,North,EU
BT-113052,Beth Thompson,Home Office,Augsburg,Bavaria,Germany,Central,EU
EM-141402,Eugene Moren,Home Office,Bottrop,North Rhine-Westphalia,Germany,Central,EU
VG-218052,Vivek Grady,Corporate,Wetter (Ruhr),North Rhine-Westphalia,Germany,Central,EU
MW-182202,Mitch Webber,Consumer,Gelsenkirchen,North Rhine-Westphalia,Germany,Central,EU
HL-150403,Hunter Lopez,Consumer,Managua,Managua,Nicaragua,Central,LATAM
NF-183853,Natalie Fritzler,Consumer,Petapa,Guatemala,Guatemala,Central,LATAM
LR-170353,Lisa Ryan,Corporate,Ilopango,San Salvador,El Salvador,Central,LATAM
LD-170053,Lisa DeCherney,Consumer,Delgado,San Salvador,El Salvador,Central,LATAM
SR-207403,Steven Roelle,Home Office,San Martín,Cuscatlán,El Salvador,Central,LATAM
PB-188053,Patrick Bzostek,Home Office,Ilopango,San Salvador,El Salvador,Central,LATAM
GW-146053,Giulietta Weimer,Consumer,Sonsonate,Sonsonate,El Salvador,Central,LATAM
KD-162703,Karen Daniels,Consumer,Quetzaltenango,Quezaltenango,Guatemala,Central,LATAM
TS-214303,Tom Stivers,Corporate,Villa Nueva,Guatemala,Guatemala,Central,LATAM
RW-195403,Rick Wilson,Corporate,Soyapango,San Salvador,El Salvador,Central,LATAM
CS-122503,Chris Selesnick,Corporate,Chinandega,Chinandega,Nicaragua,Central,LATAM
WB-218503,William Brown,Consumer,Apopa,San Salvador,El Salvador,Central,LATAM
CB-124153,Christy Brittain,Consumer,León,León,Nicaragua,Central,LATAM
CM-118303,Cari MacIntyre,Corporate,Managua,Managua,Nicaragua,Central,LATAM
NK-184903,Neil Knudson,Home Office,Ilopango,San Salvador,El Salvador,Central,LATAM
CS-123553,Christine Sundaresam,Consumer,Villa Nueva,Guatemala,Guatemala,Central,LATAM
SH-203953,Shahid Hopkins,Consumer,Antiguo Cuscatlán,La Libertad,El Salvador,Central,LATAM
AR-105402,Andy Reiter,Consumer,Vernon,Upper Normandy,France,Central,EU
AB-102552,Alejandro Ballentine,Home Office,Lisieux,Lower Normandy,France,Central,EU
LD-170052,Lisa DeCherney,Consumer,Lomme,Nord-Pas-de-Calais,France,Central,EU
CA-127752,Cynthia Arntzen,Consumer,Chaumont,Champagne-Ardenne,France,Central,EU
GM-144402,Gary McGarr,Consumer,La Celle-Saint-Cloud,Ile-de-France,France,Central,EU
JP-154602,Jennifer Patt,Corporate,Courbevoie,Ile-de-France,France,Central,EU
AC-106152,Ann Chong,Corporate,Paris,Ile-de-France,France,Central,EU
DS-131802,David Smith,Corporate,Saint-Nazaire,Pays de la Loire,France,Central,EU
SR-204252,Sharelle Roach,Home Office,Vienna,Vienna,Austria,Central,EU
BT-114852,Brad Thomas,Home Office,Grenoble,Rhône-Alpes,France,Central,EU
LB-167953,Laurel Beltran,Home Office,Holguín,Holguín,Cuba,Caribbean,LATAM
RH-195102,Rick Huthwaite,Home Office,Wallasey,England,United Kingdom,North,EU
KN-67051,Kristina Nunn,Home Office,Kolwezi,Katanga,Democratic Republic of the Congo,Africa,Africa
SN-105603,Skye Norling,Home Office,Kharkiv,Kharkiv,Ukraine,EMEA,EMEA
KN-167053,Kristina Nunn,Home Office,Chihuahua,Chihuahua,Mexico,North,LATAM
CH-120701,Cathy Hwang,Home Office,Phnom Penh,Phnom Penh,Cambodia,Southeast Asia,APAC
RB-197951,Ross Baird,Home Office,Shenzhen,Guangdong,China,North Asia,APAC
AP-107203,Anne Pryor,Home Office,Brasília,Federal District,Brazil,South,LATAM
CD-27901,Cynthia Delaney,Home Office,Nairobi,Nairobi,Kenya,Africa,Africa
EM-41402,Eugene Moren,Home Office,Masjed Soleyman,Khuzestan,Iran,EMEA,EMEA
EH-41251,Eugene Hildebrand,Home Office,Mogadishu,Banaadir,Somalia,Africa,Africa
ME-73201,Maria Etezadi,Home Office,Casablanca,Grand Casablanca,Morocco,Africa,Africa
JB-60451,Julia Barnett,Home Office,Cairo,Al Qahirah,Egypt,Africa,Africa
CK-23251,Christine Kargatis,Home Office,Abu Kabir,Ash Sharqiyah,Egypt,Africa,Africa
TA-113851,Tom Ashbrook,Home Office,Lusaka,Lusaka,Zambia,Africa,Africa
RB-197952,Ross Baird,Home Office,Vienna,Vienna,Austria,Central,EU
AD-101802,Alan Dominguez,Home Office,Plymouth,England,United Kingdom,North,EU
CA-20552,Cathy Armstrong,Home Office,Mosul,Ninawa,Iraq,EMEA,EMEA
KF-162853,Karen Ferguson,Home Office,Santiago,Santiago,Chile,South,LATAM
VF-217151,Vicky Freymann,Home Office,Yokkaichi,Oita,Japan,North Asia,APAC
AW-9301,Arthur Wiediger,Home Office,Alexandria,Al Iskandariyah,Egypt,Africa,Africa
AB-100601,Adam Bellavance,Home Office,Datong,Shanxi,China,North Asia,APAC
DS-130302,Darrin Sayre,Home Office,Duisburg,North Rhine-Westphalia,Germany,Central,EU
PO-191953,Phillina Ober,Home Office,Villahermosa,Tabasco,Mexico,North,LATAM
KB-64051,Katrina Bavinger,Home Office,Ashdod,Southern,Israel,EMEA,EMEA
LS-169751,Lindsay Shagiari,Home Office,Ujjain,Madhya Pradesh,India,Central Asia,APAC
CK-23252,Christine Kargatis,Home Office,Basra,Al Basrah,Iraq,EMEA,EMEA
CL-27001,Craig Leslie,Home Office,Abidjan,Lagunes,Cote d'Ivoire,Africa,Africa
SC-100501,Sample Company A,Home Office,Misratah,Misratah,Libya,Africa,Africa
RS-98702,Roy Skaria,Home Office,Sarajevo,Federation of Bosnia and Herzegovina,Bosnia and Herzegovina,EMEA,EMEA
AG-107652,Anthony Garverick,Home Office,Angers,Pays de la Loire,France,Central,EU
NP-86852,Nora Pelletier,Home Office,Chernihiv,Chernihiv,Ukraine,EMEA,EMEA
SS-205153,Shirley Schmidt,Home Office,San Lorenzo,Central,Paraguay,South,LATAM
JJ-57602,Joel Jenkins,Home Office,Tabuk,Tabuk,Saudi Arabia,EMEA,EMEA
ED-38853,Emily Ducich,Home Office,Liberec,Liberec,Czech Republic,EMEA,EMEA
PV-89852,Paul Van Hugh,Home Office,Makhachkala,Dagestan,Russia,EMEA,EMEA
CD-27902,Cynthia Delaney,Home Office,Homyel',Homyel',Belarus,EMEA,EMEA
CR-125803,Clay Rozendal,Home Office,Mexico City,Distrito Federal,Mexico,North,LATAM
SU-106652,Stephanie Ulpright,Home Office,Irkutsk,Irkutsk,Russia,EMEA,EMEA
PL-189253,Paul Lucas,Home Office,León,León,Nicaragua,Central,LATAM
DA-134501,Dianna Arnett,Home Office,Changsha,Hunan,China,North Asia,APAC
AG-7652,Anthony Garverick,Home Office,Vienna,Vienna,Austria,EMEA,EMEA
RM-96752,Robert Marley,Home Office,Montréal,Quebec,Canada,Canada,Canada
DP-33902,Dennis Pardue,Home Office,Toronto,Ontario,Canada,Canada,Canada
MR-75452,Mathew Reese,Home Office,Warsaw,Masovia,Poland,EMEA,EMEA
CR-128201,Cyra Reiten,Home Office,Patna,Bihar,India,Central Asia,APAC
VP-217303,Victor Preis,Home Office,Tepic,Nayarit,Mexico,North,LATAM
PA-190601,Pete Armstrong,Home Office,Wagga Wagga,New South Wales,Australia,Oceania,APAC
DB-32702,Deborah Brumfield,Home Office,Bishkek,Bishkek,Kyrgyzstan,EMEA,EMEA
DR-129403,Daniel Raglin,Home Office,Sonsonate,Sonsonate,El Salvador,Central,LATAM
FM-42902,Frank Merwin,Home Office,Radom,Masovia,Poland,EMEA,EMEA
TT-114602,Tonja Turnell,Home Office,Iasi,Iasi,Romania,EMEA,EMEA
RM-96751,Robert Marley,Home Office,Kankan,Kankan,Guinea,Africa,Africa
RM-196753,Robert Marley,Home Office,Arapongas,Parana,Brazil,South,LATAM
AH-1201,Adrian Hane,Home Office,Niamey,Niamey,Niger,Africa,Africa
RB-197051,Roger Barcio,Home Office,Zhuhai,Guangdong,China,North Asia,APAC
AS-106302,Ann Steele,Home Office,Stavanger,Rogaland,Norway,North,EU
QJ-192553,Quincy Jones,Corporate,Monclova,Coahuila,Mexico,North,LATAM
MH-174401,Mark Haberlin,Corporate,Nagpur,Maharashtra,India,Central Asia,APAC
RS-197651,Roland Schwarz,Corporate,Singapore,Singapore,Singapore,Southeast Asia,APAC
CC-126101,Corey Catlett,Corporate,Nantong,Jiangsu,China,North Asia,APAC
MC-76351,Matthew Clasen,Corporate,Cairo,Al Qahirah,Egypt,Africa,Africa
JO-151453,Jack O'Briant,Corporate,Campo Grande,Mato Grosso do Sul,Brazil,South,LATAM
KH-166901,Kristen Hastings,Corporate,Wuchang,Heilongjiang,China,North Asia,APAC
SC-202303,Scot Coram,Corporate,Las Tunas,Las Tunas,Cuba,Caribbean,LATAM
KC-62551,Karen Carlisle,Corporate,Kinshasa,Kinshasa,Democratic Republic of the Congo,Africa,Africa
TC-211451,Theresa Coyne,Corporate,Xianning,Hubei,China,North Asia,APAC
AY-105553,Andy Yotov,Corporate,Azcapotzalco,Distrito Federal,Mexico,North,LATAM
HK-148901,Heather Kirkland,Corporate,Tauranga,Bay of Plenty,New Zealand,Oceania,APAC
SC-206952,Steve Chapman,Corporate,Catania,Sicily,Italy,South,EU
DM-135252,Don Miller,Corporate,Saint-Herblain,Pays de la Loire,France,Central,EU
LC-169303,Linda Cazamias,Corporate,Osasco,São Paulo,Brazil,South,LATAM
BS-13651,Bill Shonely,Corporate,Accra,Greater Accra,Ghana,Africa,Africa
KH-66302,Ken Heidel,Corporate,Jerusalem,Jerusalem,Israel,EMEA,EMEA
SP-106502,Stephanie Phelps,Corporate,Shiraz,Fars,Iran,EMEA,EMEA
DR-128802,Dan Reichenbach,Corporate,Pantin,Ile-de-France,France,Central,EU
VP-117602,Victoria Pisteka,Corporate,Kaluga,Kaluga,Russia,EMEA,EMEA
MH-77852,Maya Herman,Corporate,Bene Beraq,Tel Aviv,Israel,EMEA,EMEA
BW-111102,Bart Watters,Corporate,Oviedo,Asturias,Spain,South,EU
BT-113951,Bill Tyler,Corporate,Laiyang,Shandong,China,North Asia,APAC
AH-100753,Adam Hart,Corporate,Azcapotzalco,Distrito Federal,Mexico,North,LATAM
MF-182501,Monica Federle,Corporate,Fushun,Liaoning,China,North Asia,APAC
GP-47402,Guy Phonely,Corporate,Riyadh,Ar Riyad,Saudi Arabia,EMEA,EMEA
AO-108103,Anthony O'Donnell,Corporate,Victoria,Tamaulipas,Mexico,North,LATAM
MD-178603,Michael Dominguez,Corporate,Chaguanas,Chaguanas,Trinidad and Tobago,Caribbean,LATAM
SS-101401,Saphhira Shifley,Corporate,Dar es Salaam,Dar Es Salaam,Tanzania,Africa,Africa
DR-128803,Dan Reichenbach,Corporate,Managua,Managua,Nicaragua,Central,LATAM
MC-75902,Matt Collister,Corporate,Makhachkala,Dagestan,Russia,EMEA,EMEA
ES-140802,Erin Smith,Corporate,Erftstadt,North Rhine-Westphalia,Germany,Central,EU
LA-167802,Laura Armstrong,Corporate,Oldenburg,Lower Saxony,Germany,Central,EU
SC-102602,Scott Cohen,Corporate,Jeddah,Makkah,Saudi Arabia,EMEA,EMEA
TZ-114452,Tom Zandusky,Corporate,Hamilton,Ontario,Canada,Canada,Canada
CP-20853,Cathy Prescott,Corporate,Rasht,Gilan,Iran,EMEA,EMEA
FH-42752,Frank Hawley,Corporate,Arbil,Arbil,Iraq,EMEA,EMEA
AS-2851,Alejandro Savely,Corporate,Luanda,Luanda,Angola,Africa,Africa
BM-15751,Brendan Murry,Corporate,Maputo,Cidade De Maputo,Mozambique,Africa,Africa
MC-74251,Mark Cousins,Corporate,Alexandria,Al Iskandariyah,Egypt,Africa,Africa
TB-113551,Todd Boyes,Corporate,Luanda,Luanda,Angola,Africa,Africa
JE-56101,Jim Epp,Corporate,Mwanza,Mwanza,Tanzania,Africa,Africa
GB-145302,George Bell,Corporate,La Crau,Provence-Alpes-Côte d'Azur,France,Central,EU
SP-208601,Sung Pak,Corporate,Bangalore,Karnataka,India,Central Asia,APAC
AC-104202,Alyssa Crouse,Corporate,Munich,Bavaria,Germany,Central,EU
EB-138403,Ellis Ballard,Corporate,Santa Clara,Villa Clara,Cuba,Caribbean,LATAM
RA-198853,Ruben Ausman,Corporate,Contramaestre,Santiago de Cuba,Cuba,Caribbean,LATAM
MH-174402,Mark Haberlin,Corporate,Rhondda,Wales,United Kingdom,North,EU
BT-113953,Bill Tyler,Corporate,Irapuato,Guanajuato,Mexico,North,LATAM
KB-165852,Ken Black,Corporate,Bayonne,Aquitaine,France,Central,EU
NG-183552,Nat Gilpin,Corporate,Madrid,Madrid,Spain,South,EU
RB-196453,Robert Barroso,Corporate,Santiago de Cuba,Santiago de Cuba,Cuba,Caribbean,LATAM
AJ-107951,Anthony Johnson,Corporate,Amritsar,Punjab,India,Central Asia,APAC
BS-15901,Brendan Sweed,Corporate,Kandi,Alibori,Benin,Africa,Africa
RB-96452,Robert Barroso,Corporate,Rasht,Gilan,Iran,EMEA,EMEA
MW-82351,Mitch Willingham,Corporate,Abidjan,Lagunes,Cote d'Ivoire,Africa,Africa
KC-66751,Kimberly Carter,Corporate,Johannesburg,Gauteng,South Africa,Africa,Africa
TB-113552,Todd Boyes,Corporate,Nysa,Opole,Poland,EMEA,EMEA
DB-29702,Darren Budd,Corporate,Tbilisi,Tbilisi,Georgia,EMEA,EMEA
VG-118052,Vivek Grady,Corporate,Jeddah,Makkah,Saudi Arabia,EMEA,EMEA
SM-109502,Suzanne McNair,Corporate,Amol,Mazandaran,Iran,EMEA,EMEA
JO-51452,Jack O'Briant,Corporate,Borazjan,Bushehr,Iran,EMEA,EMEA
TZ-114453,Tom Zandusky,Corporate,Galati,Galati,Romania,EMEA,EMEA
AS-2252,Alan Schoenberger,Corporate,Regina,Saskatchewan,Canada,Canada,Canada
AH-752,Adam Hart,Corporate,Oakville,Ontario,Canada,Canada,Canada
MH-76201,Matt Hagelstein,Corporate,Garoua,Nord,Cameroon,Africa,Africa
NC-85352,Nick Crebassa,Corporate,Makhachkala,Dagestan,Russia,EMEA,EMEA
BS-13801,Bill Stewart,Corporate,Fes,Fès-Boulemane,Morocco,Africa,Africa
NB-86552,Nona Balk,Corporate,Ilam,Ilam,Iran,EMEA,EMEA
HW-149351,Helen Wasserman,Corporate,Puducherry,Puducherry,India,Central Asia,APAC
VB-217451,Victoria Brennan,Corporate,Kabul,Kabul,Afghanistan,Central Asia,APAC
AS-2251,Alan Schoenberger,Corporate,Garoua,Nord,Cameroon,Africa,Africa
SS-201402,Saphhira Shifley,Corporate,Cesena,Emilia-Romagna,Italy,South,EU
PB-192103,Phillip Breyer,Corporate,Guantánamo,Guantánamo,Cuba,Caribbean,LATAM
TS-113702,Todd Sumrall,Corporate,Riyadh,Ar Riyad,Saudi Arabia,EMEA,EMEA
NC-86252,Noah Childs,Corporate,St. John's,Newfoundland,Canada,Canada,Canada
Dl-36001,Dorris liebe,Corporate,Newcastle,Kwazulu-natal,South Africa,Africa,Africa
JB-154001,Jennifer Braxton,Corporate,Sanming,Fujian,China,North Asia,APAC
BF-109753,Barbara Fisher,Corporate,Tuxtla Gutiérrez,Chiapas,Mexico,North,LATAM
KD-66151,Ken Dana,Corporate,Khemisset,Rabat-Salé-Zemmour-Zaer,Morocco,Africa,Africa
BP-111851,Ben Peterman,Corporate,Jining,Shandong,China,North Asia,APAC
VB-217453,Victoria Brennan,Corporate,Cuiabá,Mato Grosso,Brazil,South,LATAM
CS-124901,Cindy Schnelling,Corporate,Huangshan,Anhui,China,North Asia,APAC
AH-302,Aaron Hawkins,Corporate,Gdansk,Pomerania,Poland,EMEA,EMEA
KL-165553,Kelly Lampkin,Corporate,Córdoba,Veracruz,Mexico,North,LATAM
JM-156551,Jim Mitchum,Corporate,Christchurch,Canterbury,New Zealand,Oceania,APAC
PJ-88351,Patrick Jones,Corporate,Tunis,Tunis,Tunisia,Africa,Africa
GZ-45452,George Zrebassa,Corporate,Edmonton,Alberta,Canada,Canada,Canada
JP-54602,Jennifer Patt,Corporate,Richmond,British Columbia,Canada,Canada,Canada
EB-137051,Ed Braxton,Corporate,Suizhou,Hubei,China,North Asia,APAC
HM-148603,Harry Marie,Corporate,Guadalajara,Jalisco,Mexico,North,LATAM
JM-52652,Janet Molinari,Corporate,Vancouver,British Columbia,Canada,Canada,Canada
HG-50251,Hunter Glantz,Consumer,Alexandria,Al Iskandariyah,Egypt,Africa,Africa
CJ-120103,Caroline Jumper,Consumer,Hermosillo,Sonora,Mexico,North,LATAM
CC-122203,Chris Cortes,Consumer,Monterrey,Nuevo León,Mexico,North,LATAM
AT-107351,Annie Thurman,Consumer,Singapore,Singapore,Singapore,Southeast Asia,APAC
SC-100202,Sam Craven,Consumer,Timisoara,Timis,Romania,EMEA,EMEA
CM-23852,Christopher Martinez,Consumer,Riyadh,Ar Riyad,Saudi Arabia,EMEA,EMEA
MS-175301,MaryBeth Skach,Consumer,Nagasaki,Nagasaki,Japan,North Asia,APAC
KH-65102,Keith Herrera,Consumer,Bene Beraq,Tel Aviv,Israel,EMEA,EMEA
BG-110352,Barry Gonzalez,Consumer,Ghent,East Flanders,Belgium,Central,EU
JL-51302,Jack Lebron,Consumer,Oshawa,Ontario,Canada,Canada,Canada
JH-159103,Jonathan Howell,Consumer,Puebla,Puebla,Mexico,North,LATAM
JA-59701,Joseph Airdo,Consumer,Libreville,Estuaire,Gabon,Africa,Africa
AJ-9601,Astrea Jones,Consumer,Casablanca,Grand Casablanca,Morocco,Africa,Africa
TS-215051,Tony Sayre,Consumer,Anshan,Liaoning,China,North Asia,APAC
SM-209051,Susan MacKendrick,Consumer,Guangzhou,Guangdong,China,North Asia,APAC
CT-119953,Carol Triggs,Consumer,Morón,Ciego de Ávila,Cuba,Caribbean,LATAM
BN-115151,Bradley Nguyen,Consumer,Yantai,Shandong,China,North Asia,APAC
CM-21902,Charlotte Melton,Consumer,Gyor,Gyor,Hungary,EMEA,EMEA
JB-59251,Joni Blumstein,Consumer,Cairo,Al Qahirah,Egypt,Africa,Africa
TP-211302,Theone Pippenger,Consumer,Gien,Centre,France,Central,EU
RD-95851,Rob Dowd,Consumer,Annaba,Annaba,Algeria,Africa,Africa
ME-77251,Max Engle,Consumer,Mogadishu,Banaadir,Somalia,Africa,Africa
HA-149053,Helen Abelman,Consumer,Monterrey,Nuevo León,Mexico,North,LATAM
JK-160903,Juliana Krohn,Consumer,Managua,Managua,Nicaragua,Central,LATAM
TT-210703,Ted Trevino,Consumer,Caçador,Santa Catarina,Brazil,South,LATAM
SC-208452,Sung Chung,Consumer,Florence,Tuscany,Italy,South,EU
RA-192851,Ralph Arnett,Consumer,Mangalore,Karnataka,India,Central Asia,APAC
DP-31651,David Philippe,Consumer,Accra,Greater Accra,Ghana,Africa,Africa
AH-105851,Angele Hood,Consumer,Wollongong,New South Wales,Australia,Oceania,APAC
EM-40651,Erin Mull,Consumer,Cairo,Al Qahirah,Egypt,Africa,Africa
SM-100052,Sally Matthias,Consumer,Kaspiysk,Dagestan,Russia,EMEA,EMEA
JJ-54452,Jennifer Jackson,Consumer,Hamadan,Hamadan,Iran,EMEA,EMEA
DO-36453,Doug O'Connell,Consumer,Gdynia,Pomerania,Poland,EMEA,EMEA
AG-9001,Arthur Gainer,Consumer,Sale,Rabat-Salé-Zemmour-Zaer,Morocco,Africa,Africa
GZ-144701,Gary Zandusky,Consumer,Wellington,Wellington,New Zealand,Oceania,APAC
CL-25651,Clay Ludtke,Consumer,Saida,Saida,Algeria,Africa,Africa
EB-41101,Eugene Barchas,Consumer,Alexandria,Al Iskandariyah,Egypt,Africa,Africa
CC-126701,Craig Carreira,Consumer,Shashi,Hubei,China,North Asia,APAC
DW-135401,Don Weiss,Consumer,Phnom Penh,Phnom Penh,Cambodia,Southeast Asia,APAC
LS-172301,Lycoris Saunders,Consumer,Seremban,Negeri Sembilan,Malaysia,Southeast Asia,APAC
TG-216401,Trudy Glocke,Consumer,Bhiwandi,Maharashtra,India,Central Asia,APAC
LT-71101,Liz Thompson,Consumer,Pretoria,Gauteng,South Africa,Africa,Africa
MH-80252,Michelle Huthwaite,Consumer,Mississauga,Ontario,Canada,Canada,Canada
ZC-219103,Zuschuss Carroll,Consumer,Cuernavaca,Morelos,Mexico,North,LATAM
DF-131352,David Flashing,Consumer,Valencia,Valenciana,Spain,South,EU
WB-218501,William Brown,Consumer,Shenyang,Liaoning,China,North Asia,APAC
JF-154901,Jeremy Farry,Consumer,Napier,Hawke's Bay,New Zealand,Oceania,APAC
BW-110653,Barry Weirich,Consumer,Limeira,São Paulo,Brazil,South,LATAM
JL-58502,John Lucas,Consumer,Nitra,Nitra,Slovakia,EMEA,EMEA
RD-94803,Rick Duston,Consumer,Gubkin,Belgorod,Russia,EMEA,EMEA
JK-53701,Jay Kimmel,Consumer,Luanda,Luanda,Angola,Africa,Africa
TB-110552,Ted Butterfield,Consumer,Basra,Al Basrah,Iraq,EMEA,EMEA
BD-116052,Brian Dahlen,Consumer,Granada,Andalusía,Spain,South,EU
DL-128653,Dan Lawera,Consumer,Miguel Hidalgo,Distrito Federal,Mexico,North,LATAM
GT-147102,Greg Tran,Consumer,Huddersfield,England,United Kingdom,North,EU
RP-93902,Resi Pölking,Consumer,Riyadh,Ar Riyad,Saudi Arabia,EMEA,EMEA
CK-25952,Clytie Kelty,Consumer,Hamadan,Hamadan,Iran,EMEA,EMEA
SF-200653,Sandra Flanagan,Consumer,Irapuato,Guanajuato,Mexico,North,LATAM
BO-14252,Bobby Odegard,Consumer,Mashhad,Razavi Khorasan,Iran,EMEA,EMEA
KH-63602,Katherine Hughes,Consumer,Brest,Brest,Belarus,EMEA,EMEA
BN-15152,Bradley Nguyen,Consumer,Kerman,Kerman,Iran,EMEA,EMEA
KH-65101,Keith Herrera,Consumer,Niamey,Niamey,Niger,Africa,Africa
DC-28502,Dan Campbell,Consumer,North York,Ontario,Canada,Canada,Canada
NC-183403,Nat Carroll,Consumer,Santiago de Cuba,Santiago de Cuba,Cuba,Caribbean,LATAM
JE-54751,Jeremy Ellison,Consumer,Mostaganem,Mostaganem,Algeria,Africa,Africa
GZ-44703,Gary Zandusky,Consumer,Gdynia,Pomerania,Poland,EMEA,EMEA
TS-216553,Trudy Schmidt,Consumer,Potosí,Potosí,Bolivia,South,LATAM
MS-175303,MaryBeth Skach,Consumer,Santa Ana,Santa Ana,El Salvador,Central,LATAM
CM-119352,Carlos Meador,Consumer,Hamm,North Rhine-Westphalia,Germany,Central,EU
RH-195553,Ritsa Hightower,Consumer,Juárez,Chihuahua,Mexico,North,LATAM
KC-65402,Kelly Collister,Consumer,Balti,Balti,Moldova,EMEA,EMEA
CM-24452,Chuck Magee,Consumer,Jerusalem,Jerusalem,Israel,EMEA,EMEA
SC-208001,Stuart Calhoun,Consumer,Dhaka,Dhaka,Bangladesh,Central Asia,APAC
CC-26701,Craig Carreira,Consumer,Accra,Greater Accra,Ghana,Africa,Africa
CC-126852,Craig Carroll,Consumer,Dudley,England,United Kingdom,North,EU
KT-164651,Kean Takahito,Consumer,Tieling,Liaoning,China,North Asia,APAC
SM-109052,Susan MacKendrick,Consumer,Qom,Qom,Iran,EMEA,EMEA
SF-200652,Sandra Flanagan,Consumer,Hamme,East Flanders,Belgium,Central,EU
SF-102002,Sarah Foster,Consumer,Plzen,Plzen,Czech Republic,EMEA,EMEA
AG-109003,Arthur Gainer,Consumer,João Pessoa,Paraíba,Brazil,South,LATAM
RR-93152,Ralph Ritter,Consumer,Prague,Prague,Czech Republic,EMEA,EMEA
AH-2102,Alan Hwang,Consumer,Doha,Ad Dawhah,Qatar,EMEA,EMEA
DO-136453,Doug O'Connell,Consumer,Campo Limpo Paulista,São Paulo,Brazil,South,LATAM
RD-195851,Rob Dowd,Consumer,Patiala,Punjab,India,Central Asia,APAC
DB-134051,Denny Blanton,Consumer,Jaipur,Rajasthan,India,Central Asia,APAC
MV-181903,Mike Vittorini,Consumer,Salamanca,Guanajuato,Mexico,North,LATAM
KL-66451,Ken Lonsdale,Consumer,Luanda,Luanda,Angola,Africa,Africa
DC-128502,Dan Campbell,Consumer,Marseille,Provence-Alpes-Côte d'Azur,France,Central,EU
AR-5102,Andrew Roberts,Consumer,Bandar Abbas,Hormozgan,Iran,EMEA,EMEA
EN-37802,Edward Nazzal,Consumer,Ivanovo,Ivanovo,Russia,EMEA,EMEA
EB-39302,Eric Barreto,Consumer,Tehran,Tehran,Iran,EMEA,EMEA
MB-173051,Maria Bertelson,Consumer,Hyderabad,Telangana,India,Central Asia,APAC
LH-67501,Larry Hughes,Consumer,Kinshasa,Kinshasa,Democratic Republic of the Congo,Africa,Africa
DL-33302,Denise Leinenbach,Consumer,Brampton,Ontario,Canada,Canada,Canada
BM-111401,Becky Martin,Consumer,Sagamihara,Kanagawa,Japan,North Asia,APAC
GA-147253,Guy Armstrong,Consumer,Juárez,Chihuahua,Mexico,North,LATAM
JB-60001,Joy Bell-,Consumer,Kisangani,Orientale,Democratic Republic of the Congo,Africa,Africa
BT-116803,Brian Thompson,Consumer,Juárez,Chihuahua,Mexico,North,LATAM
SW-102751,Scott Williamson,Consumer,Nakuru,Rift Valley,Kenya,Africa,Africa
LM-70652,Liz MacKendrick,Consumer,Doha,Ad Dawhah,Qatar,EMEA,EMEA
CS-23551,Christine Sundaresam,Consumer,Rabat,Rabat-Salé-Zemmour-Zaer,Morocco,Africa,Africa
KH-163602,Katherine Hughes,Consumer,Vienna,Vienna,Austria,Central,EU
SG-206051,Speros Goranitis,Consumer,Napier,Hawke's Bay,New Zealand,Oceania,APAC
BE-114103,Bobby Elias,Consumer,Mossoró,Rio Grande do Norte,Brazil,South,LATAM
JF-152953,Jason Fortune-,Consumer,Guantánamo,Guantánamo,Cuba,Caribbean,LATAM
JK-60901,Juliana Krohn,Consumer,Luanda,Luanda,Angola,Africa,Africa
AG-103901,Allen Goldenen,Consumer,Wollongong,New South Wales,Australia,Oceania,APAC
SC-103801,Shahid Collister,Consumer,Mahajanga,Boeny,Madagascar,Africa,Africa
NC-83402,Nat Carroll,Consumer,Guelph,Ontario,Canada,Canada,Canada
RC-99601,Ryan Crowe,Consumer,Chipata,Eastern,Zambia,Africa,Africa
AI-108552,Arianne Irving,Consumer,Huyton,England,United Kingdom,North,EU
JM-158651,John Murray,Consumer,Thane,Maharashtra,India,Central Asia,APAC
SS-105901,Sonia Sunley,Consumer,Kumasi,Ashanti,Ghana,Africa,Africa
PR-188803,Patrick Ryan,Consumer,Gómez Palacio,Durango,Mexico,North,LATAM
VM-218353,Vivian Mathis,Consumer,Villa Nueva,Guatemala,Guatemala,Central,LATAM
GM-145002,Gene McClure,Consumer,Kotka,Kymenlaakso,Finland,North,EU
JE-57152,Joe Elijah,Consumer,An Nasiriyah,Dhi Qar,Iraq,EMEA,EMEA
RF-197352,Roland Fjeld,Consumer,Pontoise,Ile-de-France,France,Central,EU
VG-217901,Vivek Gonzalez,Consumer,Moradabad,Uttar Pradesh,India,Central Asia,APAC
CV-122952,Christina VanderZanden,Consumer,Cardiff,Wales,United Kingdom,North,EU
BH-117103,Brosina Hoffman,Consumer,San Salvador,San Salvador,El Salvador,Central,LATAM
TR-213252,Toby Ritter,Consumer,Norwich,England,United Kingdom,North,EU
SO-203353,Sean O'Donnell,Consumer,São Paulo,São Paulo,Brazil,South,LATAM
JE-154751,Jeremy Ellison,Consumer,Wuzhou,Guangxi,China,North Asia,APAC
CK-122053,Chloris Kastensmidt,Consumer,Valles,San Luis Potosí,Mexico,North,LATAM
SA-208302,Sue Ann Reed,Consumer,Newcastle upon Tyne,England,United Kingdom,North,EU
TS-116101,Troy Staebel,Consumer,Beira,Sofala,Mozambique,Africa,Africa
AA-3753,Allen Armold,Consumer,Lodz,Lodz,Poland,EMEA,EMEA
CM-21602,Charles McCrossin,Consumer,Basra,Al Basrah,Iraq,EMEA,EMEA
TS-216101,Troy Staebel,Consumer,Coimbatore,Tamil Nadu,India,Central Asia,APAC
JL-51301,Jack Lebron,Consumer,Cairo,Al Qahirah,Egypt,Africa,Africa
PB-191052,Peter Bühler,Consumer,Leeds,England,United Kingdom,North,EU
EJ-141551,Eva Jacobs,Consumer,Tauranga,Bay of Plenty,New Zealand,Oceania,APAC
JK-60902,Juliana Krohn,Consumer,Kingston,Ontario,Canada,Canada,Canada
BH-17102,Brosina Hoffman,Consumer,Mosul,Ninawa,Iraq,EMEA,EMEA
GW-46051,Giulietta Weimer,Consumer,Bamako,Bamako,Mali,Africa,Africa
LS-72302,Lycoris Saunders,Consumer,Tbilisi,Tbilisi,Georgia,EMEA,EMEA
LH-67502,Larry Hughes,Consumer,Amol,Mazandaran,Iran,EMEA,EMEA
GH-44252,Gary Hwang,Consumer,Calgary,Alberta,Canada,Canada,Canada
AS-901,Adam Shillingsburg,Consumer,Cape Town,Western Cape,South Africa,Africa,Africa
GA-47251,Guy Armstrong,Consumer,Wadi as Sir,'Amman,Jordan,EMEA,EMEA
AR-5101,Andrew Roberts,Consumer,Mombasa,Coast,Kenya,Africa,Africa
SG-100802,Sandra Glassco,Consumer,Montréal,Quebec,Canada,Canada,Canada
JF-51902,Jamie Frazer,Consumer,Budapest,Budapest,Hungary,EMEA,EMEA
CA-27751,Cynthia Arntzen,Consumer,Pretoria,Gauteng,South Africa,Africa,Africa
MV-74851,Mark Van Huff,Consumer,Ndola,Copperbelt,Zambia,Africa,Africa
TD-209953,Tamara Dahlen,Consumer,Tijuana,Baja California,Mexico,North,LATAM
ES-40203,Erica Smith,Consumer,Budapest,Budapest,Hungary,EMEA,EMEA
BP-11551,Becky Pak,Consumer,Rabat,Rabat-Salé-Zemmour-Zaer,Morocco,Africa,Africa
ME-77252,Max Engle,Consumer,Markham,Ontario,Canada,Canada,Canada
CD-19201,Carlos Daly,Consumer,Mabopane,Gauteng,South Africa,Africa,Africa
PT-190902,Pete Takahito,Consumer,Salzburg,Salzburg,Austria,Central,EU
SJ-105001,Shirley Jackson,Consumer,Arkhangelsk,Arkhangel'sk,Russia,EMEA,EMEA
EC-40502,Erin Creighton,Consumer,Medina,Al Madinah,Saudi Arabia,EMEA,EMEA
RH-96003,Rob Haberlin,Consumer,Mecca,Makkah,Saudi Arabia,EMEA,EMEA
JJ-54451,Jennifer Jackson,Consumer,Bamenda,Nord-Ouest,Cameroon,Africa,Africa
RB-195701,Rob Beeghly,Consumer,Rajkot,Gujarat,India,Central Asia,APAC
TP-111302,Theone Pippenger,Consumer,Gdynia,Pomerania,Poland,EMEA,EMEA
LB-67351,Larry Blacks,Consumer,Bamenda,Nord-Ouest,Cameroon,Africa,Africa
CM-21601,Charles McCrossin,Consumer,Pretoria,Gauteng,South Africa,Africa,Africa
DL-29251,Daniel Lacy,Consumer,Al Fayyum,Al Fayyum,Egypt,Africa,Africa
AZ-7501,Annie Zypern,Consumer,Bamako,Bamako,Mali,Africa,Africa
RW-96901,Robert Waldorf,Consumer,Cairo,Al Qahirah,Egypt,Africa,Africa
SA-108302,Sue Ann Reed,Consumer,North York,Ontario,Canada,Canada,Canada
MV-81901,Mike Vittorini,Consumer,Mbuji-mayi,Kasai-Oriental,Democratic Republic of the Congo,Africa,Africa
CC-25501,Clay Cheatham,Consumer,Alexandria,Al Iskandariyah,Egypt,Africa,Africa
MS-77101,Maurice Satty,Consumer,Cairo,Al Qahirah,Egypt,Africa,Africa
KD-163451,Katherine Ducich,Consumer,Belgaum,Karnataka,India,Central Asia,APAC
LW-71252,Liz Willingham,Consumer,Derbent,Dagestan,Russia,EMEA,EMEA
AF-8702,Art Ferguson,Consumer,Peterborough,Ontario,Canada,Canada,Canada
RD-197203,Roger Demir,Consumer,Boa Vista,Roraima,Brazil,South,LATAM
AI-8551,Arianne Irving,Consumer,Casablanca,Grand Casablanca,Morocco,Africa,Africa
JF-51901,Jamie Frazer,Consumer,Cape Coast,Central,Ghana,Africa,Africa
CG-25201,Claire Gute,Consumer,Dar es Salaam,Dar Es Salaam,Tanzania,Africa,Africa
BP-11553,Becky Pak,Consumer,Baghdad,Baghdad,Iraq,EMEA,EMEA
LM-170651,Liz MacKendrick,Consumer,Lanzhou,Gansu,China,North Asia,APAC
RA-199152,Russell Applegate,Consumer,La Spezia,Liguria,Italy,South,EU
RW-96902,Robert Waldorf,Consumer,Baghdad,Baghdad,Iraq,EMEA,EMEA
RH-94952,Rick Hansen,Consumer,Basra,Al Basrah,Iraq,EMEA,EMEA
RK-93001,Ralph Kennedy,Consumer,Nairobi,Nairobi,Kenya,Africa,Africa
BK-12602,Berenike Kampe,Consumer,Khasavyurt,Dagestan,Russia,EMEA,EMEA
JA-59702,Joseph Airdo,Consumer,Magnitogorsk,Chelyabinsk,Russia,EMEA,EMEA
EB-138701,Emily Burns,Consumer,Surat,Gujarat,India,Central Asia,APAC
JP-155203,Jeremy Pistek,Consumer,Villa Canales,Guatemala,Guatemala,Central,LATAM
AG-103902,Allen Goldenen,Consumer,Boulogne-Billancourt,Ile-de-France,France,Central,EU
JF-153552,Jay Fein,Consumer,Sceaux,Ile-de-France,France,Central,EU
BD-117702,Bryan Davis,Consumer,Vienna,Vienna,Austria,Central,EU
DL-128652,Dan Lawera,Consumer,Bordeaux,Aquitaine,France,Central,EU
GA-147252,Guy Armstrong,Consumer,Montauban,Midi-Pyrénées,France,Central,EU
TS-115051,Tony Sayre,Consumer,Meknes,Meknès-Tafilalet,Morocco,Africa,Africa
SV-203652,Seth Vernon,Consumer,Reus,Catalonia,Spain,South,EU
LH-171553,Logan Haushalter,Consumer,Chihuahua,Chihuahua,Mexico,North,LATAM
BD-116351,Brian Derr,Consumer,Ludhiana,Punjab,India,Central Asia,APAC
AC-4502,Amy Cox,Consumer,Mississauga,Ontario,Canada,Canada,Canada
AR-105701,Anemone Ratner,Consumer,Bangalore,Karnataka,India,Central Asia,APAC
EH-141852,Evan Henry,Consumer,Luton,England,United Kingdom,North,EU
JL-58501,John Lucas,Consumer,Ebolowa,Sud,Cameroon,Africa,Africa
FP-43201,Frank Preis,Consumer,Alexandria,Al Iskandariyah,Egypt,Africa,Africa
BD-116203,Brian DeCherney,Consumer,Santiago,Santiago,Chile,South,LATAM
JR-57001,Jocasta Rupert,Consumer,Khartoum,Khartoum,Sudan,Africa,Africa
SS-104101,Shahid Shariari,Consumer,Maputo,Cidade De Maputo,Mozambique,Africa,Africa
FP-143201,Frank Preis,Consumer,Newcastle,New South Wales,Australia,Oceania,APAC
HZ-49502,Henia Zydlo,Consumer,Saveh,Markazi,Iran,EMEA,EMEA
NG-84303,Nathan Gelder,Consumer,Kaliningrad,Kaliningrad,Russia,EMEA,EMEA
BD-115001,Bradley Drucker,Consumer,Kuala Lumpur,Kuala Lumpur,Malaysia,Southeast Asia,APAC
LT-71102,Liz Thompson,Consumer,Plock,Masovia,Poland,EMEA,EMEA
SH-103951,Shahid Hopkins,Consumer,Kinshasa,Kinshasa,Democratic Republic of the Congo,Africa,Africa
RR-193152,Ralph Ritter,Consumer,Frankfurt,Hesse,Germany,Central,EU
BP-112902,Beth Paige,Consumer,Cavaillon,Provence-Alpes-Côte d'Azur,France,Central,EU
RE-194502,Richard Eichhorn,Consumer,Ulm,Baden-Württemberg,Germany,Central,EU
DB-136602,Duane Benoit,Consumer,Nantes,Pays de la Loire,France,Central,EU
MK-181602,Mike Kennedy,Consumer,Meaux,Ile-de-France,France,Central,EU
SC-203803,Shahid Collister,Consumer,Managua,Managua,Nicaragua,Central,LATAM
RH-194952,Rick Hansen,Consumer,Nice,Provence-Alpes-Côte d'Azur,France,Central,EU
RM-193752,Raymond Messe,Consumer,Frankfurt,Hesse,Germany,Central,EU
KD-163452,Katherine Ducich,Consumer,Bagnolet,Ile-de-France,France,Central,EU
JK-161203,Julie Kriz,Home Office,Coyoacán,Distrito Federal,Mexico,North,LATAM
PP-89551,Paul Prost,Home Office,Alexandria,Al Iskandariyah,Egypt,Africa,Africa
BD-115602,Brendan Dodson,Home Office,Mansfield,England,United Kingdom,North,EU
CS-124003,Christopher Schild,Home Office,Cuajimalpa,Distrito Federal,Mexico,North,LATAM
JK-156402,Jim Kriz,Home Office,Vienna,Vienna,Austria,Central,EU
CC-121001,Chad Cunningham,Home Office,Dalian,Liaoning,China,North Asia,APAC
BF-111701,Ben Ferrer,Home Office,Ningbo,Zhejiang,China,North Asia,APAC
VM-116852,Valerie Mitchum,Home Office,Bishkek,Bishkek,Kyrgyzstan,EMEA,EMEA
AS-106301,Ann Steele,Home Office,Bhatpara,West Bengal,India,Central Asia,APAC
NP-86851,Nora Pelletier,Home Office,Pretoria,Gauteng,South Africa,Africa,Africa
RH-195103,Rick Huthwaite,Home Office,Huehuetenango,Huehuetenango,Guatemala,Central,LATAM
MT-180702,Michelle Tran,Home Office,Basildon,England,United Kingdom,North,EU
VT-217001,Valerie Takahito,Home Office,Raipur,Chhattisgarh,India,Central Asia,APAC
AH-101201,Adrian Hane,Home Office,Qidong,Jiangsu,China,North Asia,APAC
AS-1352,Adrian Shami,Home Office,Ashdod,Southern,Israel,EMEA,EMEA
TB-211901,Thomas Brumley,Home Office,Lucknow,Uttar Pradesh,India,Central Asia,APAC
PL-189251,Paul Lucas,Home Office,Weifang,Shandong,China,North Asia,APAC
LS-69752,Lindsay Shagiari,Home Office,Mississauga,Ontario,Canada,Canada,Canada
SU-106651,Stephanie Ulpright,Home Office,Nakuru,Rift Valley,Kenya,Africa,Africa
GM-144553,Gary Mitchum,Home Office,Moa,Holguín,Cuba,Caribbean,LATAM
Dp-132402,Dean percer,Home Office,Rome,Lazio,Italy,South,EU
MG-178751,Michael Grace,Home Office,Yichun,Heilongjiang,China,North Asia,APAC
CR-125801,Clay Rozendal,Home Office,Kanpur,Uttar Pradesh,India,Central Asia,APAC
SC-206801,Steve Carroll,Home Office,Phnom Penh,Phnom Penh,Cambodia,Southeast Asia,APAC
CG-120403,Catherine Glotzbach,Home Office,Guadalajara,Jalisco,Mexico,North,LATAM
JO-155501,Jesus Ocampo,Home Office,Shanghai,Shanghai,China,North Asia,APAC
PO-191803,Philisse Overcash,Home Office,Itu,São Paulo,Brazil,South,LATAM
LS-169752,Lindsay Shagiari,Home Office,Naples,Campania,Italy,South,EU
MA-175603,Matt Abelman,Home Office,Cuernavaca,Morelos,Mexico,North,LATAM
DH-136752,Duane Huffman,Home Office,Evreux,Upper Normandy,France,Central,EU
HR-47701,Hallie Redmond,Home Office,Kinshasa,Kinshasa,Democratic Republic of the Congo,Africa,Africa
MH-81152,Mick Hernandez,Home Office,Medina,Al Madinah,Saudi Arabia,EMEA,EMEA
CH-20701,Cathy Hwang,Home Office,Lusaka,Lusaka,Zambia,Africa,Africa
AS-1351,Adrian Shami,Home Office,Edmonton,Alberta,Canada,Canada,Canada
BE-114553,Brad Eason,Home Office,Sancti Spíritus,Sancti Spíritus,Cuba,Caribbean,LATAM
RH-95101,Rick Huthwaite,Home Office,Cairo,Al Qahirah,Egypt,Africa,Africa
PH-87902,Patricia Hirasaki,Home Office,Irkutsk,Irkutsk,Russia,EMEA,EMEA
GM-44551,Gary Mitchum,Home Office,Kismaayo,Jubbada Hoose,Somalia,Africa,Africa
JO-55501,Jesus Ocampo,Home Office,Messaad,Djelfa,Algeria,Africa,Africa
MG-178901,Michael Granlund,Home Office,Wellington,Wellington,New Zealand,Oceania,APAC
JS-59401,Joni Sundaresam,Home Office,Dar es Salaam,Dar Es Salaam,Tanzania,Africa,Africa
SR-107402,Steven Roelle,Home Office,Sari,Mazandaran,Iran,EMEA,EMEA
RD-96601,Robert Dilbeck,Home Office,Oran,Oran,Algeria,Africa,Africa
KB-164051,Katrina Bavinger,Home Office,Dubbo,New South Wales,Australia,Oceania,APAC
AS-6301,Ann Steele,Home Office,Centurion,Gauteng,South Africa,Africa,Africa
SZ-100351,Sam Zeldin,Home Office,Baraki,Tipaza,Algeria,Africa,Africa
CC-24301,Chuck Clark,Home Office,Saida,Saida,Algeria,Africa,Africa
TA-113852,Tom Ashbrook,Home Office,Bishkek,Bishkek,Kyrgyzstan,EMEA,EMEA
SS-105151,Shirley Schmidt,Home Office,Ad Diwem,White Nile,Sudan,Africa,Africa
CC-124302,Chuck Clark,Home Office,Livry-Gargan,Ile-de-France,France,Central,EU
DA-34502,Dianna Arnett,Home Office,Amman,'Amman,Jordan,EMEA,EMEA
TC-214751,Tony Chapman,Home Office,Invercargill,Southland,New Zealand,Oceania,APAC
VT-217003,Valerie Takahito,Home Office,Brasília,Federal District,Brazil,South,LATAM
MR-175453,Mathew Reese,Home Office,San Luis Potosí,San Luis Potosí,Mexico,North,LATAM
DS-130301,Darrin Sayre,Home Office,Varanasi,Uttar Pradesh,India,Central Asia,APAC
AP-7202,Anne Pryor,Home Office,Balmazujvaros,Hajdu-Bihar,Hungary,EMEA,EMEA
FM-142901,Frank Merwin,Home Office,Shenzhen,Guangdong,China,North Asia,APAC
PB-188051,Patrick Bzostek,Home Office,Jhansi,Uttar Pradesh,India,Central Asia,APAC
CR-25801,Clay Rozendal,Home Office,Alexandria,Al Iskandariyah,Egypt,Africa,Africa
ML-77553,Max Ludwig,Home Office,Tuzla,Federation of Bosnia and Herzegovina,Bosnia and Herzegovina,EMEA,EMEA
DH-136751,Duane Huffman,Home Office,Gorakhpur,Uttar Pradesh,India,Central Asia,APAC
EH-141251,Eugene Hildebrand,Home Office,Dhaka,Dhaka,Bangladesh,Central Asia,APAC
DE-132551,Deanra Eno,Home Office,Colombo,Western,Sri Lanka,Central Asia,APAC
DP-133901,Dennis Pardue,Home Office,Kanpur,Uttar Pradesh,India,Central Asia,APAC
BT-115301,Bradley Talbott,Home Office,Pune,Maharashtra,India,Central Asia,APAC
HD-147852,Harold Dahlen,Home Office,Granada,Andalusía,Spain,South,EU
NK-184901,Neil Knudson,Home Office,Durg,Chhattisgarh,India,Central Asia,APAC
BD-115601,Brendan Dodson,Home Office,Nagercoil,Tamil Nadu,India,Central Asia,APAC
JO-155503,Jesus Ocampo,Home Office,Itapetininga,São Paulo,Brazil,South,LATAM
CM-126553,Corinna Mitchell,Home Office,Matanzas,Matanzas,Cuba,Caribbean,LATAM
RS-198703,Roy Skaria,Home Office,Mexico City,Distrito Federal,Mexico,North,LATAM
DH-36752,Duane Huffman,Home Office,Brampton,Ontario,Canada,Canada,Canada
AS-101352,Adrian Shami,Home Office,Munich,Bavaria,Germany,Central,EU
NF-84752,Neil Französisch,Home Office,Calgary,Alberta,Canada,Canada,Canada
DW-134803,Dianna Wilson,Home Office,Santos,São Paulo,Brazil,South,LATAM
PB-88052,Patrick Bzostek,Home Office,North York,Ontario,Canada,Canada,Canada
EH-140052,Erica Hernandez,Home Office,Nancy,Lorraine,France,Central,EU
EK-137951,Eileen Kiefer,Home Office,Shuangyashan,Heilongjiang,China,North Asia,APAC
CR-26252,Corey Roper,Home Office,Windsor,Ontario,Canada,Canada,Canada
FG-42602,Frank Gastineau,Home Office,Edmonton,Alberta,Canada,Canada,Canada
AB-2552,Alejandro Ballentine,Home Office,Whitby,Ontario,Canada,Canada,Canada
ED-38851,Emily Ducich,Home Office,El Jadida,Doukkala-Abda,Morocco,Africa,Africa
DP-33901,Dennis Pardue,Home Office,Johannesburg,Gauteng,South Africa,Africa,Africa
RB-94651,Rick Bensley,Home Office,Mombasa,Coast,Kenya,Africa,Africa
PS-89701,Paul Stevenson,Home Office,Casablanca,Grand Casablanca,Morocco,Africa,Africa
MP-74701,Mark Packer,Home Office,Annaba,Annaba,Algeria,Africa,Africa
PS-90451,Penelope Sewall,Home Office,Chingola,Copperbelt,Zambia,Africa,Africa
FC-42451,Frank Carlisle,Home Office,Casablanca,Grand Casablanca,Morocco,Africa,Africa
BF-12151,Benjamin Farhat,Home Office,Abidjan,Lagunes,Cote d'Ivoire,Africa,Africa
MZ-73351,Maria Zettner,Home Office,Khouribga,Chaouia-Ouardigha,Morocco,Africa,Africa
MA-75601,Matt Abelman,Home Office,Tetouan,Tanger-Tétouan,Morocco,Africa,Africa
TH-115503,Tracy Hopkins,Home Office,Zaporizhzhya,Zaporizhzhya,Ukraine,EMEA,EMEA
AS-6302,Ann Steele,Home Office,Ardabil,Ardabil,Iran,EMEA,EMEA
SC-100502,Sample Company A,Home Office,Baghdad,Baghdad,Iraq,EMEA,EMEA
NF-84753,Neil Französisch,Home Office,Bitola,Bitola,Macedonia,EMEA,EMEA
RB-97952,Ross Baird,Home Office,Qom,Qom,Iran,EMEA,EMEA
CR-25802,Clay Rozendal,Home Office,Cherkasy,Cherkasy,Ukraine,EMEA,EMEA
EH-40052,Erica Hernandez,Home Office,Yaroslavl',Yaroslavl',Russia,EMEA,EMEA
PN-87752,Parhena Norris,Home Office,Mashhad,Razavi Khorasan,Iran,EMEA,EMEA
NL-183102,Nancy Lomonaco,Home Office,Cestas,Aquitaine,France,Central,EU
NF-185952,Nicole Fjeld,Home Office,Marseille,Provence-Alpes-Côte d'Azur,France,Central,EU
BE-13351,Bill Eplett,Home Office,Bouake,Vallee Du Bandama,Cote d'Ivoire,Africa,Africa
BT-13052,Beth Thompson,Home Office,Pinsk,Brest,Belarus,EMEA,EMEA
CS-24002,Christopher Schild,Home Office,Iasi,Iasi,Romania,EMEA,EMEA
AG-7651,Anthony Garverick,Home Office,Ngaoundere,Adamaoua,Cameroon,Africa,Africa
KF-62851,Karen Ferguson,Home Office,Algiers,Alger,Algeria,Africa,Africa
AS-101353,Adrian Shami,Home Office,Juárez,Chihuahua,Mexico,North,LATAM
TH-115502,Tracy Hopkins,Home Office,Mississauga,Ontario,Canada,Canada,Canada
RH-195101,Rick Huthwaite,Home Office,Canberra,Australian Capital Territory,Australia,Oceania,APAC
EK-37951,Eileen Kiefer,Home Office,Casablanca,Grand Casablanca,Morocco,Africa,Africa
SN-105601,Skye Norling,Home Office,Likasi,Katanga,Democratic Republic of the Congo,Africa,Africa
RD-98101,Ross DeVincentis,Home Office,Johannesburg,Gauteng,South Africa,Africa,Africa
BT-14852,Brad Thomas,Home Office,Riyadh,Ar Riyad,Saudi Arabia,EMEA,EMEA
AP-107202,Anne Pryor,Home Office,Le Havre,Upper Normandy,France,Central,EU
SN-207103,Steve Nguyen,Home Office,Managua,Managua,Nicaragua,Central,LATAM
ML-77552,Max Ludwig,Home Office,Calgary,Alberta,Canada,Canada,Canada
Dp-32403,Dean percer,Home Office,Craiova,Dolj,Romania,EMEA,EMEA
MZ-173351,Maria Zettner,Home Office,Newcastle,New South Wales,Australia,Oceania,APAC
KM-63752,Katherine Murray,Home Office,Winnipeg,Manitoba,Canada,Canada,Canada
BE-14552,Brad Eason,Home Office,Zagreb,Grad Zagreb,Croatia,EMEA,EMEA
AW-9302,Arthur Wiediger,Home Office,Arbil,Arbil,Iraq,EMEA,EMEA
JK-161201,Julie Kriz,Home Office,Kakinada,Andhra Pradesh,India,Central Asia,APAC
BS-118001,Bryan Spruell,Home Office,Wellington,Wellington,New Zealand,Oceania,APAC
TC-114751,Tony Chapman,Home Office,Al Manaqil,Gezira,Sudan,Africa,Africa
CL-27002,Craig Leslie,Home Office,Jeddah,Makkah,Saudi Arabia,EMEA,EMEA
BD-15601,Brendan Dodson,Home Office,Yaounde,Centre,Cameroon,Africa,Africa
SR-204253,Sharelle Roach,Home Office,Ilopango,San Salvador,El Salvador,Central,LATAM
RB-97951,Ross Baird,Home Office,Abidjan,Lagunes,Cote d'Ivoire,Africa,Africa
ML-177552,Max Ludwig,Home Office,Pertuis,Provence-Alpes-Côte d'Azur,France,Central,EU
EB-39751,Erica Bern,Corporate,Dakar,Dakar,Senegal,Africa,Africa
HR-148301,Harold Ryan,Corporate,Cambridge,Waikato,New Zealand,Oceania,APAC
SS-201403,Saphhira Shifley,Corporate,Puebla,Puebla,Mexico,North,LATAM
JR-162101,Justin Ritter,Corporate,Tokyo,Tokyo,Japan,North Asia,APAC
LD-168551,Lela Donovan,Corporate,Ipoh,Perak,Malaysia,Southeast Asia,APAC
BO-113503,Bill Overfelt,Corporate,San Salvador,San Salvador,El Salvador,Central,LATAM
YC-218951,Yoseph Carroll,Corporate,Bangalore,Karnataka,India,Central Asia,APAC
FA-142303,Frank Atkinson,Corporate,Cuernavaca,Morelos,Mexico,North,LATAM
MY-182951,Muhammed Yedwab,Corporate,Xichang,Sichuan,China,North Asia,APAC
PW-190303,Pauline Webber,Corporate,Escuintla,Escuintla,Guatemala,Central,LATAM
AH-6902,Anna Häberlin,Corporate,Mashhad,Razavi Khorasan,Iran,EMEA,EMEA
ML-73952,Marina Lichtenstein,Corporate,Vlore,Vlorë,Albania,EMEA,EMEA
AS-100453,Aaron Smayling,Corporate,Coyoacán,Distrito Federal,Mexico,North,LATAM
NH-86102,Nicole Hansen,Corporate,North York,Ontario,Canada,Canada,Canada
MZ-75151,Mary Zewe,Corporate,Newcastle,Kwazulu-natal,South Africa,Africa,Africa
JO-51451,Jack O'Briant,Corporate,Nakuru,Rift Valley,Kenya,Africa,Africa
SS-101403,Saphhira Shifley,Corporate,Ulan Bator,Ulaanbaatar,Mongolia,EMEA,EMEA
MP-179651,Michael Paige,Corporate,Newcastle,New South Wales,Australia,Oceania,APAC
BN-14701,Brad Norvell,Corporate,Rabat,Rabat-Salé-Zemmour-Zaer,Morocco,Africa,Africa
KD-64952,Keith Dawkins,Corporate,Gorgan,Golestan,Iran,EMEA,EMEA
GK-46201,Grace Kelly,Corporate,Khouribga,Chaouia-Ouardigha,Morocco,Africa,Africa
RS-97652,Roland Schwarz,Corporate,Ufa,Bashkortostan,Russia,EMEA,EMEA
KL-65552,Kelly Lampkin,Corporate,Irkutsk,Irkutsk,Russia,EMEA,EMEA
GZ-145453,George Zrebassa,Corporate,Heroica Zitácuaro,Michoacán,Mexico,North,LATAM
DP-131053,Dave Poirier,Corporate,Guadalajara,Jalisco,Mexico,North,LATAM
Dl-36002,Dorris liebe,Corporate,Jizan,Jizan,Saudi Arabia,EMEA,EMEA
ME-80101,Michelle Ellison,Corporate,Bandundu,Bandundu,Democratic Republic of the Congo,Africa,Africa
DR-28801,Dan Reichenbach,Corporate,Al Mahallah al Kubra,Al Gharbiyah,Egypt,Africa,Africa
GG-146503,Greg Guthrie,Corporate,Mexico City,Distrito Federal,Mexico,North,LATAM
MC-181301,Mike Caudle,Corporate,Chongqing,Chongqing,China,North Asia,APAC
GM-146952,Greg Maxwell,Corporate,Letchworth,England,United Kingdom,North,EU
CA-23101,Christine Abelman,Corporate,Barika,Batna,Algeria,Africa,Africa
DK-28352,Damala Kotsonis,Corporate,Hadera,Haifa,Israel,EMEA,EMEA
GH-144851,Gene Hale,Corporate,Aoba-ku,Kanagawa,Japan,North Asia,APAC
DK-32252,Dean Katz,Corporate,Medina,Al Madinah,Saudi Arabia,EMEA,EMEA
KD-166153,Ken Dana,Corporate,Tlaquepaque,Jalisco,Mexico,North,LATAM
AC-104201,Alyssa Crouse,Corporate,Kunming,Yunnan,China,North Asia,APAC
BP-10501,Barry Pond,Corporate,Dakar,Dakar,Senegal,Africa,Africa
MC-76052,Matt Connell,Corporate,Tallinn,Harjumaa,Estonia,EMEA,EMEA
ME-180103,Michelle Ellison,Corporate,Ilopango,San Salvador,El Salvador,Central,LATAM
JG-53101,Jason Gross,Corporate,Nal'chik,Kabardino-Balkariya,Russia,EMEA,EMEA
KB-162403,Karen Bern,Corporate,San Bernardo,Santiago,Chile,South,LATAM
AH-100751,Adam Hart,Corporate,Darbhanga,Bihar,India,Central Asia,APAC
BF-9752,Barbara Fisher,Corporate,Jeddah,Makkah,Saudi Arabia,EMEA,EMEA
DB-35551,Dorothy Badders,Corporate,Bur Sudan,Red Sea,Sudan,Africa,Africa
YS-118802,Yana Sorensen,Corporate,Mashhad,Razavi Khorasan,Iran,EMEA,EMEA
DW-31952,David Wiener,Corporate,Baghdad,Baghdad,Iraq,EMEA,EMEA
MF-176653,Maureen Fritzler,Corporate,Chihuahua,Chihuahua,Mexico,North,LATAM
EB-38403,Ellis Ballard,Corporate,Kharkiv,Kharkiv,Ukraine,EMEA,EMEA
CM-27151,Craig Molinari,Corporate,Casablanca,Grand Casablanca,Morocco,Africa,Africa
AG-4951,Andrew Gjertsen,Corporate,Cape Town,Western Cape,South Africa,Africa,Africa
MZ-75152,Mary Zewe,Corporate,Montréal,Quebec,Canada,Canada,Canada
GB-145301,George Bell,Corporate,Ambattur,Tamil Nadu,India,Central Asia,APAC
CA-19651,Carol Adams,Corporate,Abidjan,Lagunes,Cote d'Ivoire,Africa,Africa
AC-4202,Alyssa Crouse,Corporate,Basra,Al Basrah,Iraq,EMEA,EMEA
SV-108151,Stuart Van,Corporate,Dire Dawa,Dire Dawa,Ethiopia,Africa,Africa
GR-45601,Georgia Rosenberg,Corporate,Tunis,Tunis,Tunisia,Africa,Africa
EM-38253,Elizabeth Moffitt,Corporate,Baghdad,Baghdad,Iraq,EMEA,EMEA
BG-16952,Brooke Gillingham,Corporate,Zagreb,Grad Zagreb,Croatia,EMEA,EMEA
LA-67801,Laura Armstrong,Corporate,Soweto,Gauteng,South Africa,Africa,Africa
KB-66003,Ken Brennan,Corporate,Malayer,Hamadan,Iran,EMEA,EMEA
HR-48301,Harold Ryan,Corporate,Guelma,Guelma,Algeria,Africa,Africa
LW-168253,Laurel Workman,Corporate,Caraguatatuba,São Paulo,Brazil,South,LATAM
HG-49652,Henry Goldwyn,Corporate,London,Ontario,Canada,Canada,Canada
HH-150102,Hilary Holden,Corporate,Reading,England,United Kingdom,North,EU
BG-16951,Brooke Gillingham,Corporate,Sokode,Centrale,Togo,Africa,Africa
MS-79801,Michael Stewart,Corporate,Algiers,Alger,Algeria,Africa,Africa
BP-110951,Bart Pistole,Corporate,Jiangmen,Guangdong,China,North Asia,APAC
MY-73801,Maribeth Yedwab,Corporate,Johannesburg,Gauteng,South Africa,Africa,Africa
EB-38402,Ellis Ballard,Corporate,Vancouver,British Columbia,Canada,Canada,Canada
FC-43351,Fred Chung,Corporate,Mbuji-mayi,Kasai-Oriental,Democratic Republic of the Congo,Africa,Africa
LS-169451,Linda Southworth,Corporate,Korla,Xinjiang Uygur,China,North Asia,APAC
RS-194203,Ricardo Sperren,Corporate,Mexico City,Distrito Federal,Mexico,North,LATAM
KH-163303,Katharine Harms,Corporate,Delgado,San Salvador,El Salvador,Central,LATAM
CJ-118752,Carl Jackson,Corporate,Villemomble,Ile-de-France,France,Central,EU
JD-158953,Jonathan Doherty,Corporate,Ribeirão Preto,São Paulo,Brazil,South,LATAM
TS-212053,Thomas Seio,Corporate,Guaratinguetá,São Paulo,Brazil,South,LATAM
CS-18452,Cari Sayre,Corporate,Abha,'Asir,Saudi Arabia,EMEA,EMEA
ND-84602,Neil Ducich,Corporate,Toronto,Ontario,Canada,Canada,Canada
DB-135551,Dorothy Badders,Corporate,Chennai,Tamil Nadu,India,Central Asia,APAC
CB-125351,Claudia Bergmann,Corporate,Timaru,Canterbury,New Zealand,Oceania,APAC
DJ-134201,Denny Joy,Corporate,Korba,Chhattisgarh,India,Central Asia,APAC
JB-54001,Jennifer Braxton,Corporate,Abidjan,Lagunes,Cote d'Ivoire,Africa,Africa
MY-173801,Maribeth Yedwab,Corporate,Tongzhou,Beijing,China,North Asia,APAC
DM-29552,Dario Medina,Corporate,Mississauga,Ontario,Canada,Canada,Canada
BM-116501,Brian Moss,Corporate,Zhuzhou,Hunan,China,North Asia,APAC
SP-208602,Sung Pak,Corporate,Mulhouse,Alsace,France,Central,EU
EM-138102,Eleni McCrary,Corporate,Solingen,North Rhine-Westphalia,Germany,Central,EU
SP-205453,Sibella Parks,Corporate,Tampico,Tamaulipas,Mexico,North,LATAM
ML-80402,Michelle Lonsdale,Corporate,Winnipeg,Manitoba,Canada,Canada,Canada
BF-110203,Barry Französisch,Corporate,Orizaba,Veracruz,Mexico,North,LATAM
TS-213703,Todd Sumrall,Corporate,Matagalpa,Matagalpa,Nicaragua,Central,LATAM
HK-48901,Heather Kirkland,Corporate,Cairo,Al Qahirah,Egypt,Africa,Africa
BO-113502,Bill Overfelt,Corporate,Halle,Saxony-Anhalt,Germany,Central,EU
VP-217601,Victoria Pisteka,Corporate,Singapore,Singapore,Singapore,Southeast Asia,APAC
KC-166751,Kimberly Carter,Corporate,Beijing,Beijing,China,North Asia,APAC
TH-211151,Thea Hudgings,Corporate,Jalalabad,Nangarhar,Afghanistan,Central Asia,APAC
AH-1952,Alan Haines,Corporate,Waterloo,Ontario,Canada,Canada,Canada
TB-211751,Thomas Boland,Corporate,Lower Hutt,Wellington,New Zealand,Oceania,APAC
GK-146203,Grace Kelly,Corporate,Brasília,Federal District,Brazil,South,LATAM
MZ-175153,Mary Zewe,Corporate,Bogotá,Bogota,Colombia,South,LATAM
BO-113501,Bill Overfelt,Corporate,Guwahati,Assam,India,Central Asia,APAC
ML-80401,Michelle Lonsdale,Corporate,Abidjan,Lagunes,Cote d'Ivoire,Africa,Africa
KE-64201,Katrina Edelman,Corporate,Tembisa,Gauteng,South Africa,Africa,Africa
BB-109903,Barry Blumstein,Corporate,Cochabamba,Cochabamba,Bolivia,South,LATAM
NG-183551,Nat Gilpin,Corporate,Handan,Hebei,China,North Asia,APAC
HR-148302,Harold Ryan,Corporate,Manchester,England,United Kingdom,North,EU
JM-52651,Janet Molinari,Corporate,Antsiranana,Diana,Madagascar,Africa,Africa
CP-20852,Cathy Prescott,Corporate,Saanich,British Columbia,Canada,Canada,Canada
SC-104401,Shaun Chance,Corporate,Alexandria,Al Iskandariyah,Egypt,Africa,Africa
KN-164501,Kean Nguyen,Corporate,Jixi,Heilongjiang,China,North Asia,APAC
EM-38102,Eleni McCrary,Corporate,Prague,Prague,Czech Republic,EMEA,EMEA
GG-46501,Greg Guthrie,Corporate,Rabat,Rabat-Salé-Zemmour-Zaer,Morocco,Africa,Africa
AJ-107953,Anthony Johnson,Corporate,León,Guanajuato,Mexico,North,LATAM
JP-154601,Jennifer Patt,Corporate,Tianjin,Tianjin,China,North Asia,APAC
DK-128353,Damala Kotsonis,Corporate,Huehuetenango,Huehuetenango,Guatemala,Central,LATAM
AH-6901,Anna Häberlin,Corporate,Cairo,Al Qahirah,Egypt,Africa,Africa
KM-162251,Kalyca Meade,Corporate,Shantou,Guangdong,China,North Asia,APAC
YC-118951,Yoseph Carroll,Corporate,Edea,Littoral,Cameroon,Africa,Africa
JD-161501,Justin Deggeller,Corporate,Fuzhou,Fujian,China,North Asia,APAC
BF-12751,Beth Fritzler,Corporate,Antananarivo,Analamanga,Madagascar,Africa,Africa
ON-87152,Odella Nelson,Corporate,Kryvyy Rih,Dnipropetrovs'k,Ukraine,EMEA,EMEA
SC-207702,Stewart Carmichael,Corporate,Bedford,England,United Kingdom,North,EU
EB-37502,Edward Becker,Corporate,Termez,Surxondaryo,Uzbekistan,EMEA,EMEA
RS-94202,Ricardo Sperren,Corporate,Winnipeg,Manitoba,Canada,Canada,Canada
EB-38401,Ellis Ballard,Corporate,Bur Sudan,Red Sea,Sudan,Africa,Africa
GR-45602,Georgia Rosenberg,Corporate,Ahvaz,Khuzestan,Iran,EMEA,EMEA
NB-186551,Nona Balk,Corporate,Zhongxiang,Hubei,China,North Asia,APAC
MH-76203,Matt Hagelstein,Corporate,Opole,Opole,Poland,EMEA,EMEA
SM-209501,Suzanne McNair,Corporate,Luoyang,Guangdong,China,North Asia,APAC
RW-196302,Rob Williams,Corporate,Mannheim,Baden-Württemberg,Germany,Central,EU
NH-86101,Nicole Hansen,Corporate,Beni Mellal,Tadla-Azilal,Morocco,Africa,Africa
SF-209652,Sylvia Foulston,Corporate,Gloucester,England,United Kingdom,North,EU
SH-199753,Sally Hughsby,Corporate,Victoria,Tamaulipas,Mexico,North,LATAM
EH-37651,Edward Hooks,Corporate,Livingstone,Southern,Zambia,Africa,Africa
CS-21751,Charles Sheldon,Corporate,Shinyanga,Shinyanga,Tanzania,Africa,Africa
AG-104951,Andrew Gjertsen,Corporate,Xiangtan,Hunan,China,North Asia,APAC
SG-108901,Susan Gilcrest,Corporate,Kigali,Kigali,Rwanda,Africa,Africa
BS-13802,Bill Stewart,Corporate,Baghdad,Baghdad,Iraq,EMEA,EMEA
HW-49351,Helen Wasserman,Corporate,Accra,Greater Accra,Ghana,Africa,Africa
DJ-35102,Don Jones,Corporate,Windsor,Ontario,Canada,Canada,Canada
TS-211601,Theresa Swint,Corporate,Queanbeyan,New South Wales,Australia,Oceania,APAC
KB-62402,Karen Bern,Corporate,Usol'ye-Sibirskoye,Irkutsk,Russia,EMEA,EMEA
JE-156102,Jim Epp,Corporate,Lyon,Rhône-Alpes,France,Central,EU
PW-190301,Pauline Webber,Corporate,Shimoga,Karnataka,India,Central Asia,APAC
HG-49651,Henry Goldwyn,Corporate,Meknes,Meknès-Tafilalet,Morocco,Africa,Africa
AO-8102,Anthony O'Donnell,Corporate,North York,Ontario,Canada,Canada,Canada
SC-102601,Scott Cohen,Corporate,Toronto,Ontario,Canada,Canada,Canada
AS-102252,Alan Schoenberger,Corporate,Villefontaine,Rhône-Alpes,France,Central,EU
MG-82053,Mitch Gastineau,Corporate,Suceava,Suceava,Romania,EMEA,EMEA
ND-84601,Neil Ducich,Corporate,Mombasa,Coast,Kenya,Africa,Africa
CP-23402,Christine Phan,Corporate,Baghdad,Baghdad,Iraq,EMEA,EMEA
MZ-175151,Mary Zewe,Corporate,Jamnagar,Gujarat,India,Central Asia,APAC
ND-184601,Neil Ducich,Corporate,Raipur,Uttarakhand,India,Central Asia,APAC
GT-46352,Grant Thornton,Corporate,Buzau,Buzau,Romania,EMEA,EMEA
DW-131953,David Wiener,Corporate,Zihuatanejo,Guerrero,Mexico,North,LATAM
JP-54601,Jennifer Patt,Corporate,Luanda,Luanda,Angola,Africa,Africa
TB-213551,Todd Boyes,Corporate,Hamilton,Waikato,New Zealand,Oceania,APAC
VG-118051,Vivek Grady,Corporate,Alexandria,Al Iskandariyah,Egypt,Africa,Africa
HM-48602,Harry Marie,Corporate,Oradea,Bihor,Romania,EMEA,EMEA
SH-99751,Sally Hughsby,Corporate,Bo,Southern,Sierra Leone,Africa,Africa
LC-69302,Linda Cazamias,Corporate,Basra,Al Basrah,Iraq,EMEA,EMEA
SP-106501,Stephanie Phelps,Corporate,Livingstone,Southern,Zambia,Africa,Africa
NS-86402,Noel Staavos,Corporate,Sanandaj,Kordestan,Iran,EMEA,EMEA
SB-202902,Sean Braxton,Corporate,Weston-super-Mare,England,United Kingdom,North,EU
DL-134951,Dionis Lloyd,Corporate,Kabul,Kabul,Afghanistan,Central Asia,APAC
KC-66752,Kimberly Carter,Corporate,Mosul,Ninawa,Iraq,EMEA,EMEA
YS-118801,Yana Sorensen,Corporate,Umtata,Eastern Cape,South Africa,Africa,Africa
EM-38252,Elizabeth Moffitt,Corporate,Markham,Ontario,Canada,Canada,Canada
DV-30451,Darrin Van Huff,Corporate,Johannesburg,Gauteng,South Africa,Africa,Africa
TS-111601,Theresa Swint,Corporate,Accra,Greater Accra,Ghana,Africa,Africa
CJ-118751,Carl Jackson,Corporate,Guangzhou,Guangdong,China,North Asia,APAC
AH-301,Aaron Hawkins,Corporate,Nakuru,Rift Valley,Kenya,Africa,Africa
SP-106201,Stefania Perrino,Corporate,Accra,Greater Accra,Ghana,Africa,Africa
AR-4052,Allen Rosenblatt,Corporate,Budapest,Budapest,Hungary,EMEA,EMEA
JS-56851,Jim Sink,Corporate,Uvira,South Kivu,Democratic Republic of the Congo,Africa,Africa
LD-68551,Lela Donovan,Corporate,Oran,Oran,Algeria,Africa,Africa
MC-174252,Mark Cousins,Corporate,Madrid,Madrid,Spain,South,EU
JD-158952,Jonathan Doherty,Corporate,Antwerp,Antwerp,Belgium,Central,EU
CA-119653,Carol Adams,Corporate,Juárez,Chihuahua,Mexico,North,LATAM
DB-131201,David Bremer,Corporate,Hubli,Karnataka,India,Central Asia,APAC
ML-173951,Marina Lichtenstein,Corporate,Bangalore,Karnataka,India,Central Asia,APAC
SC-204402,Shaun Chance,Corporate,Bracknell,England,United Kingdom,North,EU
EA-40351,Erin Ashbrook,Corporate,Kermanshah,Kermanshah,Iran,EMEA,EMEA
VP-117601,Victoria Pisteka,Corporate,Arusha,Arusha,Tanzania,Africa,Africa
NC-185351,Nick Crebassa,Corporate,Taupo,Waikato,New Zealand,Oceania,APAC
KS-163001,Karen Seio,Corporate,Dhaka,Dhaka,Bangladesh,Central Asia,APAC
VB-117452,Victoria Brennan,Corporate,Chisinau,Chisinau,Moldova,EMEA,EMEA
CY-27452,Craig Yedwab,Corporate,Lisichansk,Luhans'k,Ukraine,EMEA,EMEA
TP-115652,Tracy Poddar,Corporate,Chelyabinsk,Chelyabinsk,Russia,EMEA,EMEA
CS-21752,Charles Sheldon,Corporate,Yazd,Yazd,Iran,EMEA,EMEA
RF-93452,Randy Ferguson,Corporate,Winnipeg,Manitoba,Canada,Canada,Canada
EA-140352,Erin Ashbrook,Corporate,Le Havre,Upper Normandy,France,Central,EU
KD-166152,Ken Dana,Corporate,Hamburg,Hamburg,Germany,Central,EU
DK-129851,Darren Koutras,Consumer,Meerut,Uttar Pradesh,India,Central Asia,APAC
JR-156701,Jim Radford,Consumer,Baotou,Inner Mongolia,China,North Asia,APAC
SC-200951,Sanjit Chand,Consumer,Taipei,Taipei City,Taiwan,North Asia,APAC
SC-207251,Steven Cartwright,Consumer,Hyderabad,Telangana,India,Central Asia,APAC
SC-103802,Shahid Collister,Consumer,Qom,Qom,Iran,EMEA,EMEA
TB-215201,Tracy Blumstein,Consumer,Darwin,Northern Territory,Australia,Oceania,APAC
DN-136903,Duane Noonan,Consumer,Villahermosa,Tabasco,Mexico,North,LATAM
KL-166453,Ken Lonsdale,Consumer,Las Tunas,Las Tunas,Cuba,Caribbean,LATAM
TP-114151,Tom Prescott,Consumer,Al Fayyum,Al Fayyum,Egypt,Africa,Africa
AB-151,Aaron Bergman,Consumer,Mufulira,Copperbelt,Zambia,Africa,Africa
LH-169001,Lena Hernandez,Consumer,Agra,Uttar Pradesh,India,Central Asia,APAC
KT-164802,Kean Thornton,Consumer,Munich,Bavaria,Germany,Central,EU
MO-179503,Michael Oakman,Consumer,Mexicali,Baja California,Mexico,North,LATAM
LW-171253,Liz Willingham,Consumer,Guayaquil,Guayas,Ecuador,South,LATAM
HL-50401,Hunter Lopez,Consumer,Dakar,Dakar,Senegal,Africa,Africa
MK-181603,Mike Kennedy,Consumer,Masaya,Masaya,Nicaragua,Central,LATAM
JP-55202,Jeremy Pistek,Consumer,Pickering,Ontario,Canada,Canada,Canada
KM-166603,Khloe Miller,Consumer,Camagüey,Camagüey,Cuba,Caribbean,LATAM
AG-106753,Anna Gayman,Consumer,Altamira,Pará,Brazil,South,LATAM
CC-121452,Charles Crestani,Consumer,Dortmund,North Rhine-Westphalia,Germany,Central,EU
PW-92402,Pierre Wener,Consumer,Basra,Al Basrah,Iraq,EMEA,EMEA
MS-178301,Melanie Seite,Consumer,Toyohashi,Aichi,Japan,North Asia,APAC
CJ-120101,Caroline Jumper,Consumer,Ghaziabad,Uttar Pradesh,India,Central Asia,APAC
BS-116652,Brian Stugart,Consumer,Bonn,North Rhine-Westphalia,Germany,Central,EU
CC-124753,Cindy Chapman,Consumer,Maceió,Alagoas,Brazil,South,LATAM
DP-130003,Darren Powers,Consumer,São Paulo,São Paulo,Brazil,South,LATAM
BF-110802,Bart Folk,Consumer,Marseille,Provence-Alpes-Côte d'Azur,France,Central,EU
RW-196903,Robert Waldorf,Consumer,Mexico City,Distrito Federal,Mexico,North,LATAM
FH-143501,Fred Harton,Consumer,Guangzhou,Guangdong,China,North Asia,APAC
ML-182651,Muhammed Lee,Consumer,Kowloon,Hong Kong,Hong Kong,North Asia,APAC
DC-128501,Dan Campbell,Consumer,Guangzhou,Guangdong,China,North Asia,APAC
JC-153401,Jasper Cacioppo,Consumer,Shanghai,Shanghai,China,North Asia,APAC
JJ-154451,Jennifer Jackson,Consumer,Kolhapur,Maharashtra,India,Central Asia,APAC
TM-214901,Tony Molinari,Consumer,Durgapur,Maharashtra,India,Central Asia,APAC
DO-136452,Doug O'Connell,Consumer,Lowestoft,England,United Kingdom,North,EU
LD-170051,Lisa DeCherney,Consumer,Kukatpalli,Telangana,India,Central Asia,APAC
SC-100951,Sanjit Chand,Consumer,Alexandria,Al Iskandariyah,Egypt,Africa,Africa
RA-99452,Ryan Akin,Consumer,Nikopol',Dnipropetrovs'k,Ukraine,EMEA,EMEA
TB-216251,Trudy Brown,Consumer,Rotorua,Bay of Plenty,New Zealand,Oceania,APAC
CD-122801,Christina DeMoss,Consumer,Yancheng,Jiangsu,China,North Asia,APAC
AF-8852,Art Foster,Consumer,Buzau,Buzau,Romania,EMEA,EMEA
VG-117902,Vivek Gonzalez,Consumer,Homyel',Homyel',Belarus,EMEA,EMEA
IL-151001,Ivan Liston,Consumer,Bhilai,Chhattisgarh,India,Central Asia,APAC
BN-15151,Bradley Nguyen,Consumer,Casablanca,Grand Casablanca,Morocco,Africa,Africa
PO-188503,Patrick O'Brill,Consumer,Juárez,Chihuahua,Mexico,North,LATAM
CD-22801,Christina DeMoss,Consumer,Nzerekore,Nzérékoré,Guinea,Africa,Africa
AR-105703,Anemone Ratner,Consumer,Itajaí,Santa Catarina,Brazil,South,LATAM
EJ-41551,Eva Jacobs,Consumer,Nkongsamba,Littoral,Cameroon,Africa,Africa
SV-107852,Stewart Visinsky,Consumer,Dnipropetrovs'k,Dnipropetrovs'k,Ukraine,EMEA,EMEA
CS-24601,Chuck Sachs,Consumer,Wad Madani,Gezira,Sudan,Africa,Africa
MC-81001,Mick Crebagga,Consumer,Cluj-Napoca,Cluj,Romania,EMEA,EMEA
JM-152502,Janet Martin,Consumer,Parma,Emilia-Romagna,Italy,South,EU
SJ-102152,Sarah Jordon,Consumer,Burlington,Ontario,Canada,Canada,Canada
PF-91652,Philip Fox,Consumer,Mashhad,Razavi Khorasan,Iran,EMEA,EMEA
RC-98251,Roy Collins,Consumer,Budapest,Budapest,Hungary,EMEA,EMEA
CD-19802,Carol Darley,Consumer,Barrie,Ontario,Canada,Canada,Canada
Co-26402,Corey-Lock,Consumer,Obninsk,Kaluga,Russia,EMEA,EMEA
SC-103051,Sean Christensen,Consumer,Luanda,Luanda,Angola,Africa,Africa
DL-28653,Dan Lawera,Consumer,Shiraz,Fars,Iran,EMEA,EMEA
SB-101701,Sarah Bern,Consumer,Mohammedia,Grand Casablanca,Morocco,Africa,Africa
TD-109952,Tamara Dahlen,Consumer,Mississauga,Ontario,Canada,Canada,Canada
AA-3151,Alex Avila,Consumer,Kankan,Kankan,Guinea,Africa,Africa
JP-55203,Jeremy Pistek,Consumer,Budapest,Budapest,Hungary,EMEA,EMEA
RD-95852,Rob Dowd,Consumer,Vancouver,British Columbia,Canada,Canada,Canada
RE-94051,Ricardo Emerson,Consumer,Fes,Fès-Boulemane,Morocco,Africa,Africa
BG-17402,Bruce Geld,Consumer,Mashhad,Razavi Khorasan,Iran,EMEA,EMEA
SB-201703,Sarah Bern,Consumer,Contramaestre,Santiago de Cuba,Cuba,Caribbean,LATAM
SW-202753,Scott Williamson,Consumer,Montevideo,Montevideo,Uruguay,South,LATAM
ML-182653,Muhammed Lee,Consumer,Juárez,Chihuahua,Mexico,North,LATAM
SM-200053,Sally Matthias,Consumer,Puebla,Puebla,Mexico,North,LATAM
SG-200803,Sandra Glassco,Consumer,Pinar del Río,Pinar del Río,Cuba,Caribbean,LATAM
TM-210103,Tamara Manning,Consumer,Itajaí,Santa Catarina,Brazil,South,LATAM
RM-197503,Roland Murray,Consumer,Tlalpan,Distrito Federal,Mexico,North,LATAM
DB-136601,Duane Benoit,Consumer,Zhenjiang,Jiangsu,China,North Asia,APAC
JL-151301,Jack Lebron,Consumer,Singapore,Singapore,Singapore,Southeast Asia,APAC
CL-118901,Carl Ludwig,Consumer,Zhaoyuan,Heilongjiang,China,North Asia,APAC
RC-198251,Roy Collins,Consumer,Wollongong,New South Wales,Australia,Oceania,APAC
CA-127751,Cynthia Arntzen,Consumer,Satna,Madhya Pradesh,India,Central Asia,APAC
JL-158351,John Lee,Consumer,Chongqing,Chongqing,China,North Asia,APAC
RA-199151,Russell Applegate,Consumer,Singapore,Singapore,Singapore,Southeast Asia,APAC
DM-130151,Darrin Martin,Consumer,Suzhou,Jiangsu,China,North Asia,APAC
JE-157451,Joel Eaton,Consumer,Langfang,Hebei,China,North Asia,APAC
SC-200201,Sam Craven,Consumer,Phnom Penh,Phnom Penh,Cambodia,Southeast Asia,APAC
DK-133751,Dennis Kane,Consumer,Haikou,Hainan,China,North Asia,APAC
MG-176951,Maureen Gnade,Consumer,Shenyang,Liaoning,China,North Asia,APAC
RD-199302,Russell D'Ascenzo,Consumer,Geneva,Geneva,Switzerland,Central,EU
SM-209053,Susan MacKendrick,Consumer,San Salvador,San Salvador,El Salvador,Central,LATAM
CM-124452,Chuck Magee,Consumer,Vienna,Vienna,Austria,Central,EU
MO-179502,Michael Oakman,Consumer,Dortmund,North Rhine-Westphalia,Germany,Central,EU
JB-159252,Joni Blumstein,Consumer,Trier,Rhineland-Palatinate,Germany,Central,EU
LC-168703,Lena Cacioppo,Consumer,Chinandega,Chinandega,Nicaragua,Central,LATAM
CM-121602,Charles McCrossin,Consumer,Douarnenez,Brittany,France,Central,EU
EH-139902,Erica Hackney,Consumer,Hamburg,Hamburg,Germany,Central,EU
KW-164352,Katrina Willman,Consumer,Nuremberg,Bavaria,Germany,Central,EU
EB-141703,Evan Bailliet,Consumer,Villa Nueva,Guatemala,Guatemala,Central,LATAM
LH-170202,Lisa Hazard,Consumer,Hamburg,Hamburg,Germany,Central,EU
DK-130903,Dave Kipp,Consumer,Huehuetenango,Huehuetenango,Guatemala,Central,LATAM
ME-177252,Max Engle,Consumer,Saint-Michel-sur-Orge,Ile-de-France,France,Central,EU
TB-216252,Trudy Brown,Consumer,Augsburg,Bavaria,Germany,Central,EU
GM-146802,Greg Matthias,Consumer,Cannes,Provence-Alpes-Côte d'Azur,France,Central,EU
MJ-177402,Max Jones,Consumer,Narbonne,Languedoc-Roussillon,France,Central,EU
TB-116251,Trudy Brown,Consumer,Kinshasa,Kinshasa,Democratic Republic of the Congo,Africa,Africa
AA-4801,Andrew Allen,Consumer,Kuito,Bie,Angola,Africa,Africa
DC-28501,Dan Campbell,Consumer,Chingola,Copperbelt,Zambia,Africa,Africa
TB-214001,Tom Boeckenhauer,Consumer,Delhi,Delhi,India,Central Asia,APAC
LT-171101,Liz Thompson,Consumer,Guangzhou,Guangdong,China,North Asia,APAC
MS-77701,Maxwell Schwartz,Consumer,Tunis,Tunis,Tunisia,Africa,Africa
SB-101852,Sarah Brown,Consumer,Ivanovo,Ivanovo,Russia,EMEA,EMEA
JR-157001,Jocasta Rupert,Consumer,Paraparaumu,Wellington,New Zealand,Oceania,APAC
TB-114001,Tom Boeckenhauer,Consumer,Kankan,Kankan,Guinea,Africa,Africa
SK-199901,Sally Knutson,Consumer,Zhuhai,Guangdong,China,North Asia,APAC
DB-32101,Dean Braden,Consumer,Cairo,Al Qahirah,Egypt,Africa,Africa
JL-52351,Janet Lee,Consumer,Laval,Quebec,Canada,Canada,Canada
GB-145751,Giulietta Baptist,Consumer,Bilaspur,Uttar Pradesh,India,Central Asia,APAC
DC-132851,Debra Catini,Consumer,Tokyo,Tokyo,Japan,North Asia,APAC
BH-17101,Brosina Hoffman,Consumer,Cairo,Al Qahirah,Egypt,Africa,Africa
SF-200651,Sandra Flanagan,Consumer,Ratlam,Madhya Pradesh,India,Central Asia,APAC
KW-65702,Kelly Williams,Consumer,Brasov,Brasov,Romania,EMEA,EMEA
DL-129251,Daniel Lacy,Consumer,Wellington,Wellington,New Zealand,Oceania,APAC
CB-24152,Christy Brittain,Consumer,Basra,Al Basrah,Iraq,EMEA,EMEA
HF-149951,Herbert Flentye,Consumer,Luoyang,Fujian,China,North Asia,APAC
NC-184151,Nathan Cano,Consumer,Yushu,Jilin,China,North Asia,APAC
JM-52501,Janet Martin,Consumer,Bur Sudan,Red Sea,Sudan,Africa,Africa
RD-194801,Rick Duston,Consumer,Sylhet,Sylhet,Bangladesh,Central Asia,APAC
PB-91051,Peter Bühler,Consumer,Lida,Hrodna,Belarus,EMEA,EMEA
MK-81602,Mike Kennedy,Consumer,Toronto,Ontario,Canada,Canada,Canada
JH-61802,Justin Hirsh,Consumer,Saskatoon,Saskatchewan,Canada,Canada,Canada
SE-101102,Sanjit Engle,Consumer,Qazvin,Qazvin,Iran,EMEA,EMEA
PM-89401,Paul MacIntyre,Consumer,Rabat,Rabat-Salé-Zemmour-Zaer,Morocco,Africa,Africa
DF-31351,David Flashing,Consumer,Casablanca,Grand Casablanca,Morocco,Africa,Africa
MJ-177403,Max Jones,Consumer,Tuxtla Gutiérrez,Chiapas,Mexico,North,LATAM
SV-209353,Susan Vittorini,Consumer,Camaçari,Bahia,Brazil,South,LATAM
CC-121453,Charles Crestani,Consumer,Fort-de-France,Martinique,Martinique,Caribbean,LATAM
VS-218203,Vivek Sundaresam,Consumer,Tuxtla Gutiérrez,Chiapas,Mexico,North,LATAM
NC-184153,Nathan Cano,Consumer,Cúcuta,Norte de Santander,Colombia,South,LATAM
TS-215053,Tony Sayre,Consumer,Ciudad del Carmen,Campeche,Mexico,North,LATAM
GZ-144703,Gary Zandusky,Consumer,San Salvador,San Salvador,El Salvador,Central,LATAM
BF-110803,Bart Folk,Consumer,Maringá,Parana,Brazil,South,LATAM
CS-121301,Chad Sievert,Consumer,Wollongong,New South Wales,Australia,Oceania,APAC
JK-56253,Jim Karlsson,Consumer,Ardabil,Ardabil,Iran,EMEA,EMEA
CM-122351,Chris McAfee,Consumer,Nanning,Guangxi,China,North Asia,APAC
CC-26851,Craig Carroll,Consumer,Port Elizabeth,Eastern Cape,South Africa,Africa,Africa
EC-140501,Erin Creighton,Consumer,Dhaka,Dhaka,Bangladesh,Central Asia,APAC
AB-1653,Alan Barnes,Consumer,Warsaw,Masovia,Poland,EMEA,EMEA
CS-18601,Cari Schnelling,Consumer,Abu Kabir,Ash Sharqiyah,Egypt,Africa,Africa
TM-110101,Tamara Manning,Consumer,Cairo,Al Qahirah,Egypt,Africa,Africa
AJ-109601,Astrea Jones,Consumer,Ambattur,Tamil Nadu,India,Central Asia,APAC
OT-87302,Olvera Toch,Consumer,Craiova,Dolj,Romania,EMEA,EMEA
RD-199301,Russell D'Ascenzo,Consumer,Kathmandu,Central,Nepal,Central Asia,APAC
CK-22052,Chloris Kastensmidt,Consumer,Ivano-Frankivs'k,Ivano-Frankivsk,Ukraine,EMEA,EMEA
AB-1051,Adrian Barton,Consumer,Kisangani,Orientale,Democratic Republic of the Congo,Africa,Africa
MC-78451,Michael Chen,Consumer,Cape Town,Western Cape,South Africa,Africa,Africa
MD-173502,Maribeth Dona,Consumer,Grenoble,Rhône-Alpes,France,Central,EU
BP-111551,Becky Pak,Consumer,Weifang,Shandong,China,North Asia,APAC
TG-113103,Toby Gnade,Consumer,Bishkek,Bishkek,Kyrgyzstan,EMEA,EMEA
DB-36601,Duane Benoit,Consumer,Cairo,Al Qahirah,Egypt,Africa,Africa
BD-117251,Bruce Degenhardt,Consumer,Chennai,Tamil Nadu,India,Central Asia,APAC
TS-215052,Tony Sayre,Consumer,Zurich,Zürich,Switzerland,Central,EU
DK-128951,Dana Kaydos,Consumer,Sandakan,Sabah,Malaysia,Southeast Asia,APAC
NC-183402,Nat Carroll,Consumer,Antibes,Provence-Alpes-Côte d'Azur,France,Central,EU
CM-24451,Chuck Magee,Consumer,Dakar,Dakar,Senegal,Africa,Africa
CC-24751,Cindy Chapman,Consumer,Luanda,Luanda,Angola,Africa,Africa
MC-175753,Matt Collins,Consumer,Villahermosa,Tabasco,Mexico,North,LATAM
EJ-141553,Eva Jacobs,Consumer,Bayamo,Granma,Cuba,Caribbean,LATAM
DN-36902,Duane Noonan,Consumer,Richmond Hill,Ontario,Canada,Canada,Canada
MS-78301,Melanie Seite,Consumer,Accra,Greater Accra,Ghana,Africa,Africa
RB-94351,Richard Bierner,Consumer,Kinshasa,Kinshasa,Democratic Republic of the Congo,Africa,Africa
IM-50702,Irene Maddox,Consumer,Kremenchuk,Poltava,Ukraine,EMEA,EMEA
MB-80851,Mick Brown,Consumer,Benghazi,Banghazi,Libya,Africa,Africa
JH-159852,Joseph Holt,Consumer,Les Mureaux,Ile-de-France,France,Central,EU
HL-150401,Hunter Lopez,Consumer,Rajshahi,Rajshahi,Bangladesh,Central Asia,APAC
TG-116403,Trudy Glocke,Consumer,Haifa,Haifa,Israel,EMEA,EMEA
MW-182201,Mitch Webber,Consumer,Luoyang,Fujian,China,North Asia,APAC
XP-118651,Xylona Preis,Consumer,Rabat,Rabat-Salé-Zemmour-Zaer,Morocco,Africa,Africa
SV-207851,Stewart Visinsky,Consumer,Huaihua,Hunan,China,North Asia,APAC
TS-113402,Toby Swindell,Consumer,Brampton,Ontario,Canada,Canada,Canada
CV-122951,Christina VanderZanden,Consumer,Zaozhuang,Shandong,China,North Asia,APAC
AF-8851,Art Foster,Consumer,Kinshasa,Kinshasa,Democratic Republic of the Congo,Africa,Africa
WB-118501,William Brown,Consumer,Tunis,Tunis,Tunisia,Africa,Africa
KT-64652,Kean Takahito,Consumer,Mississauga,Ontario,Canada,Canada,Canada
LM-170653,Liz MacKendrick,Consumer,Managua,Managua,Nicaragua,Central,LATAM
SW-204553,Shaun Weien,Consumer,Curitiba,Parana,Brazil,South,LATAM
JA-159703,Joseph Airdo,Consumer,Soyapango,San Salvador,El Salvador,Central,LATAM
SC-200953,Sanjit Chand,Consumer,Managua,Managua,Nicaragua,Central,LATAM
EB-138703,Emily Burns,Consumer,Montevideo,Montevideo,Uruguay,South,LATAM
AJ-109453,Ashley Jarboe,Consumer,Juiz de Fora,Minas Gerais,Brazil,South,LATAM
AA-4802,Andrew Allen,Consumer,Toronto,Ontario,Canada,Canada,Canada
AH-2101,Alan Hwang,Consumer,Alexandria,Al Iskandariyah,Egypt,Africa,Africa
LB-167351,Larry Blacks,Consumer,Ujjain,Madhya Pradesh,India,Central Asia,APAC
MO-79501,Michael Oakman,Consumer,Fes,Fès-Boulemane,Morocco,Africa,Africa
MN-79352,Michael Nguyen,Consumer,Kopeysk,Chelyabinsk,Russia,EMEA,EMEA
SC-208451,Sung Chung,Consumer,Bhatpara,West Bengal,India,Central Asia,APAC
SG-204701,Sheri Gordon,Consumer,Kota,Rajasthan,India,Central Asia,APAC
DJ-136303,Doug Jacobs,Consumer,Montenegro,Quindío,Colombia,South,LATAM
LC-71401,Logan Currie,Consumer,Casablanca,Grand Casablanca,Morocco,Africa,Africa
DB-36152,Doug Bickford,Consumer,Bytom,Silesia,Poland,EMEA,EMEA
FP-43202,Frank Preis,Consumer,Termez,Surxondaryo,Uzbekistan,EMEA,EMEA
TG-116402,Trudy Glocke,Consumer,London,Ontario,Canada,Canada,Canada
DN-136901,Duane Noonan,Consumer,Zigong,Sichuan,China,North Asia,APAC
TB-212501,Tim Brockman,Consumer,Kanpur,Uttar Pradesh,India,Central Asia,APAC
SF-100651,Sandra Flanagan,Consumer,Quelimane,Zambezia,Mozambique,Africa,Africa
VS-118202,Vivek Sundaresam,Consumer,Sofia,Sofiya-Grad,Bulgaria,EMEA,EMEA
JH-59102,Jonathan Howell,Consumer,North York,Ontario,Canada,Canada,Canada
TB-214002,Tom Boeckenhauer,Consumer,Basingstoke,England,United Kingdom,North,EU
AJ-9452,Ashley Jarboe,Consumer,Luhans'k,Luhans'k,Ukraine,EMEA,EMEA
JM-55352,Jessica Myrick,Consumer,Jerusalem,Jerusalem,Israel,EMEA,EMEA
BW-10652,Barry Weirich,Consumer,North York,Ontario,Canada,Canada,Canada
CC-126851,Craig Carroll,Consumer,Visakhapatnam,Andhra Pradesh,India,Central Asia,APAC
DO-36452,Doug O'Connell,Consumer,Calgary,Alberta,Canada,Canada,Canada
TB-112801,Toby Braunhardt,Consumer,Constantine,Constantine,Algeria,Africa,Africa
MG-81452,Mike Gockenbach,Consumer,Rybinsk,Yaroslavl',Russia,EMEA,EMEA
DW-35402,Don Weiss,Consumer,Toronto,Ontario,Canada,Canada,Canada
RM-97501,Roland Murray,Consumer,Quelimane,Zambezia,Mozambique,Africa,Africa
NP-83253,Naresj Patel,Consumer,Zabol,Sistan Va Baluchestan,Iran,EMEA,EMEA
JE-57451,Joel Eaton,Consumer,Kuito,Bie,Angola,Africa,Africa
CR-127302,Craig Reiter,Consumer,Harrow,England,United Kingdom,North,EU
CL-18903,Carl Ludwig,Consumer,Warsaw,Masovia,Poland,EMEA,EMEA
AA-3152,Alex Avila,Consumer,Dnipropetrovs'k,Dnipropetrovs'k,Ukraine,EMEA,EMEA
SB-101851,Sarah Brown,Consumer,Casablanca,Grand Casablanca,Morocco,Africa,Africa
SJ-102151,Sarah Jordon,Consumer,Dire Dawa,Dire Dawa,Ethiopia,Africa,Africa
JM-55801,Jill Matthias,Consumer,Mogadishu,Banaadir,Somalia,Africa,Africa
LC-71403,Logan Currie,Consumer,Basra,Al Basrah,Iraq,EMEA,EMEA
AG-3302,Alex Grayson,Consumer,Jeddah,Makkah,Saudi Arabia,EMEA,EMEA
CS-21301,Chad Sievert,Consumer,Kananga,Kasai-Occidental,Democratic Republic of the Congo,Africa,Africa
AG-3901,Allen Goldenen,Consumer,Gitarama,Southern,Rwanda,Africa,Africa
JE-154752,Jeremy Ellison,Consumer,Dundee,Scotland,United Kingdom,North,EU
RM-93752,Raymond Messe,Consumer,Vratsa,Vratsa,Bulgaria,EMEA,EMEA
RC-99602,Ryan Crowe,Consumer,Blagoveshchensk,Amur,Russia,EMEA,EMEA
RR-93151,Ralph Ritter,Consumer,Johannesburg,Gauteng,South Africa,Africa,Africa
LT-67653,Larry Tron,Consumer,Baghdad,Baghdad,Iraq,EMEA,EMEA
LL-68402,Lauren Leatherbury,Consumer,Kryvyy Rih,Dnipropetrovs'k,Ukraine,EMEA,EMEA
RA-99152,Russell Applegate,Consumer,Khomeynishahr,Esfahan,Iran,EMEA,EMEA
CL-18902,Carl Ludwig,Consumer,Toronto,Ontario,Canada,Canada,Canada
HM-49801,Henry MacAllister,Consumer,Kindu,Maniema,Democratic Republic of the Congo,Africa,Africa
TS-110852,Thais Sissman,Consumer,Calgary,Alberta,Canada,Canada,Canada
LS-72452,Lynn Smith,Consumer,North York,Ontario,Canada,Canada,Canada
NM-85201,Neoma Murray,Consumer,Termez,Surxondaryo,Uzbekistan,EMEA,EMEA
PT-190901,Pete Takahito,Consumer,Harbin,Heilongjiang,China,North Asia,APAC
JG-51152,Jack Garza,Consumer,Shiraz,Fars,Iran,EMEA,EMEA
MS-73652,Maribeth Schnelling,Consumer,Baku,Baki,Azerbaijan,EMEA,EMEA
SP-109202,Susan Pistek,Consumer,Angarsk,Irkutsk,Russia,EMEA,EMEA
AB-1651,Alan Barnes,Consumer,Niamey,Niamey,Niger,Africa,Africa
EH-39452,Eric Hoffmann,Consumer,London,Ontario,Canada,Canada,Canada
SP-109201,Susan Pistek,Consumer,Qena,Qina,Egypt,Africa,Africa
JG-51602,James Galang,Consumer,Oleksandriya,Kirovohrad,Ukraine,EMEA,EMEA
MH-80251,Michelle Huthwaite,Consumer,Berrechid,Chaouia-Ouardigha,Morocco,Africa,Africa
SW-102753,Scott Williamson,Consumer,Iasi,Iasi,Romania,EMEA,EMEA
JF-55652,Jill Fjeld,Consumer,Jerusalem,Jerusalem,Israel,EMEA,EMEA
AM-7052,Anne McFarland,Consumer,Mississauga,Ontario,Canada,Canada,Canada
SA-108303,Sue Ann Reed,Consumer,Brasov,Brasov,Romania,EMEA,EMEA
CS-19502,Carlos Soltero,Consumer,Gatineau,Quebec,Canada,Canada,Canada
CC-24753,Cindy Chapman,Consumer,Sofia,Sofiya-Grad,Bulgaria,EMEA,EMEA
KM-66601,Khloe Miller,Consumer,Hargeysa,Woqooyi Galbeed,Somalia,Africa,Africa
SS-208751,Sung Shariari,Consumer,Shenzhen,Guangdong,China,North Asia,APAC
CC-21452,Charles Crestani,Consumer,Al Hillah,Babil,Iraq,EMEA,EMEA
LB-67352,Larry Blacks,Consumer,Brampton,Ontario,Canada,Canada,Canada
LC-68852,Lena Creighton,Consumer,Winnipeg,Manitoba,Canada,Canada,Canada
RA-92852,Ralph Arnett,Consumer,Longueuil,Quebec,Canada,Canada,Canada
TB-115951,Troy Blackwell,Consumer,Accra,Greater Accra,Ghana,Africa,Africa
TR-113252,Toby Ritter,Consumer,Sanandaj,Kordestan,Iran,EMEA,EMEA
CM-121901,Charlotte Melton,Consumer,Shanghai,Shanghai,China,North Asia,APAC
RM-97502,Roland Murray,Consumer,Riyadh,Ar Riyad,Saudi Arabia,EMEA,EMEA
EH-41852,Evan Henry,Consumer,Shiraz,Fars,Iran,EMEA,EMEA
JM-61952,Justin MacKendrick,Consumer,Constanta,Constanta,Romania,EMEA,EMEA
FH-43501,Fred Harton,Consumer,Johannesburg,Gauteng,South Africa,Africa,Africa
PO-88652,Patrick O'Donnell,Consumer,Edmonton,Alberta,Canada,Canada,Canada
NP-83252,Naresj Patel,Consumer,Laval,Quebec,Canada,Canada,Canada
JK-153701,Jay Kimmel,Consumer,Himeji,Hyogo,Japan,North Asia,APAC
JW-60752,Julia West,Consumer,Riyadh,Ar Riyad,Saudi Arabia,EMEA,EMEA
PT-90901,Pete Takahito,Consumer,Cairo,Al Qahirah,Egypt,Africa,Africa
ND-83701,Natalie DeCherney,Consumer,Kisumu,Nyanza,Kenya,Africa,Africa
AP-109152,Arthur Prichep,Consumer,Halifax,England,United Kingdom,North,EU
HA-149052,Helen Abelman,Consumer,Genoa,Liguria,Italy,South,EU
CS-123552,Christine Sundaresam,Consumer,Shrewsbury,England,United Kingdom,North,EU
CJ-120102,Caroline Jumper,Consumer,Acireale,Sicily,Italy,South,EU
CM-123852,Christopher Martinez,Consumer,Norderstedt,Schleswig-Holstein,Germany,Central,EU
SB-201702,Sarah Bern,Consumer,Vincennes,Ile-de-France,France,Central,EU
AZ-107502,Annie Zypern,Consumer,Wattrelos,Nord-Pas-de-Calais,France,Central,EU
ND-183702,Natalie DeCherney,Consumer,Eragny,Ile-de-France,France,Central,EU
SG-206052,Speros Goranitis,Consumer,Vitry-sur-Seine,Ile-de-France,France,Central,EU
NM-185201,Neoma Murray,Consumer,Kowloon,Hong Kong,Hong Kong,North Asia,APAC
JS-158801,John Stevenson,Consumer,Yueyang,Hunan,China,North Asia,APAC
MV-174853,Mark Van Huff,Consumer,Hermosillo,Sonora,Mexico,North,LATAM
TG-113102,Toby Gnade,Consumer,Red Deer,Alberta,Canada,Canada,Canada
SG-100801,Sandra Glassco,Consumer,Dar es Salaam,Dar Es Salaam,Tanzania,Africa,Africa
AA-3752,Allen Armold,Consumer,Montréal,Quebec,Canada,Canada,Canada
KM-67201,Kunst Miller,Consumer,Basra,Al Basrah,Iraq,EMEA,EMEA
AS-100901,Adam Shillingsburg,Consumer,Tianjin,Tianjin,China,North Asia,APAC
KH-163601,Katherine Hughes,Consumer,Chennai,Tamil Nadu,India,Central Asia,APAC
AA-103151,Alex Avila,Consumer,Chennai,Tamil Nadu,India,Central Asia,APAC
JF-154902,Jeremy Farry,Consumer,Rome,Lazio,Italy,South,EU
DK-33752,Dennis Kane,Consumer,Vancouver,British Columbia,Canada,Canada,Canada
CC-24752,Cindy Chapman,Consumer,London,Ontario,Canada,Canada,Canada
MH-80253,Michelle Huthwaite,Consumer,Khmel'nyts'kyy,Khmel'nyts'kyy,Ukraine,EMEA,EMEA
AT-7351,Annie Thurman,Consumer,Rabat,Rabat-Salé-Zemmour-Zaer,Morocco,Africa,Africa
PJ-190151,Pauline Johnson,Consumer,Hyderabad,Telangana,India,Central Asia,APAC
CC-21451,Charles Crestani,Consumer,Bo,Southern,Sierra Leone,Africa,Africa
DJ-36301,Doug Jacobs,Consumer,Nakuru,Rift Valley,Kenya,Africa,Africa
PF-91202,Peter Fuller,Consumer,Calgary,Alberta,Canada,Canada,Canada
KA-65251,Kelly Andreada,Consumer,Accra,Greater Accra,Ghana,Africa,Africa
BD-13201,Bill Donatelli,Consumer,Sale,Rabat-Salé-Zemmour-Zaer,Morocco,Africa,Africa
LT-67652,Larry Tron,Consumer,Montréal,Quebec,Canada,Canada,Canada
BF-10801,Bart Folk,Consumer,Safi,Doukkala-Abda,Morocco,Africa,Africa
SC-108002,Stuart Calhoun,Consumer,Kermanshah,Kermanshah,Iran,EMEA,EMEA
CT-19951,Carol Triggs,Consumer,Donets'k,Donetsk,Ukraine,EMEA,EMEA
DC-32852,Debra Catini,Consumer,Baku,Baki,Azerbaijan,EMEA,EMEA
MS-175302,MaryBeth Skach,Consumer,Letchworth,England,United Kingdom,North,EU
AC-6601,Anna Chung,Consumer,Berrechid,Chaouia-Ouardigha,Morocco,Africa,Africa
ML-74101,Maris LaWare,Consumer,Brest,Brest,Belarus,EMEA,EMEA
XP-118652,Xylona Preis,Consumer,Kirovohrad,Kirovohrad,Ukraine,EMEA,EMEA
LP-70951,Liz Preis,Consumer,Agadir,Souss-Massa-Draâ,Morocco,Africa,Africa
RH-196003,Rob Haberlin,Consumer,Apopa,San Salvador,El Salvador,Central,LATAM
HP-48152,Harold Pawlan,Home Office,Lublin,Lublin,Poland,EMEA,EMEA
AH-104652,Amy Hunt,Consumer,Plymouth,England,United Kingdom,North,EU
EH-139451,Eric Hoffmann,Consumer,Kabul,Kabul,Afghanistan,Central Asia,APAC
NG-184301,Nathan Gelder,Consumer,Firozabad,Uttar Pradesh,India,Central Asia,APAC
EB-37052,Ed Braxton,Corporate,Belgorod,Belgorod,Russia,EMEA,EMEA
JM-52502,Janet Martin,Consumer,Mosul,Ninawa,Iraq,EMEA,EMEA
DL-29252,Daniel Lacy,Consumer,Dnipropetrovs'k,Dnipropetrovs'k,Ukraine,EMEA,EMEA
SG-106051,Speros Goranitis,Consumer,Abidjan,Lagunes,Cote d'Ivoire,Africa,Africa
JM-56552,Jim Mitchum,Corporate,Saskatoon,Saskatchewan,Canada,Canada,Canada
AJ-7803,Anthony Jacobs,Corporate,Basra,Al Basrah,Iraq,EMEA,EMEA
RW-96301,Rob Williams,Corporate,Natitingou,Atakora,Benin,Africa,Africa
SR-204251,Sharelle Roach,Home Office,Hamilton,Waikato,New Zealand,Oceania,APAC
RP-198551,Roy Phan,Corporate,Warangal,Telangana,India,Central Asia,APAC
FM-42152,Filia McAdams,Corporate,Vienna,Vienna,Austria,EMEA,EMEA
SW-107552,Steven Ward,Corporate,Montréal,Quebec,Canada,Canada,Canada
JL-55051,Jeremy Lonsdale,Consumer,Mombasa,Coast,Kenya,Africa,Africa
HM-49802,Henry MacAllister,Consumer,Abadan,Khuzestan,Iran,EMEA,EMEA
AT-104352,Alyssa Tate,Home Office,Salzburg,Salzburg,Austria,Central,EU
RD-196601,Robert Dilbeck,Home Office,Shenzhen,Guangdong,China,North Asia,APAC
PP-189553,Paul Prost,Home Office,Villa Canales,Guatemala,Guatemala,Central,LATAM
MG-176803,Maureen Gastineau,Home Office,Bayamo,Granma,Cuba,Caribbean,LATAM
VT-117001,Valerie Takahito,Home Office,Port Elizabeth,Eastern Cape,South Africa,Africa,Africa
BP-110501,Barry Pond,Corporate,Xinxiang,Henan,China,North Asia,APAC
TH-212353,Tiffany House,Corporate,Puebla,Puebla,Mexico,North,LATAM
HK-48902,Heather Kirkland,Corporate,London,Ontario,Canada,Canada,Canada
VW-217753,Victoria Wilson,Corporate,Chilpancingo,Guerrero,Mexico,North,LATAM
BN-14702,Brad Norvell,Corporate,Baia Mare,Maramures,Romania,EMEA,EMEA
NW-84001,Natalie Webber,Consumer,Abidjan,Lagunes,Cote d'Ivoire,Africa,Africa
LR-69152,Lena Radford,Consumer,Gorgan,Golestan,Iran,EMEA,EMEA
NP-86701,Nora Paige,Consumer,Cairo,Al Qahirah,Egypt,Africa,Africa
LW-72153,Luke Weiss,Consumer,Jeddah,Makkah,Saudi Arabia,EMEA,EMEA
LW-72152,Luke Weiss,Consumer,Winnipeg,Manitoba,Canada,Canada,Canada
TS-116551,Trudy Schmidt,Consumer,Dakar,Dakar,Senegal,Africa,Africa
DB-36151,Doug Bickford,Consumer,Lusaka,Lusaka,Zambia,Africa,Africa
FM-143801,Fred McMath,Consumer,Xinshi,Hubei,China,North Asia,APAC
CM-121601,Charles McCrossin,Consumer,Beijing,Beijing,China,North Asia,APAC
MG-181451,Mike Gockenbach,Consumer,Seremban,Negeri Sembilan,Malaysia,Southeast Asia,APAC
EB-139303,Eric Barreto,Consumer,Progreso,Yucatán,Mexico,North,LATAM
KN-167051,Kristina Nunn,Home Office,Licheng,Jiangsu,China,North Asia,APAC
CP-120851,Cathy Prescott,Corporate,Yueyang,Hunan,China,North Asia,APAC
CM-118301,Cari MacIntyre,Corporate,Sanming,Fujian,China,North Asia,APAC
DB-34051,Denny Blanton,Consumer,Drobeta-Turnu Severin,Mehedinti,Romania,EMEA,EMEA
DW-35851,Dorothy Wardle,Corporate,Rabat,Rabat-Salé-Zemmour-Zaer,Morocco,Africa,Africa
BP-11852,Ben Peterman,Corporate,Jaworzno,Silesia,Poland,EMEA,EMEA
ON-87151,Odella Nelson,Corporate,Kinshasa,Kinshasa,Democratic Republic of the Congo,Africa,Africa
NP-186701,Nora Paige,Consumer,Canberra,Australian Capital Territory,Australia,Oceania,APAC
MM-182801,Muhammed MacIntyre,Corporate,Coimbatore,Tamil Nadu,India,Central Asia,APAC
KH-66903,Kristen Hastings,Corporate,Kharkiv,Kharkiv,Ukraine,EMEA,EMEA
MM-79202,Michael Moore,Consumer,An Nasiriyah,Dhi Qar,Iraq,EMEA,EMEA
CA-120551,Cathy Armstrong,Home Office,Herat,Hirat,Afghanistan,Central Asia,APAC
BF-110201,Barry Französisch,Corporate,Fatehpur,Rajasthan,India,Central Asia,APAC
KB-166001,Ken Brennan,Corporate,Wellington,Wellington,New Zealand,Oceania,APAC
MC-175901,Matt Collister,Corporate,Beijing,Beijing,China,North Asia,APAC
AO-108101,Anthony O'Donnell,Corporate,Agra,Uttar Pradesh,India,Central Asia,APAC
BB-15452,Brenda Bowman,Corporate,Jerusalem,Jerusalem,Israel,EMEA,EMEA
MM-72602,Magdelene Morse,Consumer,St. Catharines,Ontario,Canada,Canada,Canada
MM-80551,Michelle Moray,Consumer,Dakar,Dakar,Senegal,Africa,Africa
DD-135701,Dorothy Dickinson,Consumer,Hengyang,Hunan,China,North Asia,APAC
CA-22651,Christina Anderson,Consumer,Bur Sudan,Red Sea,Sudan,Africa,Africa
LW-72151,Luke Weiss,Consumer,Kigali,Kigali,Rwanda,Africa,Africa
MS-78302,Melanie Seite,Consumer,Riyadh,Ar Riyad,Saudi Arabia,EMEA,EMEA
AC-4501,Amy Cox,Consumer,Johannesburg,Gauteng,South Africa,Africa,Africa
MJ-77401,Max Jones,Consumer,Wad Madani,Gezira,Sudan,Africa,Africa
LO-71701,Lori Olson,Corporate,Yaounde,Centre,Cameroon,Africa,Africa
CV-128053,Cynthia Voltz,Corporate,Floridablanca,Santander,Colombia,South,LATAM
DB-31202,David Bremer,Corporate,Hamilton,Ontario,Canada,Canada,Canada
MY-73802,Maribeth Yedwab,Corporate,Riyadh,Ar Riyad,Saudi Arabia,EMEA,EMEA
DB-35552,Dorothy Badders,Corporate,Jeddah,Makkah,Saudi Arabia,EMEA,EMEA
CB-120251,Cassandra Brandow,Consumer,Baranagar,West Bengal,India,Central Asia,APAC
BK-12601,Berenike Kampe,Consumer,Misratah,Misratah,Libya,Africa,Africa
KW-164351,Katrina Willman,Consumer,Tongliao,Inner Mongolia,China,North Asia,APAC
SC-107703,Stewart Carmichael,Corporate,Zahedan,Sistan Va Baluchestan,Iran,EMEA,EMEA
JR-62102,Justin Ritter,Corporate,Dartmouth,Nova Scotia,Canada,Canada,Canada
MC-74252,Mark Cousins,Corporate,Chisinau,Chisinau,Moldova,EMEA,EMEA
KD-163453,Katherine Ducich,Consumer,Rio Grande,Rio Grande do Sul,Brazil,South,LATAM
DB-136603,Duane Benoit,Consumer,Bello,Antioquia,Colombia,South,LATAM
CC-126853,Craig Carroll,Consumer,Villa Nueva,Guatemala,Guatemala,Central,LATAM
CS-125051,Cindy Stewart,Consumer,Gorakhpur,Haryana,India,Central Asia,APAC
EG-139001,Emily Grady,Consumer,Bhavnagar,Gujarat,India,Central Asia,APAC
SC-204401,Shaun Chance,Corporate,Laiyang,Shandong,China,North Asia,APAC
MP-181751,Mike Pelletier,Home Office,Mudanjiang,Heilongjiang,China,North Asia,APAC
ER-138551,Elpida Rittenbach,Corporate,Zhanjiang,Guangdong,China,North Asia,APAC
PS-89702,Paul Stevenson,Home Office,Sibiu,Sibiu,Romania,EMEA,EMEA
DK-128351,Damala Kotsonis,Corporate,Meizhou,Guangdong,China,North Asia,APAC
PK-190751,Pete Kriz,Consumer,Jamnagar,Gujarat,India,Central Asia,APAC
LH-167501,Larry Hughes,Consumer,Beijing,Beijing,China,North Asia,APAC
RA-99151,Russell Applegate,Consumer,Lome,Maritime,Togo,Africa,Africa
AB-2553,Alejandro Ballentine,Home Office,Zahedan,Sistan Va Baluchestan,Iran,EMEA,EMEA
MV-74852,Mark Van Huff,Consumer,Chernihiv,Chernihiv,Ukraine,EMEA,EMEA
LH-69002,Lena Hernandez,Consumer,Osijek,Osjecko-Baranjska,Croatia,EMEA,EMEA
JD-58953,Jonathan Doherty,Corporate,Durres,Durrës,Albania,EMEA,EMEA
CJ-20102,Caroline Jumper,Consumer,Coquitlam,British Columbia,Canada,Canada,Canada
RD-199002,Ruben Dartt,Consumer,Naples,Campania,Italy,South,EU
BD-15001,Bradley Drucker,Consumer,Larache,Tanger-Tétouan,Morocco,Africa,Africa
SG-106052,Speros Goranitis,Consumer,Shiraz,Fars,Iran,EMEA,EMEA
MA-175601,Matt Abelman,Home Office,Bellary,Karnataka,India,Central Asia,APAC
JB-160451,Julia Barnett,Home Office,Bhiwandi,Maharashtra,India,Central Asia,APAC
DJ-35101,Don Jones,Corporate,Cairo,Al Qahirah,Egypt,Africa,Africa
GK-46202,Grace Kelly,Corporate,Rivne,Rivne,Ukraine,EMEA,EMEA
CB-24151,Christy Brittain,Consumer,Dakar,Dakar,Senegal,Africa,Africa
GM-145001,Gene McClure,Consumer,Jinan,Shandong,China,North Asia,APAC
IM-50701,Irene Maddox,Consumer,Westonaria,Gauteng,South Africa,Africa,Africa
JF-151903,Jamie Frazer,Consumer,Santiago,Santiago,Chile,South,LATAM
JS-158803,John Stevenson,Consumer,Apodaca,Nuevo León,Mexico,North,LATAM
PK-189101,Paul Knutson,Home Office,Pune,Maharashtra,India,Central Asia,APAC
JD-61501,Justin Deggeller,Corporate,Cape Town,Western Cape,South Africa,Africa,Africa
DP-130001,Darren Powers,Consumer,Kuala Lumpur,Kuala Lumpur,Malaysia,Southeast Asia,APAC
BT-13952,Bill Tyler,Corporate,Birobidzhan,Yevrey,Russia,EMEA,EMEA
TC-109801,Tamara Chand,Corporate,Johannesburg,Gauteng,South Africa,Africa,Africa
LH-71551,Logan Haushalter,Consumer,Edea,Littoral,Cameroon,Africa,Africa
MD-73503,Maribeth Dona,Consumer,Sari,Mazandaran,Iran,EMEA,EMEA
MO-75001,Mary O'Rourke,Consumer,Huambo,Huambo,Angola,Africa,Africa
EB-141101,Eugene Barchas,Consumer,Huainan,Anhui,China,North Asia,APAC
CR-27301,Craig Reiter,Consumer,Algiers,Alger,Algeria,Africa,Africa
PC-187451,Pamela Coakley,Corporate,Suzhou,Gansu,China,North Asia,APAC
RB-197053,Roger Barcio,Home Office,Soyapango,San Salvador,El Salvador,Central,LATAM
TT-214601,Tonja Turnell,Home Office,Ludhiana,Punjab,India,Central Asia,APAC
DH-136753,Duane Huffman,Home Office,Culiacán,Sinaloa,Mexico,North,LATAM
AJ-107801,Anthony Jacobs,Corporate,Tangshan,Hebei,China,North Asia,APAC
SW-204551,Shaun Weien,Consumer,Taipei,Taipei City,Taiwan,North Asia,APAC
SB-202901,Sean Braxton,Corporate,Aksu,Xinjiang Uygur,China,North Asia,APAC
SR-104253,Sharelle Roach,Home Office,Nikopol',Dnipropetrovs'k,Ukraine,EMEA,EMEA
MO-175001,Mary O'Rourke,Consumer,Matsudo,Chiba,Japan,North Asia,APAC
SJ-101251,Sanjit Jacobs,Home Office,Cairo,Al Qahirah,Egypt,Africa,Africa
TT-212203,Thomas Thornton,Consumer,Mixco,Guatemala,Guatemala,Central,LATAM
ES-40202,Erica Smith,Consumer,London,Ontario,Canada,Canada,Canada
FM-142151,Filia McAdams,Corporate,Seremban,Negeri Sembilan,Malaysia,Southeast Asia,APAC
HK-48903,Heather Kirkland,Corporate,Kryvyy Rih,Dnipropetrovs'k,Ukraine,EMEA,EMEA
JE-156103,Jim Epp,Corporate,Soyapango,San Salvador,El Salvador,Central,LATAM
GB-145753,Giulietta Baptist,Consumer,Valparaíso,Valparaíso,Chile,South,LATAM
MG-81451,Mike Gockenbach,Consumer,Lubumbashi,Katanga,Democratic Republic of the Congo,Africa,Africa
RB-96451,Robert Barroso,Corporate,Barika,Batna,Algeria,Africa,Africa
KH-66301,Ken Heidel,Corporate,Bamako,Bamako,Mali,Africa,Africa
EB-137501,Edward Becker,Corporate,Singapore,Singapore,Singapore,Southeast Asia,APAC
AB-101051,Adrian Barton,Consumer,Kochi,Kerala,India,Central Asia,APAC
CS-21302,Chad Sievert,Consumer,Edmonton,Alberta,Canada,Canada,Canada
EB-38701,Emily Burns,Consumer,Lome,Maritime,Togo,Africa,Africa
MZ-73352,Maria Zettner,Home Office,Riyadh,Ar Riyad,Saudi Arabia,EMEA,EMEA
AJ-7802,Anthony Jacobs,Corporate,Brampton,Ontario,Canada,Canada,Canada
NF-85951,Nicole Fjeld,Home Office,Algiers,Alger,Algeria,Africa,Africa
CC-26101,Corey Catlett,Corporate,Myslowice,Silesia,Poland,EMEA,EMEA
TH-111152,Thea Hudgings,Corporate,Saint-Laurent,Quebec,Canada,Canada,Canada
MM-72601,Magdelene Morse,Consumer,Pretoria,Gauteng,South Africa,Africa,Africa
MF-76652,Maureen Fritzler,Corporate,Kerman,Kerman,Iran,EMEA,EMEA
JE-57151,Joe Elijah,Consumer,Dakar,Dakar,Senegal,Africa,Africa
SZ-200351,Sam Zeldin,Home Office,Kalyan,Maharashtra,India,Central Asia,APAC
VF-217152,Vicky Freymann,Home Office,Grenoble,Rhône-Alpes,France,Central,EU
DB-132103,Dean Braden,Consumer,São Paulo,São Paulo,Brazil,South,LATAM
RP-98552,Roy Phan,Corporate,Riyadh,Ar Riyad,Saudi Arabia,EMEA,EMEA
DB-36602,Duane Benoit,Consumer,Buzau,Buzau,Romania,EMEA,EMEA
KT-164801,Kean Thornton,Consumer,Mangalore,Karnataka,India,Central Asia,APAC
LP-70802,Liz Pelletier,Consumer,Mykolayiv,Mykolayiv,Ukraine,EMEA,EMEA
AA-4803,Andrew Allen,Consumer,Luts'k,Volyn,Ukraine,EMEA,EMEA
GT-146351,Grant Thornton,Corporate,Bareilly,Uttar Pradesh,India,Central Asia,APAC
JO-152802,Jas O'Carroll,Consumer,Northampton,England,United Kingdom,North,EU
LC-169603,Lindsay Castell,Home Office,Goiânia,Goiás,Brazil,South,LATAM
TS-112051,Thomas Seio,Corporate,Ndola,Copperbelt,Zambia,Africa,Africa
DB-133601,Dennis Bolton,Home Office,Kota Kinabalu,Sabah,Malaysia,Southeast Asia,APAC
LS-169453,Linda Southworth,Corporate,Bayamo,Granma,Cuba,Caribbean,LATAM
SM-203201,Sean Miller,Home Office,Hyderabad,Telangana,India,Central Asia,APAC
RH-194951,Rick Hansen,Consumer,Shangzhi,Heilongjiang,China,North Asia,APAC
PM-191351,Peter McVee,Home Office,Fengcheng,Liaoning,China,North Asia,APAC
LH-69001,Lena Hernandez,Consumer,Luanda,Luanda,Angola,Africa,Africa
NL-83101,Nancy Lomonaco,Home Office,Asyut,Asyut,Egypt,Africa,Africa
MA-79952,Michelle Arnett,Home Office,Vaughan,Ontario,Canada,Canada,Canada
GW-46052,Giulietta Weimer,Consumer,Malayer,Hamadan,Iran,EMEA,EMEA
JM-58652,John Murray,Consumer,Ottawa,Ontario,Canada,Canada,Canada
JS-55952,Jill Stevenson,Corporate,Montréal,Quebec,Canada,Canada,Canada
NB-185801,Nicole Brennan,Corporate,Phnom Penh,Phnom Penh,Cambodia,Southeast Asia,APAC
FA-42302,Frank Atkinson,Corporate,Donets'k,Donetsk,Ukraine,EMEA,EMEA
PM-91352,Peter McVee,Home Office,Tehran,Tehran,Iran,EMEA,EMEA
BE-14551,Brad Eason,Home Office,Huambo,Huambo,Angola,Africa,Africa
PP-89552,Paul Prost,Home Office,Bryansk,Bryansk,Russia,EMEA,EMEA
ZD-219253,Zuschuss Donatelli,Consumer,Rondonópolis,Mato Grosso,Brazil,South,LATAM
HA-49051,Helen Abelman,Consumer,Centurion,Gauteng,South Africa,Africa,Africa
PM-189401,Paul MacIntyre,Consumer,Huadian,Jilin,China,North Asia,APAC
NR-185501,Nick Radford,Consumer,Zhaoqing,Guangdong,China,North Asia,APAC
MC-78452,Michael Chen,Consumer,Katowice,Silesia,Poland,EMEA,EMEA
JE-161651,Justin Ellison,Corporate,Upper Hutt,Wellington,New Zealand,Oceania,APAC
RH-94951,Rick Hansen,Consumer,Dakar,Dakar,Senegal,Africa,Africa
SC-102302,Scot Coram,Corporate,Elbasan,Elbasan,Albania,EMEA,EMEA
KM-62252,Kalyca Meade,Corporate,Zagreb,Grad Zagreb,Croatia,EMEA,EMEA
GH-144101,Gary Hansen,Home Office,Faridabad,Haryana,India,Central Asia,APAC
LE-168103,Laurel Elliston,Consumer,Culiacán,Sinaloa,Mexico,North,LATAM
PC-90002,Pauline Chand,Home Office,Quebec,Quebec,Canada,Canada,Canada
KB-65851,Ken Black,Corporate,Mosul,Ninawa,Iraq,EMEA,EMEA
JR-57002,Jocasta Rupert,Consumer,Baku,Baki,Azerbaijan,EMEA,EMEA
PS-87601,Pamela Stobb,Consumer,Kikwit,Bandundu,Democratic Republic of the Congo,Africa,Africa
KT-64802,Kean Thornton,Consumer,Jerusalem,Jerusalem,Israel,EMEA,EMEA
DB-132703,Deborah Brumfield,Home Office,Quetzaltenango,Quezaltenango,Guatemala,Central,LATAM
AS-106303,Ann Steele,Home Office,Montevideo,Montevideo,Uruguay,South,LATAM
KB-66002,Ken Brennan,Corporate,Markham,Ontario,Canada,Canada,Canada
JG-58051,John Grady,Corporate,East London,Eastern Cape,South Africa,Africa,Africa
JM-56553,Jim Mitchum,Corporate,Chorzow,Silesia,Poland,EMEA,EMEA
GT-47552,Guy Thornton,Consumer,Montréal,Quebec,Canada,Canada,Canada
JH-54302,Jennifer Halladay,Consumer,Mississauga,Ontario,Canada,Canada,Canada
JC-157753,John Castell,Consumer,San Salvador,San Salvador,El Salvador,Central,LATAM
EM-39602,Eric Murdock,Consumer,Quebec,Quebec,Canada,Canada,Canada
EB-138704,Emily Burns,Consumer,Orem,Utah,United States,West,US
TS-215054,Tony Sayre,Consumer,Clovis,New Mexico,United States,West,US
ML-180404,Michelle Lonsdale,Corporate,Albuquerque,New Mexico,United States,West,US
JD-157904,John Dryer,Consumer,Belleville,New Jersey,United States,East,US
CM-121604,Charles McCrossin,Consumer,Baltimore,Maryland,United States,East,US
KN-164504,Kean Nguyen,Corporate,Baltimore,Maryland,United States,East,US
PB-192104,Phillip Breyer,Corporate,Tulsa,Oklahoma,United States,Central,US
BE-114104,Bobby Elias,Consumer,Appleton,Wisconsin,United States,Central,US
TB-215954,Troy Blackwell,Consumer,Milwaukee,Wisconsin,United States,Central,US
CH-120704,Cathy Hwang,Home Office,Detroit,Michigan,United States,Central,US
PJ-190154,Pauline Johnson,Consumer,Mobile,Alabama,United States,South,US
EH-141854,Evan Henry,Consumer,Decatur,Alabama,United States,South,US
NB-185804,Nicole Brennan,Corporate,Bossier City,Louisiana,United States,South,US
AF-108854,Art Foster,Consumer,Louisville,Kentucky,United States,South,US
CG-125204,Claire Gute,Consumer,Henderson,Kentucky,United States,South,US
CC-126104,Corey Catlett,Corporate,Springfield,Virginia,United States,South,US
JG-151154,Jack Garza,Consumer,Des Moines,Washington,United States,West,US
TG-213104,Toby Gnade,Consumer,Des Moines,Washington,United States,West,US
HM-149804,Henry MacAllister,Consumer,Seattle,Washington,United States,West,US
ML-182654,Muhammed Lee,Consumer,Seattle,Washington,United States,West,US
DP-131654,David Philippe,Consumer,New York City,New York,United States,East,US
MO-175004,Mary O'Rourke,Consumer,New York City,New York,United States,East,US
LH-170204,Lisa Hazard,Consumer,San Francisco,California,United States,West,US
MS-178304,Melanie Seite,Consumer,Los Angeles,California,United States,West,US
MG-181454,Mike Gockenbach,Consumer,Los Angeles,California,United States,West,US
SP-205452,Sibella Parks,Corporate,Nogent-sur-Oise,Picardy,France,Central,EU
CG-20402,Catherine Glotzbach,Home Office,Kartal,Istanbul,Turkey,EMEA,EMEA
PR-88803,Patrick Ryan,Consumer,Gebze,Kocaeli,Turkey,EMEA,EMEA
EH-37652,Edward Hooks,Corporate,Tarsus,Mersin,Turkey,EMEA,EMEA
LO-71702,Lori Olson,Corporate,Adana,Adana,Turkey,EMEA,EMEA
JE-56102,Jim Epp,Corporate,Kayseri,Kayseri,Turkey,EMEA,EMEA
TB-116252,Trudy Brown,Consumer,Konya,Konya,Turkey,EMEA,EMEA
PK-90752,Pete Kriz,Consumer,Istanbul,Istanbul,Turkey,EMEA,EMEA
TD-109953,Tamara Dahlen,Consumer,Izmir,Izmir,Turkey,EMEA,EMEA
AS-452,Aaron Smayling,Corporate,Bagcilar,Istanbul,Turkey,EMEA,EMEA
SB-101702,Sarah Bern,Consumer,Sincan,Ankara,Turkey,EMEA,EMEA
SC-104402,Shaun Chance,Corporate,Ankara,Ankara,Turkey,EMEA,EMEA
JG-58052,John Grady,Corporate,Menemen,Izmir,Turkey,EMEA,EMEA
DW-35403,Don Weiss,Consumer,Adiyaman,Adiyaman,Turkey,EMEA,EMEA
JH-54303,Jennifer Halladay,Consumer,Duzce,Düzce,Turkey,EMEA,EMEA
DB-32102,Dean Braden,Consumer,Ankara,Ankara,Turkey,EMEA,EMEA
MJ-77402,Max Jones,Consumer,Ankara,Ankara,Turkey,EMEA,EMEA
RD-98102,Ross DeVincentis,Home Office,Istanbul,Istanbul,Turkey,EMEA,EMEA
MG-78901,Michael Granlund,Home Office,Istanbul,Istanbul,Turkey,EMEA,EMEA
AJ-9602,Astrea Jones,Consumer,Istanbul,Istanbul,Turkey,EMEA,EMEA
BC-11252,Becky Castell,Home Office,Istanbul,Istanbul,Turkey,EMEA,EMEA
AH-1951,Alan Haines,Corporate,Lagos,Lagos,Nigeria,Africa,Africa
EM-38251,Elizabeth Moffitt,Corporate,Lagos,Lagos,Nigeria,Africa,Africa
TD-109951,Tamara Dahlen,Consumer,Warri,Delta,Nigeria,Africa,Africa
PR-88801,Patrick Ryan,Consumer,Calabar,Cross River,Nigeria,Africa,Africa
CB-25351,Claudia Bergmann,Corporate,Benin City,Edo,Nigeria,Africa,Africa
RF-98401,Roy Französisch,Consumer,Kano,Kano,Nigeria,Africa,Africa
JD-57901,John Dryer,Consumer,Jos,Plateau,Nigeria,Africa,Africa
GD-45901,Giulietta Dortch,Corporate,Kaduna,Kaduna,Nigeria,Africa,Africa
DO-36451,Doug O'Connell,Consumer,Lagos,Lagos,Nigeria,Africa,Africa
DF-31352,David Flashing,Consumer,Sarkand,Almaty,Kazakhstan,EMEA,EMEA
SC-106952,Steve Chapman,Corporate,Pavlodar,Pavlodar,Kazakhstan,EMEA,EMEA
ML-80403,Michelle Lonsdale,Corporate,Kaunas,Kaunas,Lithuania,EMEA,EMEA
CG-120402,Catherine Glotzbach,Home Office,Dublin,Dublin,Ireland,North,EU
BG-116952,Brooke Gillingham,Corporate,Spijkenisse,South Holland,Netherlands,Central,EU
TT-212652,Tim Taslimi,Corporate,London,England,United Kingdom,North,EU
RF-197351,Roland Fjeld,Consumer,Rawalpindi,Punjab,Pakistan,Central Asia,APAC
SC-202601,Scott Cohen,Corporate,Bahawalpur,Punjab,Pakistan,Central Asia,APAC
JL-158501,John Lucas,Consumer,Auckland,Auckland,New Zealand,Oceania,APAC
KL-166451,Ken Lonsdale,Consumer,Nelson,Nelson,New Zealand,Oceania,APAC
SB-201851,Sarah Brown,Consumer,Changwon,Gyeongsangnam,South Korea,North Asia,APAC
CM-118151,Candace McMahon,Corporate,Lahore,Punjab,Pakistan,Central Asia,APAC
SF-209651,Sylvia Foulston,Corporate,Chuncheon,Gangwon,South Korea,North Asia,APAC
RM-196751,Robert Marley,Home Office,Bacoor,Calabarzon,Philippines,Southeast Asia,APAC
EM-140951,Eudokia Martin,Corporate,Da Nang,Dà Nang,Vietnam,Southeast Asia,APAC
RB-196451,Robert Barroso,Corporate,Manila,National Capital,Philippines,Southeast Asia,APAC
TB-212801,Toby Braunhardt,Consumer,Bogor,Jawa Barat,Indonesia,Southeast Asia,APAC
JL-151751,James Lanier,Home Office,Kendari,Sulawesi Tenggara,Indonesia,Southeast Asia,APAC
JP-155201,Jeremy Pistek,Consumer,Jakarta,Jakarta,Indonesia,Southeast Asia,APAC
NC-185353,Nick Crebassa,Corporate,Caracas,Distrito Capital,Venezuela,South,LATAM
MH-181153,Mick Hernandez,Home Office,Panama City,Panama,Panama,Central,LATAM
JM-155353,Jessica Myrick,Consumer,Guarenas,Miranda,Venezuela,South,LATAM
HZ-149503,Henia Zydlo,Consumer,León,Guanajuato,Mexico,North,LATAM
RA-98851,Ruben Ausman,Corporate,Kaduna,Kaduna,Nigeria,Africa,Africa
PB-88051,Patrick Bzostek,Home Office,Ugep,Cross River,Nigeria,Africa,Africa
LD-70051,Lisa DeCherney,Consumer,Kano,Kano,Nigeria,Africa,Africa
TG-113101,Toby Gnade,Consumer,Lagos,Lagos,Nigeria,Africa,Africa
NB-186553,Nona Balk,Corporate,Santo Domingo,Santo Domingo,Dominican Republic,Caribbean,LATAM
CG-20401,Catherine Glotzbach,Home Office,Bulawayo,Bulawayo,Zimbabwe,Africa,Africa
PH-187902,Patricia Hirasaki,Home Office,Amiens,Picardy,France,Central,EU
KH-166301,Ken Heidel,Corporate,Yangon,Yangon,Myanmar (Burma),Southeast Asia,APAC
JK-152051,Jamie Kunitz,Consumer,Bangkok,Bangkok,Thailand,Southeast Asia,APAC
MM-180551,Michelle Moray,Consumer,Manila,National Capital,Philippines,Southeast Asia,APAC
BW-110651,Barry Weirich,Consumer,Lahore,Punjab,Pakistan,Central Asia,APAC
JK-156401,Jim Kriz,Home Office,Jakarta,Jakarta,Indonesia,Southeast Asia,APAC
Dl-136003,Dorris liebe,Corporate,El Progreso,Yoro,Honduras,Central,LATAM
BB-115451,Brenda Bowman,Corporate,Manukau City,Auckland,New Zealand,Oceania,APAC
DL-34952,Dionis Lloyd,Corporate,Bursa,Bursa,Turkey,EMEA,EMEA
MA-79953,Michelle Arnett,Home Office,Nigde,Nigde,Turkey,EMEA,EMEA
JS-60303,Joy Smith,Consumer,Diyarbakir,Diyarbakir,Turkey,EMEA,EMEA
BS-17552,Bruce Stewart,Consumer,Aydin,Aydin,Turkey,EMEA,EMEA
CC-26852,Craig Carroll,Consumer,Antalya,Antalya,Turkey,EMEA,EMEA
BF-10202,Barry Französisch,Corporate,Diyarbakir,Diyarbakir,Turkey,EMEA,EMEA
DS-31802,David Smith,Corporate,Nevsehir,Nevsehir,Turkey,EMEA,EMEA
SS-108752,Sung Shariari,Consumer,Ordu,Ordu,Turkey,EMEA,EMEA
HG-49653,Henry Goldwyn,Corporate,Van,Van,Turkey,EMEA,EMEA
CB-25352,Claudia Bergmann,Corporate,Izmir,Izmir,Turkey,EMEA,EMEA
BO-13502,Bill Overfelt,Corporate,Igdir,Igdir,Turkey,EMEA,EMEA
VF-117152,Vicky Freymann,Home Office,Silivri,Istanbul,Turkey,EMEA,EMEA
WB-118502,William Brown,Consumer,Istanbul,Istanbul,Turkey,EMEA,EMEA
CS-19503,Carlos Soltero,Consumer,Istanbul,Istanbul,Turkey,EMEA,EMEA
GM-44552,Gary Mitchum,Home Office,Istanbul,Istanbul,Turkey,EMEA,EMEA
RB-93602,Raymond Buch,Consumer,Diyarbakir,Diyarbakir,Turkey,EMEA,EMEA
BG-10351,Barry Gonzalez,Consumer,Panevezys,Panevezys,Lithuania,EMEA,EMEA
PB-92101,Phillip Breyer,Corporate,Dar es Salaam,Dar Es Salaam,Tanzania,Africa,Africa
PK-189102,Paul Knutson,Home Office,Halle,Saxony-Anhalt,Germany,Central,EU
GA-145151,George Ashbrook,Consumer,Las Pinas,National Capital,Philippines,Southeast Asia,APAC
VP-117301,Victor Preis,Home Office,Lagos,Lagos,Nigeria,Africa,Africa
RE-194503,Richard Eichhorn,Consumer,Santo Domingo,Santo Domingo,Dominican Republic,Caribbean,LATAM
NS-185051,Neola Schneider,Consumer,Hanoi,Thủ Dô Hà Nội,Vietnam,Southeast Asia,APAC
NB-185802,Nicole Brennan,Corporate,Birmingham,England,United Kingdom,North,EU
TB-110551,Ted Butterfield,Consumer,Kano,Kano,Nigeria,Africa,Africa
LS-69753,Lindsay Shagiari,Home Office,Mersin,Mersin,Turkey,EMEA,EMEA
AH-4652,Amy Hunt,Consumer,Akhisar,Manisa,Turkey,EMEA,EMEA
JS-55953,Jill Stevenson,Corporate,Aksaray,Aksaray,Turkey,EMEA,EMEA
AC-104503,Amy Cox,Consumer,Santo Domingo,Santo Domingo,Dominican Republic,Caribbean,LATAM
SS-108751,Sung Shariari,Consumer,Lagos,Lagos,Nigeria,Africa,Africa
BD-17702,Bryan Davis,Consumer,Trabzon,Trabzon,Turkey,EMEA,EMEA
JW-59552,Joni Wasserman,Consumer,Istanbul,Istanbul,Turkey,EMEA,EMEA
DG-33002,Deirdre Greer,Corporate,Sincan,Ankara,Turkey,EMEA,EMEA
RH-196001,Rob Haberlin,Consumer,Ho Chi Minh City,Ho Chí Minh City,Vietnam,Southeast Asia,APAC
AZ-107501,Annie Zypern,Consumer,Wuhan,Hubei,China,North Asia,APAC
TT-212201,Thomas Thornton,Consumer,Yangon,Yangon,Myanmar (Burma),Southeast Asia,APAC
AA-104801,Andrew Allen,Consumer,Bangkok,Bangkok,Thailand,Southeast Asia,APAC
BT-114401,Bobby Trafton,Consumer,Denpasar,Bali,Indonesia,Southeast Asia,APAC
BF-10052,Barry Franz,Home Office,Almaty,Almaty City,Kazakhstan,EMEA,EMEA
ZC-119101,Zuschuss Carroll,Consumer,Maiduguri,Borno,Nigeria,Africa,Africa
CK-22051,Chloris Kastensmidt,Consumer,Lagos,Lagos,Nigeria,Africa,Africa
KE-64202,Katrina Edelman,Corporate,Istanbul,Istanbul,Turkey,EMEA,EMEA
LH-70202,Lisa Hazard,Consumer,Usak,Usak,Turkey,EMEA,EMEA
BH-117101,Brosina Hoffman,Consumer,Padang,Sumatera Barat,Indonesia,Southeast Asia,APAC
MH-176201,Matt Hagelstein,Corporate,Purwokerto,Jawa Tengah,Indonesia,Southeast Asia,APAC
CS-123551,Christine Sundaresam,Consumer,Dumai,Riau,Indonesia,Southeast Asia,APAC
KM-62251,Kalyca Meade,Corporate,Lagos,Lagos,Nigeria,Africa,Africa
NL-83102,Nancy Lomonaco,Home Office,Uskudar,Istanbul,Turkey,EMEA,EMEA
AD-1802,Alan Dominguez,Home Office,Elazig,Elazig,Turkey,EMEA,EMEA
MP-174701,Mark Packer,Home Office,Seoul,Seoul,South Korea,North Asia,APAC
SZ-200352,Sam Zeldin,Home Office,Toulouse,Midi-Pyrénées,France,Central,EU
AH-1202,Adrian Hane,Home Office,Pavlodar,Pavlodar,Kazakhstan,EMEA,EMEA
BT-113051,Beth Thompson,Home Office,Manila,National Capital,Philippines,Southeast Asia,APAC
KN-64502,Kean Nguyen,Corporate,Istanbul,Istanbul,Turkey,EMEA,EMEA
GZ-45451,George Zrebassa,Corporate,Lagos,Lagos,Nigeria,Africa,Africa
MC-176051,Matt Connell,Corporate,Medan,Sumatera Utara,Indonesia,Southeast Asia,APAC
HR-48302,Harold Ryan,Corporate,Izmir,Izmir,Turkey,EMEA,EMEA
AO-8101,Anthony O'Donnell,Corporate,Minna,Niger,Nigeria,Africa,Africa
JC-61051,Julie Creighton,Corporate,Lagos,Lagos,Nigeria,Africa,Africa
PO-88653,Patrick O'Donnell,Consumer,Ajman,'Ajman,United Arab Emirates,EMEA,EMEA
TS-115052,Tony Sayre,Consumer,Almaty,Almaty City,Kazakhstan,EMEA,EMEA
TM-110102,Tamara Manning,Consumer,Kulob,Khatlon,Tajikistan,EMEA,EMEA
TZ-215801,Tracy Zic,Consumer,Mumbai,Maharashtra,India,Central Asia,APAC
IM-150551,Ionia McGrath,Consumer,Ulsan,Ulsan,South Korea,North Asia,APAC
SV-109351,Susan Vittorini,Consumer,Ilesha,Osun,Nigeria,Africa,Africa
SC-108001,Stuart Calhoun,Consumer,Benin City,Edo,Nigeria,Africa,Africa
FM-43801,Fred McMath,Consumer,Kaduna,Kaduna,Nigeria,Africa,Africa
NC-84151,Nathan Cano,Consumer,Kano,Kano,Nigeria,Africa,Africa
DK-29851,Darren Koutras,Consumer,Kano,Kano,Nigeria,Africa,Africa
DW-35401,Don Weiss,Consumer,Ibadan,Oyo,Nigeria,Africa,Africa
CM-22351,Chris McAfee,Consumer,Lagos,Lagos,Nigeria,Africa,Africa
EP-139153,Emily Phan,Consumer,Monterrey,Nuevo León,Mexico,North,LATAM
EP-39152,Emily Phan,Consumer,Adana,Adana,Turkey,EMEA,EMEA
FH-43502,Fred Harton,Consumer,Mersin,Mersin,Turkey,EMEA,EMEA
KD-62701,Karen Daniels,Consumer,Izmir,Izmir,Turkey,EMEA,EMEA
LC-68853,Lena Creighton,Consumer,Adana,Adana,Turkey,EMEA,EMEA
DN-36903,Duane Noonan,Consumer,Eskisehir,Eskisehir,Turkey,EMEA,EMEA
TC-112953,Toby Carlisle,Consumer,Konya,Konya,Turkey,EMEA,EMEA
EH-39902,Erica Hackney,Consumer,Ankara,Ankara,Turkey,EMEA,EMEA
JK-60903,Juliana Krohn,Consumer,Konya,Konya,Turkey,EMEA,EMEA
DP-31652,David Philippe,Consumer,Istanbul,Istanbul,Turkey,EMEA,EMEA
CS-21303,Chad Sievert,Consumer,Istanbul,Istanbul,Turkey,EMEA,EMEA
TS-210851,Thais Sissman,Consumer,Depok,Jawa Barat,Indonesia,Southeast Asia,APAC
SV-109352,Susan Vittorini,Consumer,Tangerang,Jawa Barat,Indonesia,Southeast Asia,APAC
LP-170801,Liz Pelletier,Consumer,Jakarta,Jakarta,Indonesia,Southeast Asia,APAC
RA-199451,Ryan Akin,Consumer,Bangkok,Bangkok,Thailand,Southeast Asia,APAC
AG-106751,Anna Gayman,Consumer,Bacoor,Calabarzon,Philippines,Southeast Asia,APAC
LW-171251,Liz Willingham,Consumer,Manila,National Capital,Philippines,Southeast Asia,APAC
MH-180251,Michelle Huthwaite,Consumer,Adelaide,South Australia,Australia,Oceania,APAC
DB-129701,Darren Budd,Corporate,Mandurah,Western Australia,Australia,Oceania,APAC
MO-179501,Michael Oakman,Consumer,Sydney,New South Wales,Australia,Oceania,APAC
JL-151304,Jack Lebron,Consumer,Houston,Texas,United States,Central,US
PT-190904,Pete Takahito,Consumer,Houston,Texas,United States,Central,US
AC-104204,Alyssa Crouse,Corporate,Houston,Texas,United States,Central,US
EB-137054,Ed Braxton,Corporate,Houston,Texas,United States,Central,US
VS-218204,Vivek Sundaresam,Consumer,Huntsville,Texas,United States,Central,US
RD-199304,Russell D'Ascenzo,Consumer,Dallas,Texas,United States,Central,US
GH-144854,Gene Hale,Corporate,Dallas,Texas,United States,Central,US
TP-215654,Tracy Poddar,Corporate,Grand Prairie,Texas,United States,Central,US
SJ-202154,Sarah Jordon,Consumer,Grand Prairie,Texas,United States,Central,US
GH-146654,Greg Hansen,Consumer,Round Rock,Texas,United States,Central,US
MO-179504,Michael Oakman,Consumer,Dallas,Texas,United States,Central,US
RB-193304,Randy Bradley,Consumer,Austin,Texas,United States,Central,US
AH-101954,Alan Haines,Corporate,Bethlehem,Pennsylvania,United States,East,US
VT-217004,Valerie Takahito,Home Office,Philadelphia,Pennsylvania,United States,East,US
JH-161804,Justin Hirsh,Consumer,Philadelphia,Pennsylvania,United States,East,US
LH-167504,Larry Hughes,Consumer,Philadelphia,Pennsylvania,United States,East,US
BP-112904,Beth Paige,Consumer,Philadelphia,Pennsylvania,United States,East,US
JS-155954,Jill Stevenson,Corporate,Chicago,Illinois,United States,Central,US
MG-176804,Maureen Gastineau,Home Office,Mentor,Ohio,United States,East,US
SM-209054,Susan MacKendrick,Consumer,Newark,Ohio,United States,East,US
JH-154304,Jennifer Halladay,Consumer,Cleveland,Ohio,United States,East,US
TS-210854,Thais Sissman,Consumer,Phoenix,Arizona,United States,West,US
MG-182054,Mitch Gastineau,Corporate,Jacksonville,Florida,United States,South,US
RH-195554,Ritsa Hightower,Consumer,Tallahassee,Florida,United States,South,US
EB-139754,Erica Bern,Corporate,Greensboro,North Carolina,United States,South,US
SH-206354,Stefanie Holloman,Corporate,Jackson,Tennessee,United States,South,US
CM-119354,Carlos Meador,Consumer,Fayetteville,North Carolina,United States,South,US
SC-208454,Sung Chung,Consumer,Louisville,Colorado,United States,West,US
LD-168554,Lela Donovan,Corporate,Chicago,Illinois,United States,Central,US
RE-194054,Ricardo Emerson,Consumer,Kent,Ohio,United States,East,US
PH-187904,Patricia Hirasaki,Home Office,Lakeland,Florida,United States,South,US
JR-157004,Jocasta Rupert,Consumer,Jacksonville,Florida,United States,South,US
CJ-118754,Carl Jackson,Corporate,Philadelphia,Pennsylvania,United States,East,US
AO-108104,Anthony O'Donnell,Corporate,Los Angeles,California,United States,West,US
